09-17 22:00:58.811 11692 11692 I C02C11/appspawn/APPSPAWN: AppSpawnChild id 19856 flags:0xc
09-17 22:00:58.812 11692 11692 I C02C02/PARAM: ResetParamSecurityLabel Fd:20
09-17 22:00:58.813 11692 11692 I C02D33/com.shusen.lprdemo/HitraceOption: FilterAppTrace com.shusen.lprdemo 11692
09-17 22:00:58.831 11692 11692 W C02C11/com.shusen.lprdemo/APPSPAWN: errno:13 private mount to /mnt/sandbox/100/com.shusen.lprdemo/chip_prod/lib64/passthrough '524288' failed
09-17 22:00:58.833 11692 11692 W C02C11/com.shusen.lprdemo/APPSPAWN: check dir /data/app/el1/public/aot_compiler/ark_cache/com.shusen.lprdemo failed,strerror:No such file or directory
09-17 22:00:58.837 11692 11692 W C02C11/com.shusen.lprdemo/APPSPAWN: errno:2 bind mount /data/preload/app to /mnt/sandbox/100/com.shusen.lprdemo/data/preload/app
09-17 22:00:58.849 11692 11692 E C05A06/com.shusen.lprdemo/CODE_SIGN: [XpmIoctl]:Ioctl cmd 40087803 failed: Invalid argument (ignore)
09-17 22:00:58.861 11692 11692 I C05A03/com.shusen.lprdemo/Selinux: Hap type for com.shusen.lprdemo is changing from u:r:appspawn:s0 to o:r:debug_hap:s0:x167,x335,x512,x868,x1024
09-17 22:00:58.861 11692 11692 I C05A03/com.shusen.lprdemo/Selinux: Hap setcon finish for com.shusen.lprdemo
09-17 22:00:58.869 11692 11692 I C05A05/com.shusen.lprdemo/SecCompEnhanceClient: [RegisterCheckCallback]Register secComp: sessionId=3749622694, seqNum=******082.
09-17 22:00:58.869 11692 11907 W C057C1/com.shusen.lprdemo/IPCWorkThread: ThreadHandler: proto:0 policy:1 name:OS_IPC_0_11907 invoker:3886178944
09-17 22:00:58.870 11692 11911 W C057C1/com.shusen.lprdemo/IPCWorkThread: ThreadHandler: proto:0 policy:0 name:OS_IPC_1_11911 invoker:3789934464
09-17 22:00:58.872 11692 11692 I C02D0B/com.shusen.lprdemo/HICHECKER: hichecker param is empty.
09-17 22:00:58.872 11692 11692 I C04500/com.shusen.lprdemo/webview: SelectWebcoreBeforeProcessRun: SelectWebcoreBeforeProcessRun for app com.shusen.lprdemo.
09-17 22:00:58.873 11692 11692 I C01317/com.shusen.lprdemo/AppKit: [MTHRD3220]mainthread start, pid:11692
09-17 22:00:58.874 11692 11913 I C02D06/com.shusen.lprdemo/XCollie: init default task finished.
09-17 22:00:58.878 11692 11692 I C01317/com.shusen.lprdemo/AppKit: [MTHRD431]attach
09-17 22:00:58.895 11692 11926 W C057C1/com.shusen.lprdemo/IPCWorkThread: ThreadHandler: proto:0 policy:0 name:OS_IPC_2_11926 invoker:3793751168
09-17 22:00:58.896 11692 11927 W C057C1/com.shusen.lprdemo/IPCWorkThread: ThreadHandler: proto:0 policy:0 name:OS_IPC_3_11927 invoker:3886190464
09-17 22:00:58.897 11692 11907 I C01317/com.shusen.lprdemo/AppKit: [MTHRD825]ScheduleLaunchAbility called, ability EntryAbility, type is 1.
09-17 22:00:58.901 11692 11692 I C03900/com.shusen.lprdemo/ACE_UIContent: [69]AceForwardCompatibility [com.shusen.lprdemo] force:1 newpipe:1
09-17 22:00:58.909 11692 11692 I C01317/com.shusen.lprdemo/AppKit: [MTHRD1813]SmartGC: process is start. enable warm startup SmartGC: 0
09-17 22:00:58.910 11692 11692 I C03F00/com.shusen.lprdemo/ArkCompiler: [ecmascript] asmint: 1, aot: 0, jit: 1, baseline jit: 0, bundle name: com.shusen.lprdemo, arkTSMode: dynamic
09-17 22:00:58.913 11692 11692 I C03F00/com.shusen.lprdemo/ArkCompiler: [ecmascript] multi-thread check enabled: 0
09-17 22:00:58.913 11692 11692 I C03F00/com.shusen.lprdemo/ArkCompiler: [pgo] reset pgo profiler, pgo profiler is disabled
09-17 22:00:58.914 11692 11692 I C03301/com.shusen.lprdemo/LIBUV: clean up handles in loop(5280)
09-17 22:00:58.914 11692 11692 I C03301/com.shusen.lprdemo/LIBUV: loop:(5280) closed in 0s
09-17 22:00:58.914 11692 11692 I C03301/com.shusen.lprdemo/LIBUV: close:5280, async_io_wfd:17
09-17 22:00:58.914 11692 11692 I C03301/com.shusen.lprdemo/LIBUV: close:5280, backend_fd:11
09-17 22:00:58.914 11692 11692 I C03301/com.shusen.lprdemo/LIBUV: init:3088
09-17 22:00:58.914 11692 11692 I C03301/com.shusen.lprdemo/LIBUV: init:3088, backend_fd:11
09-17 22:00:58.914 11692 11692 I C03301/com.shusen.lprdemo/LIBUV: open:3088, pipefd[0]:17
09-17 22:00:58.914 11692 11692 I C03F00/com.shusen.lprdemo/ArkCompiler: [ecmascript] can not find aot file
09-17 22:00:58.917 11692 11936 E C01707/com.shusen.lprdemo/CONCUR: [Interface] task 11936 apply qos failed, errno = 1
09-17 22:00:58.940 11692 11692 I C03F00/com.shusen.lprdemo/ArkCompiler: StartServer, componentName = <private>
09-17 22:00:58.940 11692 11692 W C01321/com.shusen.lprdemo/JsRuntime: [CSM161]not Connected
09-17 22:00:58.940 11692 11692 I C03F00/com.shusen.lprdemo/ArkCompiler: [ecmascript] JSNApi::NotifyDebugMode, tid = 11692, debugApp = 1, isDebugMode = 0, instanceId = 0
09-17 22:00:58.943 11692 11692 I C03F00/com.shusen.lprdemo/ArkCompiler: [compiler] __jit_debug_register_code() is called.
09-17 22:00:58.943 11692 11692 I C03F00/com.shusen.lprdemo/ArkCompiler: [compiler] success to register stub.an to debugger.
09-17 22:00:58.944 11692 11692 W C01E00/com.shusen.lprdemo/ResourceManager: update userId, currentUserId_= 0, userId= 100
09-17 22:00:58.946 11692 11935 I C01317/com.shusen.lprdemo/AppKit: [DRH393]File existed. dir: /data/storage/el2/base/cache/rawheap
09-17 22:00:58.946 11692 11935 I C01317/com.shusen.lprdemo/AppKit: [DRH373]success to create /data/storage/el2/base/cache/rawheap
09-17 22:00:58.948 11692 11932 W C01653/com.shusen.lprdemo/NativePreferences: LoadFromDisk: The settingXml /***/el1/***/i18*** load failed.
09-17 22:00:58.949 11692 11692 E C01301/com.shusen.lprdemo/CompatiblePolicyDeviceType: [calculateResourceType:81]deviceType is empty.
09-17 22:00:58.950 11692 11692 I C01317/com.shusen.lprdemo/AppKit: [application_cleaner.cpp94]ClearTempData
09-17 22:00:58.952 11692 11692 I C01317/com.shusen.lprdemo/AppKit: [MTHRD2688]NotifyApplicationPreAbilityCreate
09-17 22:00:58.956 11692 11692 I C01317/com.shusen.lprdemo/AppKit: [JAS193]LoadModule
09-17 22:00:58.956 11692 11692 W C01317/com.shusen.lprdemo/AppKit: [JAS966]null stage
09-17 22:00:58.956 11692 11692 W C01317/com.shusen.lprdemo/AppKit: [JAS236]Not found AbilityStage.js
09-17 22:00:58.956 11692 11692 I C01317/com.shusen.lprdemo/AppKit: [OH_APP424]OnAboutToCreateAbility
09-17 22:00:58.956 11692 11692 W C01317/com.shusen.lprdemo/AppKit: [JAS331]Not found AbilityStage.js
09-17 22:00:58.958 11692 11692 I C03F00/com.shusen.lprdemo/ArkCompiler: [ecmascript] start to execute module buffer with secure memory: /data/storage/el1/bundle/entry/ets/entryability/EntryAbility.abc
09-17 22:00:58.959 11692 11692 I C01320/com.shusen.lprdemo/JsEnv: [JSENV299]timing: 1
09-17 22:00:58.959 11692 11692 I C01320/com.shusen.lprdemo/JSENV: Callee constructor is OK string
09-17 22:00:58.959 11692 11692 I C01320/com.shusen.lprdemo/JSENV: Ability::constructor callee is object [object Object]
09-17 22:00:58.960 11692 11692 I C03F00/com.shusen.lprdemo/ArkCompiler: [ecmascript] start to execute ark buffer with secure memory use file: /data/storage/el1/bundle/entry/ets/modules.abc, entrypoint: @normalized:N&&&entry/build/generated/r/ResourceTable&
09-17 22:00:58.961 11692 11692 I C01332/com.shusen.lprdemo/UIAbility: [ui_ability_thread.cpp173]Lifecycle:Attach
09-17 22:00:58.965 11692 11937 I C03F00/com.shusen.lprdemo/ArkCompiler: [pgo] will save profiler to file /data/storage/ark-profile/rt_entry.ap
09-17 22:00:58.974 11692 11947 I C02C03/PARAM_WATCHER: Add watcher keyPrefix persist.hdc.jdwp remoteWatcherId 21031 success
09-17 22:00:58.974 11692 11947 I C02D13/com.shusen.lprdemo/HDC_LOG: AddWatchHdcdJdwp rc:0
09-17 22:00:58.974 11692 11947 I C02D13/com.shusen.lprdemo/HDC_LOG: connect success cfd:29
09-17 22:00:58.974 11692 11947 I C02D13/com.shusen.lprdemo/HDC_LOG: Send2Jdwp send pid:11692, pp:com.shusen.lprdemo, isDebug:1, msglen:30
09-17 22:00:58.989 11692 11692 I C01317/com.shusen.lprdemo/AppKit: [MTHRD2864]called
09-17 22:00:58.990 11692 11692 I C03F00/com.shusen.lprdemo/ArkCompiler: [gc] app is not inBackground
09-17 22:00:58.995 11692 11911 I C01332/com.shusen.lprdemo/UIAbility: [ui_ability_thread.cpp321]name:EntryAbility,targeState:5,isNewWant:0
09-17 22:00:58.995 11692 11692 I C01332/com.shusen.lprdemo/UIAbility: [ui_ability_thread.cpp240]Lifecycle:name EntryAbility
09-17 22:00:58.995 11692 11692 I C04201/com.shusen.lprdemo/DMS: AddDisplayIdFromAms: abilityToken and display[0] has been added.
09-17 22:00:58.996 11692 11692 W C04201/com.shusen.lprdemo/DMS: RegisterClientDeathListener: regis reverse death
09-17 22:00:58.996 11692 11692 I C04201/com.shusen.lprdemo/DMS: RegisterClientDeathListener: ENTER
09-17 22:00:58.998 11692 11692 I C01332/com.shusen.lprdemo/UIAbility: [JUA2036]JsUIAbility call js, name: onCreate
09-17 22:00:58.999 11692 11692 I C01317/com.shusen.lprdemo/AppKit: [OH_APP1165]current 2, pre 0
09-17 22:00:58.999 11692 11692 W C01317/com.shusen.lprdemo/AppKit: [OH_APP1194]fontSize empty
09-17 22:00:58.999 11692 11692 I C01317/com.shusen.lprdemo/AppKit: [OH_APP1225]current 2, pre 0
09-17 22:00:58.999 11692 11692 W C01317/com.shusen.lprdemo/AppKit: [OH_APP1229]language empty
09-17 22:00:58.999 11692 11692 W C01317/com.shusen.lprdemo/AppKit: [OH_APP1248]language and locale empty
09-17 22:00:58.999 11692 11692 I C01317/com.shusen.lprdemo/AppKit: [OH_APP297]configuration_: {"0#const.build.characteristics":"phone","0#input.pointer.device":"false","0#ohos.app.fontSizeScale":"nonFollowSystem","0#ohos.application.densitydpi":"xxldpi","0#ohos.application.direction":"vertical","0#ohos.application.displayid":"0","0#ohos.application.theme":"{\"icons\":0,\"skin\":1,\"font\":0,\"fonts\":0}","0#ohos.application.themeId":"49","0#ohos.system.colorMode":"dark","0#ohos.system.colorMode.isSetByApp":"isSetByApp","0#ohos.system.fontSizeScale":"1.0","0#ohos.system.fontWeightScale":"1.500000","0#ohos.system.hour":"false","0#ohos.system.language":"zh-Hans-CN","0#ohos.system.locale":"zh-Hans-CN","0#ohos.system.mcc":"460","0#ohos.system.mnc":"11"}, config: {"0#ohos.system.colorMode":"dark","0#ohos.system.colorMode.isSetByApp":"isSetByApp"}
09-17 22:00:58.999 11692 11692 E C04217/com.shusen.lprdemo/WMSAttribute: UpdateConfigurationSyncForAll: root is null
09-17 22:00:58.999 11692 11692 I C01332/com.shusen.lprdemo/UIAbility: [JUA2036]JsUIAbility call js, name: onConfigurationUpdated
09-17 22:00:58.999 11692 11692 I C01332/com.shusen.lprdemo/UIAbility: [JUA2081]end, name: onConfigurationUpdated, time: 0
09-17 22:00:58.999 11692 11692 I C01332/com.shusen.lprdemo/UIAbility: [JUA2036]JsUIAbility call js, name: onConfigurationUpdate
09-17 22:00:58.999 11692 11692 I C01332/com.shusen.lprdemo/UIAbility: [JUA2081]end, name: onConfigurationUpdate, time: 0
09-17 22:00:58.999 11692 11692 W C01317/com.shusen.lprdemo/AppKit: [JAS853]Not found AbilityStage.js
09-17 22:00:58.999 11692 11692 W C01317/com.shusen.lprdemo/AppKit: [JAS853]Not found AbilityStage.js
09-17 22:00:58.999 11692 11692 I C01317/com.shusen.lprdemo/AppKit: [OH_APP321]ignoreWindowContext size 0
09-17 22:00:58.999 11692 11692 E C04217/com.shusen.lprdemo/WMSAttribute: UpdateConfigurationForAll: root is null
09-17 22:00:58.999 11692 11692 I A00000/com.shusen.lprdemo/testTag: Ability onCreate
09-17 22:00:58.999 11692 11692 I C01332/com.shusen.lprdemo/UIAbility: [JUA2081]end, name: onCreate, time: 1
09-17 22:00:58.999 11692 11692 E C01332/com.shusen.lprdemo/UIAbility: [ui_ability_impl.cpp314]hasSaveData_: false
09-17 22:00:58.999 11692 11692 W C01332/com.shusen.lprdemo/UIAbility: [JUA1223]formatRegex: []
09-17 22:00:58.999 11692 11692 I C04202/com.shusen.lprdemo/WMSMain: Init: WindowScene with window session!
09-17 22:00:58.999 11692 11692 I C04202/com.shusen.lprdemo/WMSMain: Init: set isModuleAbilityHookEnd
09-17 22:00:59.000 11692 11692 I C04204/com.shusen.lprdemo/WMSScb: RS multi-instance enabled: 1
09-17 22:00:59.000 11692 11692 I C01406/com.shusen.lprdemo/OHOS::RS: multi-instance, create RSUIContextManager, isMultiInstanceOpen_ 1
09-17 22:00:59.002 11692 11692 I C02C03/PARAM_WATCHER: Add watcher keyPrefix persist.sys.graphic.animationscale remoteWatcherId 21031 success
09-17 22:00:59.002 11692 11692 I C04204/com.shusen.lprdemo/WMSScb: InitRSUIDirector: Create RSUIDirector: RSUIDirector's RSUIContext [token: 50216757624833, tid: 11692], rsUIContext: RSUIContext is null
09-17 22:00:59.004 11692 11692 W C01409/com.shusen.lprdemo/APS_MANAGER: redo Connect
09-17 22:00:59.004 11692 11692 I C01409/com.shusen.lprdemo/APS_MANAGER: Start to ConnectService
09-17 22:00:59.004 11692 11692 I C01409/com.shusen.lprdemo/APS_MANAGER: GetSystemAbilityManager success
09-17 22:00:59.005 11692 11692 I C01409/com.shusen.lprdemo/APS_MANAGER: GetSystemAbility success
09-17 22:00:59.005 11692 11692 I C01406/com.shusen.lprdemo/OHOS::RS: RSLogManager init log flag: 0x0(0)
09-17 22:00:59.005 11692 11692 I C01406/com.shusen.lprdemo/OHOS::RS: RSFrameRateLinker::Create id: 50216757624832
09-17 22:00:59.005 11692 11692 I C04202/com.shusen.lprdemo/WMSMain: VsyncStation: id 50216757624834 created
09-17 22:00:59.005 11692 11692 I C04200/com.shusen.lprdemo/WindowSceneSessionImpl: WindowSceneSessionImpl: [WMSCom] Constructor lprdemo0
09-17 22:00:59.005 11692 11692 E C04200/com.shusen.lprdemo/WMS: SetWindowType: permission denied!
09-17 22:00:59.005 11692 11692 I C0420A/com.shusen.lprdemo/WMSLife: Create: Window Create name:lprdemo0, state:0, mode:0
09-17 22:00:59.006 11692 11692 I C0420A/com.shusen.lprdemo/WMSLife: Create: SetIsAbilityHookOff 0
09-17 22:00:59.006 11692 11692 W C0420A/com.shusen.lprdemo/WMSLife: IsWindowSessionInvalid: already destroyed or not created! id: 0 state_: 0
09-17 22:00:59.006 11692 11692 W C04200/com.shusen.lprdemo/WindowSceneSessionImpl: AdjustWindowAnimationFlag: session invalid!
09-17 22:00:59.006 11692 11692 I C04200/com.shusen.lprdemo/WindowSceneSessionImpl: Remove window flag WINDOW_FLAG_SHOW_WHEN_LOCKED
09-17 22:00:59.007 11692 11692 I C0420A/com.shusen.lprdemo/WMSLife: Connect: in
09-17 22:00:59.008 11692 11911 I C04208/com.shusen.lprdemo/WMSLayout: NotifyAppHookWindowInfoUpdated: in
09-17 22:00:59.010 11692 11692 I C04208/com.shusen.lprdemo/WMSLayout: Connect: updateRect when connect.preRect:[0,0,0,0]rect:[0,0,1224,2776]
09-17 22:00:59.010 11692 11911 I C0421C/com.shusen.lprdemo/WMSCompat: SetAppHookWindowInfo: Id:2370, preHookWindowInfo:[enableHookWindow: false, widthHookRatio: 1.000000, notifyWindowChange: false], newHookWindowInfo:[enableHookWindow: false, widthHookRatio: 1.000000, notifyWindowChange: false]
09-17 22:00:59.010 11692 11911 I C04208/com.shusen.lprdemo/WMSLayout: UpdateRect: id:2370 name:lprdemo0 rect:[0 0 1224 2776]->[0 0 1224 2776] reason:0 displayId:0
09-17 22:00:59.010 11692 11911 I C04208/com.shusen.lprdemo/WMSLayout: NotifyFirstValidLayoutUpdate: Id:2370, rect:[0 0 1224 2776]
09-17 22:00:59.010 11692 11911 W C04208/com.shusen.lprdemo/WMSLayout: NotifySingleHandTransformChange: id:2370, uiContent is nullptr
09-17 22:00:59.011 11692 11692 I C0420A/com.shusen.lprdemo/WMSLife: Connect: Window Connect [name:lprdemo0, id:2370, type:1], ret:0, oriDisplayId:0, curDisplayId:0
09-17 22:00:59.011 11692 11692 I C0421C/com.shusen.lprdemo/WMSCompat: SendCombinedCompatibleConfigToArkUI: bundleName: com.shusen.lprdemo, combinedCompatibleConfig size: 2
09-17 22:00:59.011 11692 11692 I C0421C/com.shusen.lprdemo/WMSCompat: SendCombinedCompatibleConfigToArkUI: bundleName:com.shusen.lprdemo, logicalDeviceConfig size:2, arkUIAndWebConfig size:59
09-17 22:00:59.011 11692 11692 I C03900/com.shusen.lprdemo/ACE_UIContent: [201]get angle info: {}
09-17 22:00:59.011 11692 11692 I C0421C/com.shusen.lprdemo/WMSCompat: SendCombinedCompatibleConfigToArkUI: Send null logical device config to arkui
09-17 22:00:59.011 11692 11692 I C0421C/com.shusen.lprdemo/WMSCompat: SendCombinedCompatibleConfigToArkUI: Send combined compatible config to arkui successfully!
09-17 22:00:59.011 11692 11692 I C04208/com.shusen.lprdemo/WMSLayout: SetWindowMode: windowId: 2370, windowModeSupportType: 63, mode: 1
09-17 22:00:59.011 11692 11692 I C04208/com.shusen.lprdemo/WMSLayout: NotifyWindowStatusChange: id:2370, windowMode:1, windowStatus:1, lastWindowStatus:0, skipRedundantWindowStatusNotifications:0
09-17 22:00:59.012 11692 11692 I C04208/com.shusen.lprdemo/WMSLayout: SetConfigWindowLimitsVP: id:2370, windowLimits:[0 0 0 0 0.000000 0.000000 1.000000 1]
09-17 22:00:59.012 11692 11692 I C04208/com.shusen.lprdemo/WMSLayout: GetSystemSizeLimits: px[5496,5496,916,687], vp[1920,1920,320,240], configMax:1920, vpr:2.862500, winType:1
09-17 22:00:59.012 11692 11692 I C0421A/com.shusen.lprdemo/WMSLayoutPc: GetSupportedWindowModesConfiguration: winId: 2370, windowModeSupportType: 15
09-17 22:00:59.012 11692 11692 I C04202/com.shusen.lprdemo/WMSMain: SetSupportedWindowModesForAncoInFreeWindow: is not anco app, need not update support window mode.
09-17 22:00:59.012 11692 11692 I C04208/com.shusen.lprdemo/WMSLayout: GetConfigurationFromAbilityInfo: windowId: 2370, windowModeSupportType: 15, isAncoSupportFreeWindow: 0
09-17 22:00:59.012 11692 11692 I C0420F/com.shusen.lprdemo/WMSRecover: RegisterSessionRecoverCallbackFunc: persistentId=2370
09-17 22:00:59.012 11692 11692 I C04217/com.shusen.lprdemo/WMSAttribute: UpdateStatusBarColorByColorMode: win=2370, appColor=dark
09-17 22:00:59.013 11692 11692 I C04200/com.shusen.lprdemo/WMS: IsMainHandlerAvailable: id:2370, isAvailable:1
09-17 22:00:59.013 11692 11692 I C04200/com.shusen.lprdemo/WMS: IsMainHandlerAvailable: id:2370, isAvailable:1
09-17 22:00:59.013 11692 11692 I C02800/com.shusen.lprdemo/InputManagerImpl: [][SetWindowInputEventConsumer:366] enter
09-17 22:00:59.015 11692 11692 I C02800/com.shusen.lprdemo/MMIClient: [|267]Connection to server succeeded, fd:38
09-17 22:00:59.015 11692 11692 I C02800/com.shusen.lprdemo/MMIClient: [|166]Server was listening
09-17 22:00:59.015 11692 11692 I C02800/com.shusen.lprdemo/MMIClient: [|127]reuse current event handler, thread name:
09-17 22:00:59.015 11692 11692 I C02800/com.shusen.lprdemo/MMIClient: [|130]File fd is in listening
09-17 22:00:59.015 11692 11692 I C02800/com.shusen.lprdemo/InputManagerImpl: [][SetWindowInputEventConsumer] leave
09-17 22:00:59.015 11692 11692 I C0420C/com.shusen.lprdemo/WMSEvent: AddInputWindow: SetWindowInputEventConsumer success, wid:2370
09-17 22:00:59.015 11692 11692 I C0420C/com.shusen.lprdemo/WMSEvent: LoadGameController: in
09-17 22:00:59.018 11692 11692 I C04732/com.shusen.lprdemo/GameController: [(RegisterEntryModule:24)]begin load gamecontroller_event
09-17 22:00:59.018 11692 11692 I C04732/com.shusen.lprdemo/GameController: [(StartInputToTouch:61)]Begin StartInputToTouch
09-17 22:00:59.018 11692 11692 I C0420C/com.shusen.lprdemo/WMSEvent: LoadGameController: dlopen GameController success
09-17 22:00:59.019 11692 11692 I C0420C/com.shusen.lprdemo/WMSEvent: SubscribeEvent: Subscribe touch.events.touchpredict Event
09-17 22:00:59.021 11692 11692 I C04217/com.shusen.lprdemo/WMSAttribute: ConnectServer: start connect
09-17 22:00:59.021 11692 11692 I C04217/com.shusen.lprdemo/WMSAttribute: ConnectServer: end connect
09-17 22:00:59.021 11692 11692 W C04217/com.shusen.lprdemo/WMSAttribute: RegisterGetWMSWindowListCallback: callback has registered
09-17 22:00:59.021 11692 11692 I C04217/com.shusen.lprdemo/WMSAttribute: RegisterGetWMSWindowListCallback: winId: 2370
09-17 22:00:59.021 11692 11692 I C04217/com.shusen.lprdemo/WMSAttribute: UpdateColorMode: winId: 2370, colorMode: dark
09-17 22:00:59.021 11692 11692 I C04218/com.shusen.lprdemo/WMSPc: UpdateSidebarBlurStyleWhenColorModeChange: in, persistentId=2370
09-17 22:00:59.021 11692 11692 W C04218/com.shusen.lprdemo/WMSPc: UpdateSidebarBlurStyleWhenColorModeChange: RSAnimatableProperty is null
09-17 22:00:59.021 11692 11692 I C04217/com.shusen.lprdemo/WMSAttribute: UpdateColorMode: winId: 2370, colorMode: dark, hasDarkRes: 1
09-17 22:00:59.021 11692 11692 I C0421C/com.shusen.lprdemo/WMSCompat: SetPcAppInpadSpecificSystemBarInvisible: isPcAppInpadSpecificSystemBarInvisible: 0
09-17 22:00:59.021 11692 11692 I C0421C/com.shusen.lprdemo/WMSCompat: SetPcAppInpadOrientationLandscape: isPcAppInpadOrientationLandscape: 0
09-17 22:00:59.021 11692 11692 I C0420A/com.shusen.lprdemo/WMSLife: Create: Window Create success [name:lprdemo0, id:2370], state:1, mode:1, enableDefaultDensity:0, displayId:0
09-17 22:00:59.021 11692 11692 E C04200/com.shusen.lprdemo/WMS: singleton_container.cpp GetSingleton: cant get OHOS::Rosen::WindowInfoReporter
09-17 22:00:59.021 11692 11692 I C01332/com.shusen.lprdemo/UIAbility: [JUA2036]JsUIAbility call js, name: onWindowStageCreate
09-17 22:00:59.021 11692 11692 I A00000/com.shusen.lprdemo/testTag: Ability onWindowStageCreate
09-17 22:00:59.022 11692 11692 I C04200/com.shusen.lprdemo/JsWindowStage: LoadContent: [NAPI]
09-17 22:00:59.022 11692 11692 I C01332/com.shusen.lprdemo/UIAbility: [JUA2081]end, name: onWindowStageCreate, time: 0
09-17 22:00:59.022 11692 11692 I C0420A/com.shusen.lprdemo/WMSLife: NotifyWindowStageCreateFinished: id: 2370
09-17 22:00:59.022 11692 11692 I C01332/com.shusen.lprdemo/UIAbility: [JUA2036]JsUIAbility call js, name: onWillForeground
09-17 22:00:59.022 11692 11692 I C01332/com.shusen.lprdemo/UIAbility: [JUA2081]end, name: onWillForeground, time: 0
09-17 22:00:59.022 11692 11692 I C04202/com.shusen.lprdemo/WMSMain: GoForeground: reason: 4
09-17 22:00:59.022 11692 11692 I C0420A/com.shusen.lprdemo/WMSLife: Show: Window show [name: lprdemo0, id: 2370, type: 1], reason: 4, state:1, requestState:1
09-17 22:00:59.022 11692 11692 I C04208/com.shusen.lprdemo/WMSLayout: GetSystemSizeLimits: px[5496,5496,916,687], vp[1920,1920,320,240], configMax:1920, vpr:2.862500, winType:1
09-17 22:00:59.022 11692 11692 I C04208/com.shusen.lprdemo/WMSLayout: UpdateNewSize: fullscreen or compatible mode could not update new size, Id: 2370
09-17 22:00:59.022 11692 11692 I C04217/com.shusen.lprdemo/WMSAttribute: IsSystemDensityChanged: windowId: 2370, lastDensity: -1.000000, currDensity: 2.862500
09-17 22:00:59.022 11692 11692 W C04200/com.shusen.lprdemo/WindowSessionImpl: UpdateViewportConfig: uiContent is null!
09-17 22:00:59.023 11692 11692 I C01332/com.shusen.lprdemo/UIAbility: [ui_ability_impl.cpp439]wnd call, AfterForeground
09-17 22:00:59.023 11692 11692 W C0420A/com.shusen.lprdemo/WMSLife: GetAttachStateSyncResult: lifecycleCallback is null
09-17 22:00:59.023 11692 11965 I C04732/com.shusen.lprdemo/GameController: [(GetSelfBundleName:49)]The current bundleName [com.shusen.lprdemo]. version [1.0.0]
09-17 22:00:59.023 11692 11965 I C04732/com.shusen.lprdemo/GameController: [(IsCommonApp:94)]The [com.shusen.lprdemo] is a common app.
09-17 22:00:59.025 11692 11692 I C01406/com.shusen.lprdemo/OHOS::RS: RSFrameRateLinker::Create id: 50216757624833
09-17 22:00:59.027 11692 11692 I C01706/com.shusen.lprdemo/RsFrameReportExt: RsFrameReportExt:[LoadLibrary] load library success!
09-17 22:00:59.027 11692 11692 I C01706/com.shusen.lprdemo/RsFrameReportExt: RsFrameReportExt:[Init] dlopen libframe_ui_intf.so success!
09-17 22:00:59.029 11692 11692 I C01706/com.shusen.lprdemo/ueaClient-FrameUiIntf: [Init]:ret:1, inited:1
09-17 22:00:59.029 11692 11692 I C04217/com.shusen.lprdemo/WMSAttribute: InitWaterfallMode: winId: 2370
09-17 22:00:59.029 11692 11692 I C04217/com.shusen.lprdemo/WMSAttribute: NotifyWaterfallModeChange: winId: 2370, waterfall: 0, stat: 2
09-17 22:00:59.029 11692 11692 I C0420A/com.shusen.lprdemo/WMSLife: NotifyAfterDidForeground: reason: 4
09-17 22:00:59.029 11692 11692 I C04202/com.shusen.lprdemo/WMSMain: NotifyFreeMultiWindowModeResume: IsPcMode 0, isColdStart 1
09-17 22:00:59.029 11692 11692 I C0420A/com.shusen.lprdemo/WMSLife: Show: Window show success [name:lprdemo0, id:2370, type:1]
09-17 22:00:59.029 11692 11692 I C04208/com.shusen.lprdemo/WMSLayout: NotifyWindowStatusChange: id:2370, windowMode:1, windowStatus:1, lastWindowStatus:1, skipRedundantWindowStatusNotifications:0
09-17 22:00:59.029 11692 11692 W C04201/com.shusen.lprdemo/DMS: OnDisplayInfoChange: data is not changed.
09-17 22:00:59.030 11692 11692 I C01332/com.shusen.lprdemo/UIAbility: [JUA2036]JsUIAbility call js, name: onForeground
09-17 22:00:59.030 11692 11692 I A00000/com.shusen.lprdemo/testTag: Ability onForeground
09-17 22:00:59.030 11692 11692 I C01332/com.shusen.lprdemo/UIAbility: [JUA2081]end, name: onForeground, time: 0
09-17 22:00:59.030 11692 11692 I C01301/com.shusen.lprdemo/Ability: [page_config_manager.cpp49]configJson is empty
09-17 22:00:59.030 11692 11692 I C0420A/com.shusen.lprdemo/WMSLife: NotifyAfterDidForeground execute
09-17 22:00:59.030 11692 11692 I C01332/com.shusen.lprdemo/UIAbility: [JUA2036]JsUIAbility call js, name: onDidForeground
09-17 22:00:59.030 11692 11692 I C01332/com.shusen.lprdemo/UIAbility: [JUA2081]end, name: onDidForeground, time: 0
09-17 22:00:59.030 11692 11692 I C04202/com.shusen.lprdemo/WMSMain: GoResume: in
09-17 22:00:59.030 11692 11692 I C0420A/com.shusen.lprdemo/WMSLife: Resume: in, isColdStart: 1, isDidForeground: 0
09-17 22:00:59.030 11692 11692 I C0420A/com.shusen.lprdemo/WMSLife: NotifyAfterLifecycleResumed: in
09-17 22:00:59.031 11692 11692 I C0420A/com.shusen.lprdemo/WMSLife: SetUIContentInner: pages/Index, state:2, persistentId: 2370
09-17 22:00:59.031 11692 11692 I C0420A/com.shusen.lprdemo/WMSLife: SetUIContentComplete: persistentId=2370
09-17 22:00:59.031 11692 11692 I C03900/com.shusen.lprdemo/Ace: [(-1:-1:undefined)] CreateUIContent.
09-17 22:00:59.031 11692 11692 I C03934/com.shusen.lprdemo/AceUIEvent: [(-1:-1:undefined)] report ace loaded
09-17 22:00:59.031 11692 11692 I C04707/com.shusen.lprdemo/HaAceEngine: OnAceLoaded end
09-17 22:00:59.032 11692 11911 I C04207/com.shusen.lprdemo/WMSFocus: UpdateFocusState: focus: 1, id: 2370
09-17 22:00:59.032 11692 11692 W C0391F/com.shusen.lprdemo/AceImage: [(-2:-1:undefined)] mkdir cache file path failed.
09-17 22:00:59.032 11692 11692 I C03900/com.shusen.lprdemo/Ace: [(-2:-1:undefined)] Init RenderService UniRender Type:0
09-17 22:00:59.032 11692 11692 I C03900/com.shusen.lprdemo/Ace: [(-2:-1:undefined)] [com.shusen.lprdemo][entry][-1]: UIContent: apiCompatibleVersion: 60101024, apiTargetVersion: 60101024, and apiReleaseType: Release, useNewPipe: 1, enableCustomComponentCrossAbility: 0
09-17 22:00:59.033 11692 11692 I C02C03/PARAM_WATCHER: Add watcher keyPrefix persist.sys.arkui.animationscale remoteWatcherId 21031 success
09-17 22:00:59.033 11692 11692 E C03900/com.shusen.lprdemo/Ace: [(-2:-1:undefined)] ConfigParserBase read system UI correction config file failed
09-17 22:00:59.033 11692 11692 W C03900/com.shusen.lprdemo/Ace: [(-2:-1:undefined)] ArkUiFeatureParamManager failed to load UI correction config file
09-17 22:00:59.037 11692 11692 I C03900/com.shusen.lprdemo/Ace: [(-2:-1:undefined)] SetLocale language tag: zh-CN, select language: zh-CN
09-17 22:00:59.037 11692 11692 I C03900/com.shusen.lprdemo/Ace: [(-2:-1:undefined)] [com.shusen.lprdemo][entry][-1]: SetLanguage: zh, colorMode: dark, deviceAccess: 0
09-17 22:00:59.037 11692 11692 I C03900/com.shusen.lprdemo/Ace: [(-2:-1:undefined)] [com.shusen.lprdemo][entry][-1]: Initialize UIContent isModelJson:true
09-17 22:00:59.040 11692 11692 I C03922/com.shusen.lprdemo/AceNavigation: [(-2:-1:undefined)] subscribe hsp Update successfully
09-17 22:00:59.040 11692 11692 I C03900/com.shusen.lprdemo/Ace: [(100000:100000:scope)] SetHapPath, Use hap path to load resource
09-17 22:00:59.040 11692 11692 I C04217/com.shusen.lprdemo/WMSAttribute: RegisterWaterfallModeChangeListener: winId: 2370
09-17 22:00:59.042 11692 11692 I C04200/com.shusen.lprdemo/WMS: GetSurfaceNode: name:lprdemo0, id:2370
09-17 22:00:59.042 11692 11692 I C04200/com.shusen.lprdemo/WMS: GetSurfaceNode: name:lprdemo0, id:2370
09-17 22:00:59.042 11692 11692 I C03900/com.shusen.lprdemo/Ace: [(100000:100000:scope)] SetRSSurfaceNode 50216757624834 with rs multi
09-17 22:00:59.042 11692 11692 I C01406/com.shusen.lprdemo/OHOS::RS: RSUIContext::AttachFromUI. token: 50216757624833 uiPiplineNum: -1
09-17 22:00:59.043 11692 11692 I C03925/com.shusen.lprdemo/AceRouter: [(100000:100000:scope)] createManager, deviceType: 0
09-17 22:00:59.043 11692 11692 W C03900/com.shusen.lprdemo/Ace: [(100000:100000:scope)] Invalid config:zh_CN-long-notround-vertical-dark-phone-xxhdpi
09-17 22:00:59.044 11692 11692 I C01406/com.shusen.lprdemo/OHOS::RS: RSSurfaceNode::SetAbilityState, surfaceNodeId:[50216757624834], ability state: background
09-17 22:00:59.044 11692 11692 I C03900/com.shusen.lprdemo/Ace: [(100000:100000:scope)] set translateManager to pipeline, instanceId:100000
09-17 22:00:59.044 11692 11692 I C0421D/com.shusen.lprdemo/WMSRotation: RegisterOrientationChangeListener: in
09-17 22:00:59.044 11692 11692 I C03900/com.shusen.lprdemo/Ace: [(100000:100000:scope)] AddPersistAfterLayoutTask size: 1
09-17 22:00:59.044 11692 11692 I C03919/com.shusen.lprdemo/AceInputTracking: [(100000:100000:scope)] Debug touch pass mode 0
09-17 22:00:59.044 11692 11692 W C03F07/MUSL-LDSO: load absolute_path /system/lib64/libtransform_interaction_ext.z.so: check ns accessible failed namespace=ndk.
09-17 22:00:59.044 11692 11692 W C03F07/MUSL-LDSO: load /system/lib64/libtransform_interaction_ext.z.so failed, namespace=ndk no inherits, errno=2
09-17 22:00:59.044 11692 11692 W C03F07/MUSL-LDSO: load /system/lib64/libtransform_interaction_ext.z.so failed, namespace=default, errno=2
09-17 22:00:59.044 11692 11692 W C03F07/MUSL-LDSO: dlopen_impl load library header failed for /system/lib64/libtransform_interaction_ext.z.so
09-17 22:00:59.044 11692 11692 E C03934/com.shusen.lprdemo/AceUIEvent: [(100000:100000:scope)] AceTransform load failed: Error loading shared library /system/lib64/libtransform_interaction_ext.z.so: No such file or directory
09-17 22:00:59.044 11692 11692 I C03937/com.shusen.lprdemo/AceResource: [(100000:100000:scope)] ResourceAdapter UpdateResConfig with colorMode dark
09-17 22:00:59.044 11692 11692 W C03900/com.shusen.lprdemo/Ace: [(100000:100000:scope)] not found systemTheme in HapModuleInfo, loading default OHOS_THEME
09-17 22:00:59.044 11692 11692 I C03900/com.shusen.lprdemo/Ace: [(100000:100000:scope)] Cannot Get File List from resources/styles/
09-17 22:00:59.045 11692 11913 I C02D06/com.shusen.lprdemo/XCollie: Start init Async Stack.
09-17 22:00:59.045 11692 11692 W C03900/com.shusen.lprdemo/Ace: [(100000:100000:scope)] GetAsset failed: resources/styles/default.json
09-17 22:00:59.045 11692 11911 I C04207/com.shusen.lprdemo/WMSFocus: NotifyHighlightChange: windowId: 2370, isHighlight: 1,
09-17 22:00:59.045 11692 11965 I C04732/com.shusen.lprdemo/GameController: [(ReadJsonFromFile:247)]load game_support_key_mapping.json file success.
09-17 22:00:59.046 11692 11965 I C04732/com.shusen.lprdemo/GameController: [(SetSupportKeyMapping:73)]SetSupportKeyMapping. isSupportKeyMapping_ is [0]
09-17 22:00:59.046 11692 11965 I C04732/com.shusen.lprdemo/GameController: [(DoAsyncTask:76)]The app does not support input-to-touch feature.
09-17 22:00:59.047 11692 11911 E C0420A/com.shusen.lprdemo/WMSLife: NotifyUIExtHostRectChangeInGlobalDisplayListeners: uiContent is null
09-17 22:00:59.047 11692 11911 W C04208/com.shusen.lprdemo/WMSLayout: NotifySingleHandTransformChange: id:2370, uiContent is nullptr
09-17 22:00:59.047 11692 11911 I C04200/com.shusen.lprdemo/WindowSessionImpl: NotifyTransformChange: in
09-17 22:00:59.047 11692 11973 W C057C1/com.shusen.lprdemo/IPCWorkThread: ThreadHandler: proto:0 policy:0 name:OS_IPC_4_11973 invoker:3886198144
09-17 22:00:59.053 11692 11926 I C04208/com.shusen.lprdemo/WMSLayout: NotifyWindowStatusDidChange: Id:2370, WindowMode:1, windowStatus:1, lastWindowStatus:0, listenerSize:0, rect:[0 0 1224 2776]
09-17 22:00:59.054 11692 11692 I C01406/com.shusen.lprdemo/OHOS::RS: RSTransactionHandler::Begin syncId:0, transactionHandler:15493924749174643488, remoteTransactionDataStack.size:0
09-17 22:00:59.054 11692 11692 I C01406/com.shusen.lprdemo/OHOS::RS: RSTransactionHandler::Commit transactionHandler:15493924749174643488
09-17 22:00:59.054 11692 11692 W C01406/com.shusen.lprdemo/OHOS::RS: RSNodeMap::UnregisterNode: node id 50216757624834 not found
09-17 22:00:59.055 11692 11976 W C057C1/com.shusen.lprdemo/IPCWorkThread: ThreadHandler: proto:0 policy:0 name:OS_IPC_5_11976 invoker:3807442816
09-17 22:00:59.056 11692 11943 I C03900/com.shusen.lprdemo/Ace: [(-1:100000:singleton)] dlsym function ReportData success.
09-17 22:00:59.056 11692 11692 I C01406/com.shusen.lprdemo/OHOS::RS: RSRootNode::Create, Node:50216757624835, Token:50216757624833
09-17 22:00:59.056 11692 11692 I C03900/com.shusen.lprdemo/Ace: [(100000:100000:scope)] root node OnAttachToFrameNode, id:0
09-17 22:00:59.056 11692 11692 I C03900/com.shusen.lprdemo/Ace: [(100000:100000:scope)] Rosenwindow set root, rsId:50216757624835
09-17 22:00:59.056 11692 11692 I C01406/com.shusen.lprdemo/OHOS::RS: RSRootNode::AttachRSSurfaceNode, SurfaceNode:50216757624834, Node:50216757624835
09-17 22:00:59.056 11692 11692 I C01406/com.shusen.lprdemo/OHOS::RS: RSTransactionHandler::Begin syncId:0, transactionHandler:11946615491533744485, remoteTransactionDataStack.size:0
09-17 22:00:59.056 11692 11692 I C01406/com.shusen.lprdemo/OHOS::RS: RSTransactionHandler::Commit transactionHandler:11946615491533744485
09-17 22:00:59.056 11692 11692 W C01406/com.shusen.lprdemo/OHOS::RS: RSNodeMap::UnregisterNode: node id 50216757624834 not found
09-17 22:00:59.057 11692 11692 E C01D02/com.shusen.lprdemo/accessibility_asacfwk: [(AccessibilitySystemAbilityClientImpl:78)]accessibility service is ready.
09-17 22:00:59.083 11692 11692 I C03900/com.shusen.lprdemo/Ace: [(100000:100000:scope)] focusWindowId: 0, realHostWindowId: 0
09-17 22:00:59.083 11692 11692 I C03900/com.shusen.lprdemo/Ace: [(100000:100000:scope)] [com.shusen.lprdemo][entry][100000]: window focus
09-17 22:00:59.084 11692 11692 I C02C03/PARAM_WATCHER: Add watcher keyPrefix debug.graphic.frame remoteWatcherId 21031 success
09-17 22:00:59.086 11692 11913 I C02D06/com.shusen.lprdemo/XCollie: Init async stack successfully.
09-17 22:00:59.086 11692 11913 I C02D06/com.shusen.lprdemo/XCollie: Finish init Async Stack.
09-17 22:00:59.086 11692 11943 I C03900/com.shusen.lprdemo/Ace: [(-1:100000:singleton)] dlsym function ReportSyncEvent success.
09-17 22:00:59.086 11692 11692 I C03900/com.shusen.lprdemo/Ace: [(100000:100000:scope)] font path exist
09-17 22:00:59.111 11692 11692 I C0390C/com.shusen.lprdemo/AceFont: [(100000:100000:scope)] LoadThemeFont:fzxiarikuangyexiangsuti.ttf
09-17 22:00:59.127 11692 11692 I C01406/com.shusen.lprdemo/OHOS::RS: RSInterfaces: Register typeface with share memory, name: FZSJ-XIARKYXST hash: 4087737961
09-17 22:00:59.127 11692 11692 I C01408/com.shusen.lprdemo/Text: RegisterTypeface: Succeed in registering typeface, family name: OhosThemeFont, hash: 3440735167
09-17 22:00:59.131 11692 11692 I C03900/com.shusen.lprdemo/Ace: [(100000:100000:scope)] ArkUIInvisibleFreeze: 0
09-17 22:00:59.131 11692 11692 I C03900/com.shusen.lprdemo/Ace: [(100000:100000:scope)] [com.shusen.lprdemo][entry][100000]: SetMinPlatformVersion is 60101024
09-17 22:00:59.131 11692 11692 I C04209/com.shusen.lprdemo/WMSImms: RegisterAvoidAreaChangeListener: win 2370
09-17 22:00:59.133 11692 11692 E C04200/com.shusen.lprdemo/IMockSessionManager: [nodict]Read result failed, code is: 4.
09-17 22:00:59.134 11692 11692 E C04200/com.shusen.lprdemo/IMockSessionManager: [nodict]Read result failed, code is: 4.
09-17 22:00:59.134 11692 11692 I C04204/com.shusen.lprdemo/WMSScb: InitSceneSessionManagerProxy: enter
09-17 22:00:59.135 11692 11973 E C0420A/com.shusen.lprdemo/WMSLife: NotifyUIExtHostRectChangeInGlobalDisplayListeners: uiContent is null
09-17 22:00:59.135 11692 11973 I C04208/com.shusen.lprdemo/WMSLayout: UpdateRect: id:2370 name:lprdemo0 rect:[0 0 1224 2776]->[0 0 1224 2776] reason:23 displayId:0
09-17 22:00:59.136 11692 11692 I C03917/com.shusen.lprdemo/AceSafeArea: [(100000:100000:scope)] InitializeSafeArea systemInsets:SafeAreaInsets left_: [start: 0, end: 0], top_: [start: 0, end: 151], right_: [start: 0, end: 0], bottom_: [start: 0, end: 0], cutoutInsets:SafeAreaInsets left_: [start: 0, end: 0], top_: [start: 46, end: 134], right_: [start: 0, end: 0], bottom_: [start: 0, end: 0], navInsets:SafeAreaInsets left_: [start: 0, end: 0], top_: [start: 0, end: 0], right_: [start: 0, end: 0], bottom_: [start: 2682, end: 2776]
09-17 22:00:59.137 11692 11692 I C0394E/com.shusen.lprdemo/AceWindow: [(100000:100000:scope)] Initialize displayId: 0, availableRect: [0, 0, 1224, 2776]
09-17 22:00:59.138 11692 11692 I C02504/com.shusen.lprdemo/thp_extra: GetProcessName[66]name is: com.shusen.lprdemo
09-17 22:00:59.138 11692 11692 I C03900/com.shusen.lprdemo/Ace: [(-2:100000:singleton)] [com.shusen.lprdemo][entry][100000]: Initialize: pages/Index
09-17 22:00:59.143 11692 11692 I C03900/com.shusen.lprdemo/Ace: [(100000:100000:scope)] RunPage:pages/Index
09-17 22:00:59.143 11692 11692 W C03900/com.shusen.lprdemo/Ace: [(100000:100000:scope)] GetAsset failed: manifest.json
09-17 22:00:59.144 11692 11692 I C04200/com.shusen.lprdemo/WMS: InitUIContent: [0, 0]
09-17 22:00:59.144 11692 11943 I C03951/com.shusen.lprdemo/InputKeyFlow: [(-1:100000:singleton)] Subscribe touch.events.pass.through Event
09-17 22:00:59.144 11692 11692 I C04208/com.shusen.lprdemo/WMSLayout: SetUIContentInner: single hand, id:2370, posX:0, posY:0, scaleX:1.000000, scaleY:1.000000
09-17 22:00:59.144 11692 11692 I C04219/com.shusen.lprdemo/WMSDecor: UpdateDecorEnable: decorVisible:1, id: 2370
09-17 22:00:59.144 11692 11692 I C03900/com.shusen.lprdemo/Ace: [(-2:100000:singleton)] [com.shusen.lprdemo][entry][100000]: UpdateWindowVisible: 1, hasDecor: 0
09-17 22:00:59.144 11692 11692 I C03900/com.shusen.lprdemo/Ace: [(-2:100000:singleton)] [com.shusen.lprdemo][entry][100000]: NotifyWindowMode mode = 1
09-17 22:00:59.145 11692 11692 I C03900/com.shusen.lprdemo/Ace: [(-2:100000:singleton)] [com.shusen.lprdemo][entry][100000]: window foreground
09-17 22:00:59.145 11692 11692 I C03900/com.shusen.lprdemo/Ace: [(100000:100000:scope)] Update application state , state: ON_SHOW
09-17 22:00:59.145 11692 11692 I C01406/com.shusen.lprdemo/OHOS::RS: RSSurfaceNode::SetAbilityState, surfaceNodeId:[50216757624834], ability state: foreground
09-17 22:00:59.145 11692 11692 I C03900/com.shusen.lprdemo/Ace: [(100000:100000:scope)] ArkUI requests first Vsync.
09-17 22:00:59.145 11692 11692 I C04202/com.shusen.lprdemo/WMSMain: RequestVsync: First vsync has requested, nodeId: 50216757624834
09-17 22:00:59.145 11692 11975 I C02C03/PARAM_WATCHER: Add watcher keyPrefix persist.ace.trace.layout.enabled remoteWatcherId 21031 success
09-17 22:00:59.145 11692 11692 I C03959/com.shusen.lprdemo/AceLayout: [(-2:100000:singleton)] [com.shusen.lprdemo][entry][100000]: UpdateViewportConfig Viewport config: size: (1224, 2776) orientation: 0 density: 2.862500 position: (0, 0) transformHint: 0 displayId: 0, windowSizeChangeReason 0, is rsTransaction nullptr 1, , keyboardInfo is null
09-17 22:00:59.145 11692 11692 I C0394E/com.shusen.lprdemo/AceWindow: [(100000:100000:scope)] Update displayWindowRect in UpdateViewportConfig to : Rect (0.00, 0.00) - [0.00 x 0.00]
09-17 22:00:59.145 11692 11692 I C04208/com.shusen.lprdemo/WMSLayout: UpdateViewportConfig: Id: 2370, reason: 0, windowRect: [0 0 1224 2776], displayOrientation: 0, config[0, 0, 0, 2.862500]
09-17 22:00:59.145 11692 11692 I C03900/com.shusen.lprdemo/Ace: [(-2:100000:singleton)] [com.shusen.lprdemo][entry][100000]: window focus
09-17 22:00:59.145 11692 11692 I C03900/com.shusen.lprdemo/Ace: [(-2:100000:singleton)] [com.shusen.lprdemo][entry][100000]:window active
09-17 22:00:59.145 11692 11692 I C04208/com.shusen.lprdemo/WMSLayout: NotifyAfterUIContentReady: Renotify transform, id:2370, scaleX:1.000000, scaleY:1.000000
09-17 22:00:59.146 11692 11692 W C01320/com.shusen.lprdemo/JsEnv: [source_map.cpp145]the stack without line info
09-17 22:00:59.146 11692 11692 I A00000/com.shusen.lprdemo/testTag: Succeeded in loading the content.
09-17 22:00:59.146 11692 11692 I C04200/com.shusen.lprdemo/JsWindowStage: Window [2370, lprdemo0] load content end, ret=0
09-17 22:00:59.146 11692 11692 I C04209/com.shusen.lprdemo/WMSImms: NotifyAvoidAreaChange: win 2370 api 24 type 0 area top [0 0 1224 151] 
09-17 22:00:59.146 11692 11692 I C04209/com.shusen.lprdemo/WMSImms: NotifyAvoidAreaChange: win 2370 api 24 type 1 area top [473 46 277 88] 
09-17 22:00:59.146 11692 11692 I C04209/com.shusen.lprdemo/WMSImms: NotifyAvoidAreaChange: win 2370 api 24 type 2 area empty
09-17 22:00:59.146 11692 11692 I C04209/com.shusen.lprdemo/WMSImms: NotifyAvoidAreaChange: win 2370 api 24 type 3 area empty
09-17 22:00:59.146 11692 11692 I C04209/com.shusen.lprdemo/WMSImms: NotifyAvoidAreaChange: win 2370 api 24 type 4 area bottom [397 2682 430 94] 
09-17 22:00:59.146 11692 11692 I C04208/com.shusen.lprdemo/WMSLayout: UpdateViewportConfig: Id: 2370, reason: 0, windowRect: [0 0 1224 2776], displayOrientation: 0, config[0, 0, 0, 2.862500]
09-17 22:00:59.146 11692 11975 I C02C03/PARAM_WATCHER: Add watcher keyPrefix persist.ace.trace.inputevent.enabled remoteWatcherId 21031 success
09-17 22:00:59.146 11692 11692 I C03900/com.shusen.lprdemo/Ace: [(100000:100000:scope)] Update application state , state: ON_ACTIVE
09-17 22:00:59.147 11692 11692 I C01D02/com.shusen.lprdemo/accessibility_asacfwk: [(SubscribeStateObserver:652)]Observer has subscribed!
09-17 22:00:59.147 11692 11692 I C01D02/com.shusen.lprdemo/accessibility_asacfwk: [(SubscribeStateObserver:652)]Observer has subscribed!
09-17 22:00:59.147 11692 11692 I C01D02/com.shusen.lprdemo/accessibility_asacfwk: [(SubscribeStateObserver:652)]Observer has subscribed!
09-17 22:00:59.147 11692 11692 I C0391C/com.shusen.lprdemo/AceFocus: [(100000:100000:scope)] Window: 2370 get focus.
09-17 22:00:59.147 11692 11692 W C0391C/com.shusen.lprdemo/AceFocus: [(100000:100000:scope)] Current focus view can not found!
09-17 22:00:59.147 11692 11692 I C0391C/com.shusen.lprdemo/AceFocus: [(100000:100000:scope)] Request focus on rootFocusHub: root/0
09-17 22:00:59.147 11692 11975 I C02C03/PARAM_WATCHER: Add watcher keyPrefix const.security.developermode.state remoteWatcherId 21031 success
09-17 22:00:59.147 11692 11692 I C04208/com.shusen.lprdemo/WMSLayout: UpdateViewportConfig: Id: 2370, reason: 23, windowRect: [0 0 1224 2776], displayOrientation: 0, config[0, 0, 0, 2.862500]
09-17 22:00:59.147 11692 11692 I C03925/com.shusen.lprdemo/AceRouter: [(100000:100000:scope)] Page router manager is creating page[1]: url: pages/Index path: pages/Index.js, recoverable: yes, namedRouter: no
09-17 22:00:59.148 11692 11975 I C02C03/PARAM_WATCHER: Add watcher keyPrefix persist.ace.debug.statemgr.enabled remoteWatcherId 21031 success
09-17 22:00:59.148 11692 11975 I C02C03/PARAM_WATCHER: Add watcher keyPrefix persist.ace.debug.boundary.enabled remoteWatcherId 21031 success
09-17 22:00:59.150 11692 11975 I C02C03/PARAM_WATCHER: Add watcher keyPrefix persist.ace.performance.monitor.enabled remoteWatcherId 21031 success
09-17 22:00:59.160 11692 11692 I C04500/com.shusen.lprdemo/webview: Init: begin to init native media player napi properties
09-17 22:00:59.160 11692 11692 I C04500/com.shusen.lprdemo/webview: Init: [PROXYCONTROLLER] NapiProxyConfig::Init is called
09-17 22:00:59.161 11692 11692 I C04500/com.shusen.lprdemo/webview: Init: NapiUserAgentBrandVersion::Init is called
09-17 22:00:59.161 11692 11692 I C04500/com.shusen.lprdemo/webview: Init: NapiUserAgentMetadata::Init is called
09-17 22:00:59.165 11692 11692 I C03F04/com.shusen.lprdemo/MMG: [NMM:1376]Module:file.photoAccessHelper
09-17 22:00:59.167 11692 11692 W C03F04/com.shusen.lprdemo/MMG: [NMM:1289] Name mismatch: file.photoAccessHelperNative != file.photoAccessHelper
09-17 22:00:59.176 11692 11692 I C02B01/com.shusen.lprdemo/CAMERA: {Onload():63} CameraPickerNapi::OnLoad
09-17 22:00:59.176 11692 11692 I C02B01/com.shusen.lprdemo/CAMERA: {Init():463} CameraPickerNapi::Init is called
09-17 22:00:59.179 11692 11692 W C03F04/com.shusen.lprdemo/MMG: [NMM:1289] Name mismatch: web.webnativemessagingextensionmanager_napi != web.webNativeMessagingExtensionManager
09-17 22:00:59.179 11692 11692 I C03F04/com.shusen.lprdemo/MMG: [NMM:1376]Module:arkui.node
09-17 22:00:59.193 11692 11692 I C03F04/com.shusen.lprdemo/MMG: [NMM:322]Tail:default/entry
09-17 22:00:59.200 11692 11692 I C0140A/com.shusen.lprdemo/iGraphicsCore: GetPlatformProduct(129): ohVersion: [OpenHarmony-6.1.1.120]
09-17 22:00:59.200 11692 11692 I C0140A/com.shusen.lprdemo/iGraphicsCore: GetPlatformProduct(130): chipPlatform: [kirin8020] - [kirin8020]
09-17 22:00:59.200 11692 11692 I C0140A/com.shusen.lprdemo/iGraphicsCore: DisableReasonLog(159): com.shusen.lprdemo is GT Disable by local game config
09-17 22:00:59.200 11692 11692 I C0140A/com.shusen.lprdemo/iGraphicsCore: CheckGameVersion(344): not config gameversion
09-17 22:00:59.200 11692 11692 I C0140A/com.shusen.lprdemo/iGraphicsCore: GetGameName(95): No iGraphicsCore opt is enabled. Disable hook.
09-17 22:00:59.205 11692 11692 W C01490/com.shusen.lprdemo/BASE: [nodict]<HM_GPU> #  base munmap 0x6f00000000 len 0x100000000 fail
09-17 22:00:59.205 11692 11692 W C01490/com.shusen.lprdemo/BASE: [nodict]<HM_GPU> #  process destroy 4g fail.
09-17 22:00:59.209 11692 11692 I C0470A/com.shusen.lprdemo/GameServicePerf: [(GameServicePlugin:13)]Load GameServicePlugin
09-17 22:00:59.210 11692 11692 E C0470A/com.shusen.lprdemo/GameServicePerf: [(InitAndStart:34)]GameService-graphics: vulkan game opt disable
09-17 22:00:59.210 11692 11692 I C01409/com.shusen.lprdemo/APS_MANAGER: LoadApsPlugin
09-17 22:00:59.210 11692 11692 W C01409/com.shusen.lprdemo/APS_MANAGER: redo Connect
09-17 22:00:59.210 11692 11692 I C01409/com.shusen.lprdemo/APS_MANAGER: Start to ConnectService
09-17 22:00:59.210 11692 11692 I C01409/com.shusen.lprdemo/APS_MANAGER: GetSystemAbilityManager success
09-17 22:00:59.211 11692 11692 I C01409/com.shusen.lprdemo/APS_MANAGER: GetSystemAbility success
09-17 22:00:59.211 11692 11692 I C01409/com.shusen.lprdemo/APS_MANAGER: ApsCallbackClient add callback success!
09-17 22:00:59.211 11692 11692 E C057C2/com.shusen.lprdemo/IPCObjectProxy: PrintErrorDetailedInfo: failed, handle:25 error:29201 desc:(subErr:4 SubErrDesc:outer:operation not permitted) *.IApsManager proxy:3809188864 time:716021849024874
09-17 22:00:59.211 11692 11692 E C01409/com.shusen.lprdemo/APS_MANAGER: [ApsManagerProxy::RegCommonCallback] SendRequest is failed, error code: <private>
09-17 22:00:59.211 11692 11692 I C01409/com.shusen.lprdemo/APS_MANAGER: RemoveCallbackFunc remove callback success!
09-17 22:00:59.211 11692 11692 W C01409/com.shusen.lprdemo/APS_MANAGER: RegCommonCallbackInner Register callback failed, delete callback
09-17 22:00:59.211 11692 11692 W C01409/com.shusen.lprdemo/APS_MANAGER: [ApsManagerProxy::RegisterGameFpsListener] Send Request faild code = 29201
09-17 22:00:59.211 11692 11692 E C01409/com.shusen.lprdemo/APS_MANAGER: ApsGameFpsController::RegisterGameFpsListener delete callback
09-17 22:00:59.213 11692 11692 I A0D001/com.shusen.lprdemo/LprNative: NCNN INIT create=0 gpu_count=1
09-17 22:00:59.215 11692 11692 I C04500/com.shusen.lprdemo/webview: JsConstructor: NapiWebviewController::JsConstructor start
09-17 22:00:59.216 11692 11692 I C04500/com.shusen.lprdemo/webview: Init: [webview]: init load resources bundle path /data/storage/el1/bundle
09-17 22:00:59.216 11692 11692 I C04500/com.shusen.lprdemo/webview: GetArkwebLibPath: get arkweb lib path: /data/storage/el1/bundle/arkwebcore/libs/arm64
09-17 22:00:59.216 11692 11692 I C04500/com.shusen.lprdemo/webview: GetArkwebNameSpace: get arkweb name space: nweb_ns
09-17 22:00:59.216 11692 11692 W C03F07/MUSL-LDSO: dlns_create2 ns is exist.
09-17 22:00:59.216 11692 11692 E C04500/com.shusen.lprdemo/webview: ArkWebBridgeHelperLoadLibFile: dlns_create failed for '/data/storage/el1/bundle/arkwebcore/libs/arm64': Invalid argument (errno=17)
09-17 22:00:59.216 11692 11692 I C04500/com.shusen.lprdemo/webview: ArkWebBridgeHelperLoadLibFile: succeed to load lib file /data/storage/el1/bundle/arkwebcore/libs/arm64/libarkweb_engine.so
09-17 22:00:59.216 11692 11692 I C04500/com.shusen.lprdemo/webview: ArkWebBridgeHelperSharedInit: g_webEngineInitFlag set to true. setActiveWebEngineVersion will be ignored.
09-17 22:00:59.216 11692 11692 I C04500/com.shusen.lprdemo/webview: GetWebEngine: call func NotifyProcessDependedOnWeb and return code is 0
09-17 22:00:59.217 11692 11692 E C04500/com.shusen.lprdemo/webview: GetWebEngine: api level of arkweb core is 0
09-17 22:00:59.217 11692 11692 I C04500/com.shusen.lprdemo/webview: GetWebEngine: web engine libraryloaded
09-17 22:00:59.217 11692 11692 E C02C02/PARAM: Failed to connect server /dev/unix/socket/paramservice 13
09-17 22:00:59.217 11692 11692 E C02C02/PARAM: connect param server failed!
09-17 22:00:59.217 11692 11692 I C02C02/PARAM: SystemSetParameter name web.flowbuffer.maxfd id:5 ret:114
09-17 22:00:59.218 11692 11692 E C02C0B/BEGET: [param_request.c:217]SystemSetParameter failed! name is :web.flowbuffer.maxfd, the errNum is:114
09-17 22:00:59.218 11692 11692 I C04500/com.shusen.lprdemo/webview: IsDataSeparate: IsDataSeparate for app com.shusen.lprdemo.
09-17 22:00:59.218 11692 11692 I C04500/com.shusen.lprdemo/webview: IsDataMigrate: IsDataMigrate for app com.shusen.lprdemo.
09-17 22:00:59.218 11692 11692 I C04500/com.shusen.lprdemo/webview: GetInitArgs: user data dir: /data/storage/el2/base
09-17 22:00:59.218 11692 11692 I C04500/com.shusen.lprdemo/webview: GetInitArgs: bundle installation dir: /data/storage/el1/bundle
09-17 22:00:59.218 11692 11692 I A04510/com.shusen.lprdemo/chromium: [arkweb_native_object.cc:136] NativeArkWeb BindWebTagToWebInstance webTag:arkweb:0
09-17 22:00:59.219 11692 11692 E C04500/com.shusen.lprdemo/webview: SetWebDebuggingAccess: SetWebDebuggingAccess, not initialized
09-17 22:00:59.219 11692 11692 I C05A01/com.shusen.lprdemo/ATM: [GetContext]Get context success, tokenId: 537597574, bundleName: com.shusen.lprdemo
09-17 22:00:59.219 11692 11692 I C05A01/com.shusen.lprdemo/ATM: [ParseRequestPermissionFromUser]AsyncContext.uiAbilityFlag is: 1.
09-17 22:00:59.219 11692 11692 I C05A01/com.shusen.lprdemo/ATM: [ParseStringArray]Array size is 1
09-17 22:00:59.220 11692 11975 I C05A01/com.shusen.lprdemo/ATM: [IsDynamicRequest]TokenID: 537597574, bundle: com.huawei.hmos.security.privacycenter, uiExAbility: PermissionGrantAbility, serExAbility: PermissionServiceGrantAbility.
09-17 22:00:59.220 11692 11975 I C05A01/com.shusen.lprdemo/ATM: [IsDynamicRequest]Permission: ohos.permission.CAMERA: state: 0, errorReason: 0
09-17 22:00:59.220 11692 11975 I C05A01/com.shusen.lprdemo/ATM: [RequestPermissionsFromUserExecute]It does not need to request permission
09-17 22:00:59.221 11692 11692 W C03926/com.shusen.lprdemo/AceTheme: [(100000:100000:scope)] style text_pattern not contains linear_split_child_min_size!
09-17 22:00:59.221 11692 11692 W C03926/com.shusen.lprdemo/AceTheme: [(100000:100000:scope)] style text_pattern not contains menu_celia_ask_is_support!
09-17 22:00:59.221 11692 11692 W C03926/com.shusen.lprdemo/AceTheme: [(100000:100000:scope)] style 125829872 not contains app_theme_pattern!
09-17 22:00:59.221 11692 11692 E C01E00/com.shusen.lprdemo/ResourceManager: ref <private> id not found
09-17 22:00:59.221 11692 11692 E C01E00/com.shusen.lprdemo/ResourceManager: ref <private> id not found
09-17 22:00:59.221 11692 11692 W C03937/com.shusen.lprdemo/AceResource: [(100000:100000:scope)] Get pattern by name error, name=app_theme_pattern
09-17 22:00:59.221 11692 11692 E C01E00/com.shusen.lprdemo/ResourceManager: ref <private> id not found
09-17 22:00:59.221 11692 11692 E C01E00/com.shusen.lprdemo/ResourceManager: ref <private> id not found
09-17 22:00:59.221 11692 11692 W C03937/com.shusen.lprdemo/AceResource: [(100000:100000:scope)] Get pattern by name error, name=app_theme_pattern
09-17 22:00:59.221 11692 11692 W C03926/com.shusen.lprdemo/AceTheme: [(100000:100000:scope)] style app_theme_pattern not contains app_theme_drag_distancethreshold!
09-17 22:00:59.224 11692 11692 I C0391B/com.shusen.lprdemo/AceWeb: [(100000:100000:scope)] InitMagnifier
09-17 22:00:59.224 11692 11692 I C0391B/com.shusen.lprdemo/AceWeb: [(100000:100000:scope)] WebDomDocument::WebDomDocument
09-17 22:00:59.226 11692 11692 I C0391B/com.shusen.lprdemo/AceWeb: [(100000:100000:scope)] WebPattern::OnAttachToFrameNode, web id = -1
09-17 22:00:59.226 11692 11692 I C02B3F/com.shusen.lprdemo/VIDEOPROCESSENGINE: [video_processing_client.cpp][CheckService 389] Try to check VPE SA.
09-17 22:00:59.227 11692 11692 E C057C2/com.shusen.lprdemo/IPCObjectProxy: PrintErrorDetailedInfo: failed, handle:0 error:7 desc:*.accessToken proxy:3792481664 time:716021864879093
09-17 22:00:59.227 11692 11692 I C02B3F/com.shusen.lprdemo/VIDEOPROCESSENGINE: [video_processing_client.cpp][CheckService 402] Loading VPE SA...
09-17 22:00:59.227 11692 11692 E C02B3F/com.shusen.lprdemo/VIDEOPROCESSENGINE: [nodict][video_processing_client.cpp][GetFeatureParameter 99] proxy is null!
09-17 22:00:59.227 11692 11692 I C03900/com.shusen.lprdemo/Ace: [(100000:100000:scope)] AddTranslateListener WebView nodeId:36
09-17 22:00:59.227 11692 11692 I C0391B/com.shusen.lprdemo/AceWeb: [(100000:100000:scope)] SetNestedScrollExt nestedScroll: NestedScrollOptionsExt scrollUp: 1, scrollDown: 1, scrollLeft: 1, scrollRight: 1
09-17 22:00:59.227 11692 11692 I C0391B/com.shusen.lprdemo/AceWeb: [(100000:100000:scope)] renderMode is 0
09-17 22:00:59.227 11692 11692 I C0391B/com.shusen.lprdemo/AceWeb: [(100000:100000:scope)] WebDelegate::onNativeMessage connect 
09-17 22:00:59.227 11692 11692 I C0391B/com.shusen.lprdemo/AceWeb: [(100000:100000:scope)] WebDelegate::onNativeMessage DisconnectFunction
09-17 22:00:59.227 11692 11692 I C0391B/com.shusen.lprdemo/AceWeb: [(100000:100000:scope)] WebModelNG::SetOnMediaCastEnter
09-17 22:00:59.227 11692 11692 I C0391B/com.shusen.lprdemo/AceWeb: [(100000:100000:scope)] WebviewController::innerCanIUse
09-17 22:00:59.227 11692 11692 E C02C0B/BEGET: [init_syscap.c:52]Failed get paramName.
09-17 22:00:59.228 11692 11692 I C01406/com.shusen.lprdemo/RSNode: RSNode::AddChild, Id: 50216757624861, SurfaceNode:[Id: 50216757624862, name: RosenWeb]
09-17 22:00:59.228 11692 11692 W C0391B/com.shusen.lprdemo/AceWeb: [(100000:100000:scope)] web controller is nullptr
09-17 22:00:59.228 11692 11692 I C0391B/com.shusen.lprdemo/AceWeb: [(100000:100000:scope)] Web isInit 1
09-17 22:00:59.228 11692 11692 I C0391B/com.shusen.lprdemo/AceWeb: [(100000:100000:scope)] WebPattern::RegisterWebDomNativeInterface
09-17 22:00:59.231 11692 11692 I C0391B/com.shusen.lprdemo/AceWeb: [(100000:100000:scope)] WebPattern::UpdateBackgroundColorRightNow, color=#FFFFFFFF, web id = -1
09-17 22:00:59.231 11692 11692 I C0391B/com.shusen.lprdemo/AceWeb: [(100000:100000:scope)] DragDrop WebEventHub init drag event ok
09-17 22:00:59.231 11692 11692 I C0391B/com.shusen.lprdemo/AceWeb: [(100000:100000:scope)] DragDrop, init drag event done, isReceivedArkDrag_ is 0
09-17 22:00:59.231 11692 11692 I C0391B/com.shusen.lprdemo/AceWeb: [(100000:100000:scope)] WebPattern::CheckAndSetWebNestedScrollExisted
09-17 22:00:59.231 11692 11692 I C0391B/com.shusen.lprdemo/AceWeb: [(100000:100000:scope)] WebPattern::CheckAndSetWebNestedScrollExisted
09-17 22:00:59.231 11692 11692 I C0391B/com.shusen.lprdemo/AceWeb: [(100000:100000:scope)] WebDelegate::OnRenderToForeground
09-17 22:00:59.232 11692 11692 I C0391C/com.shusen.lprdemo/AceFocus: [(100000:100000:scope)] view: page/2 show
09-17 22:00:59.232 11692 11692 I C03922/com.shusen.lprdemo/AceNavigation: [(100000:100000:scope)] can't find inner navigation
09-17 22:00:59.232 11692 11692 I C03933/com.shusen.lprdemo/AceKeyboard: [(100000:100000:scope)] StageManager FrameNode notNeedSoftKeyboard.
09-17 22:00:59.232 11692 11692 I C03933/com.shusen.lprdemo/AceKeyboard: [(100000:100000:scope)] Container not SceneBoardWindow.
09-17 22:00:59.233 11692 11692 I C03925/com.shusen.lprdemo/AceRouter: [(100000:100000:scope)] LoadPage Success
09-17 22:00:59.233 11692 11692 I A0D001/com.shusen.lprdemo/LprWeb: CAMERA PERM auth=0
09-17 22:00:59.233 11692 11692 I C03917/com.shusen.lprdemo/AceSafeArea: [(-2:100000:singleton)] SetIsFullScreen 1
09-17 22:00:59.233 11692 11692 I C0392A/com.shusen.lprdemo/AceUiExtensionComponent: [(-2:100000:singleton)] NotifyWindowMode aliveUIExtensions = 0
09-17 22:00:59.233 11692 11692 I C0391B/com.shusen.lprdemo/AceWeb: [(100000:100000:scope)] WebRotateRenderEffect, type: 0, renderFit_: 5, isRotating_: 0 isCoverRotating_: 0, webId: -1.
09-17 22:00:59.234 11692 11692 I C03900/com.shusen.lprdemo/Ace: [(100000:100000:scope)] Root node request first frame.
09-17 22:00:59.234 11692 11692 I C03900/com.shusen.lprdemo/Ace: [(100000:100000:scope)] Update application state , state: ON_ACTIVE
09-17 22:00:59.234 11692 11692 I C01D02/com.shusen.lprdemo/accessibility_asacfwk: [(SubscribeStateObserver:652)]Observer has subscribed!
09-17 22:00:59.234 11692 11692 I C01D02/com.shusen.lprdemo/accessibility_asacfwk: [(SubscribeStateObserver:652)]Observer has subscribed!
09-17 22:00:59.234 11692 11692 I C01D02/com.shusen.lprdemo/accessibility_asacfwk: [(SubscribeStateObserver:652)]Observer has subscribed!
09-17 22:00:59.234 11692 11692 I C0391C/com.shusen.lprdemo/AceFocus: [(100000:100000:scope)] Window: 2370 get focus.
09-17 22:00:59.234 11692 11692 I C03900/com.shusen.lprdemo/Ace: [(100000:100000:scope)] Update application state , state: ON_ACTIVE
09-17 22:00:59.234 11692 11692 I C01D02/com.shusen.lprdemo/accessibility_asacfwk: [(SubscribeStateObserver:652)]Observer has subscribed!
09-17 22:00:59.234 11692 11692 I C01D02/com.shusen.lprdemo/accessibility_asacfwk: [(SubscribeStateObserver:652)]Observer has subscribed!
09-17 22:00:59.234 11692 11692 I C01D02/com.shusen.lprdemo/accessibility_asacfwk: [(SubscribeStateObserver:652)]Observer has subscribed!
09-17 22:00:59.234 11692 11692 E C02C02/PARAM: Failed to connect server /dev/unix/socket/paramservice 13
09-17 22:00:59.234 11692 11692 E C02C02/PARAM: connect param server failed!
09-17 22:00:59.234 11692 11692 I C02C02/PARAM: SystemSetParameter name web.flowbuffer.maxfd id:6 ret:114
09-17 22:00:59.234 11692 11692 E C02C0B/BEGET: [param_request.c:217]SystemSetParameter failed! name is :web.flowbuffer.maxfd, the errNum is:114
09-17 22:00:59.235 11692 11692 I C04500/com.shusen.lprdemo/webview: IsDataSeparate: IsDataSeparate for app com.shusen.lprdemo.
09-17 22:00:59.235 11692 11692 I C04500/com.shusen.lprdemo/webview: IsDataMigrate: IsDataMigrate for app com.shusen.lprdemo.
09-17 22:00:59.243 11692 11692 I C04500/com.shusen.lprdemo/webview: GetArkwebLibPath: get arkweb lib path: /data/storage/el1/bundle/arkwebcore/libs/arm64
09-17 22:00:59.244 11692 11692 I C04500/com.shusen.lprdemo/webview: GetArkwebNameSpace: get arkweb name space: nweb_ns
09-17 22:00:59.244 11692 11692 W C03F07/MUSL-LDSO: dlns_create2 ns is exist.
09-17 22:00:59.244 11692 11692 E C04500/com.shusen.lprdemo/webview: ArkWebBridgeHelperLoadLibFile: dlns_create failed for '/data/storage/el1/bundle/arkwebcore/libs/arm64': Invalid argument (errno=17)
09-17 22:00:59.244 11692 11692 I C04500/com.shusen.lprdemo/webview: ArkWebBridgeHelperLoadLibFile: succeed to load lib file /data/storage/el1/bundle/arkwebcore/libs/arm64/libarkweb_engine.so
09-17 22:00:59.244 11692 11692 I C04500/com.shusen.lprdemo/webview: ArkWebBridgeHelperSharedInit: g_webEngineInitFlag set to true. setActiveWebEngineVersion will be ignored.
09-17 22:00:59.244 11692 11692 I C02C03/PARAM_WATCHER: Add watcher keyPrefix web.debug.trace remoteWatcherId 21031 success
09-17 22:00:59.245 11692 11692 I C02C03/PARAM_WATCHER: Add watcher keyPrefix web.render.dump remoteWatcherId 21031 success
09-17 22:00:59.245 11692 11973 I C04500/com.shusen.lprdemo/webadapter: DispatchAllWatcherInfo: no observers in this key: web.debug.trace
09-17 22:00:59.245 11692 11692 I C04500/com.shusen.lprdemo/webadapter: AttachSysPropObserver: properties key invalid in attach
09-17 22:00:59.245 11692 11692 I A04510/com.shusen.lprdemo/chromium: [hitrace_adapter_impl.cpp:112] hitrace enableflags: 0
09-17 22:00:59.245 11692 11692 I A04510/com.shusen.lprdemo/chromium: [nweb_impl.cc:1378] CreateNWeb NWebId: 1, size 1*1, enhance surface 0
09-17 22:00:59.245 11692 11692 I A04510/com.shusen.lprdemo/chromium: [nweb_output_handler.cc:106] NWeb size change from 0*0 to 1*1, nweb id = 0
09-17 22:00:59.245 11692 11692 W A04510/com.shusen.lprdemo/chromium: [nweb_output_handler.cc:138] resize for emulator early failed, result = 40001000
09-17 22:00:59.247 11692 11692 I A04510/com.shusen.lprdemo/chromium: [nweb_impl.cc:1218] dir data|cache isSeparation : 0, isMigration:0
09-17 22:00:59.247 11692 11692 I A04510/com.shusen.lprdemo/chromium: [nweb_impl.cc:1243] const.boot.oemmode: user
09-17 22:00:59.247 11692 11692 I A04510/com.shusen.lprdemo/chromium: [nweb_impl.cc:1256] oemmode is not rd or ohos-command-line does not exist.
09-17 22:00:59.247 11692 11692 I C02F26/com.shusen.lprdemo/DSMM_SERVICE: [DsmmAdvSecModeGetByFeature]:DsmmAdvSecModeGetByFeature: AdvSecMode OFF, skip load SA
09-17 22:00:59.252 11692 11692 W C057C1/com.shusen.lprdemo/BrokerRegistration: Unregister: libdsmm_innersdk.z.so is dlclosed
09-17 22:00:59.256 11692 11692 I A04510/com.shusen.lprdemo/chromium: [nweb_advanced_security.cc:70] get advanced sec val 0
09-17 22:00:59.256 11692 11692 E C057C2/com.shusen.lprdemo/IPCObjectProxy: PrintErrorDetailedInfo: failed, handle:25 error:-1 desc:*.IApsManager proxy:3809188864 time:716021894268155
09-17 22:00:59.256 11692 11692 E C01409/com.shusen.lprdemo/APS_MANAGER: [ApsManagerProxy::GetEvent] SendRequest is failed, error code: <private>
09-17 22:00:59.256 11692 11692 E C01409/com.shusen.lprdemo/APS_MANAGER: [GetEvent] write errorCode failed
09-17 22:00:59.256 11692 11692 I A04510/com.shusen.lprdemo/chromium: [nweb_impl.cc:1862] Init web engine, native window opt for emulator in init, result = 0
09-17 22:00:59.256 11692 11692 I A04510/com.shusen.lprdemo/chromium: [nweb_delegate.cc:893] HasBackgroundColorWithInit, background color = -1
09-17 22:00:59.256 11692 11692 I A04510/com.shusen.lprdemo/chromium: [nweb_delegate.cc:872] DrapDrop InitAppTempDir --ohos-temp-dir=/data/storage/el2/base/haps/entry/temp
09-17 22:00:59.258 11692 11692 I A04510/com.shusen.lprdemo/chromium: [nweb_delegate.cc:982] NWebDelegate::Init incognito_mode:0[shared]
09-17 22:00:59.258 11692 11692 E A04510/com.shusen.lprdemo/chromium: [nweb_delegate.cc:2524] NWebDelegate::InitializeCef, is_initialized:0
09-17 22:00:59.258 11692 11692 I A04510/com.shusen.lprdemo/chromium: [nweb_application.cc:352] NWebApplication::RunAfterContextInitialized, set complete_callback_
09-17 22:00:59.258 11692 11692 I A04510/com.shusen.lprdemo/chromium: [nweb_application.cc:92] NWebApplication::InitializeCef, is_initialized:0
09-17 22:00:59.258 11692 11692 I A04510/com.shusen.lprdemo/cef: [context.cc:513] CefContext::Initialize
09-17 22:00:59.259 11692 11692 I A04510/com.shusen.lprdemo/chromium: [content_main_runner_impl.cc:890] ContentMainRunnerImpl::Initialize::kTraceConfigSharedMemoryDescriptor is registered.
09-17 22:00:59.259 11692 11692 E A04510/com.shusen.lprdemo/chromium: [icu_util.cc:192] /data/storage/el1/bundle/nweb/entry/resources/rawfile/icudtl.dat not exists.
09-17 22:00:59.260 11692 11692 I A04510/com.shusen.lprdemo/chromium: [icu_util_ohos.h:56] icu data file length: 10467680
09-17 22:00:59.260 11692 11692 I A04510/com.shusen.lprdemo/chromium: [date_time_format_adapter_impl.cpp:127] stop time_zone listen.
09-17 22:00:59.260 11692 11692 E A04510/com.shusen.lprdemo/chromium: [date_time_format_adapter_impl.cpp:130] stop listen fail. Please RegTimezoneEvent first.
09-17 22:00:59.260 11692 11692 W A04510/com.shusen.lprdemo/cef: [resource_util.cc:89] Please customize CefSettings.root_cache_path for your application. Use of the default value may lead to unintended process singleton behavior.
09-17 22:00:59.261 11692 11692 E A04510/com.shusen.lprdemo/chromium: [filesystem_posix.cc:63] mkdir : No such file or directory (2)
09-17 22:00:59.261 11692 11692 I A04510/com.shusen.lprdemo/cef: [crash_reporting.cc:209] Crash reporting enabled for process: browser
09-17 22:00:59.264 11692 11692 W A04510/com.shusen.lprdemo/chromium: [trace_startup_config.cc:309] TraceStartupConfig::EnableFromConfigFile::trace_config_file: /data/storage/el1/bundle/arkwebcore/libs/ohos-trace-config.json
09-17 22:00:59.264 11692 11692 W A04510/com.shusen.lprdemo/chromium: [trace_startup_config.cc:311] The trace config file does not exist.
09-17 22:00:59.265 11692 11692 I A04510/com.shusen.lprdemo/cef: [browser_policy_handler.cc:86] InitPolicyFromFile policy_file_path_: /data/storage/el2/base/cache/web/BrowserEnterprisePolicy.json
09-17 22:00:59.265 11692 11692 I A04510/com.shusen.lprdemo/cef: [browser_policy_handler.cc:98] InitPolicyFromFile initial policy: {}
09-17 22:00:59.267 11692 11692 I A04510/com.shusen.lprdemo/chromium: [migration_filter.cc:76] enter FilterOnLoad
09-17 22:00:59.267 11692 11692 I A04510/com.shusen.lprdemo/chromium: [migration_filter.cc:135] MigrationFinished(0)
09-17 22:00:59.267 11692 11692 I A04510/com.shusen.lprdemo/chromium: [migration_filter.cc:85] exit FilterOnLoad, already success
09-17 22:00:59.267 11692 11692 I A04510/com.shusen.lprdemo/chromium: [policy_loader_ohos.cc:72] PolicyLoaderOhos Init api version: 24
09-17 22:00:59.267 11692 11692 I A04510/com.shusen.lprdemo/cef: [browser_policy_handler.cc:119] BrowserPolicyHandler policy bundle gotten
09-17 22:00:59.269 11692 11692 I A04510/com.shusen.lprdemo/chromium: [resource_bundle_for_include.cc:165] GetLocaleFilePath pakLocale:zh-CN
09-17 22:00:59.270 11692 11692 I A04510/com.shusen.lprdemo/chromium: [memory_system.cc:246] gwp-asan is off for this process, enable_type = renderer, process_type = 
09-17 22:00:59.270 11692 11692 I A04510/com.shusen.lprdemo/chromium: [data_pack_for_include.cc:191] DataPack::LoadFromPath resources/rawfile/arkweb_100_percent.pak, data file length: 1082112
09-17 22:00:59.271 11692 11692 I A04510/com.shusen.lprdemo/chromium: [data_pack_for_include.cc:191] DataPack::LoadFromPath resources/rawfile/arkweb_200_percent.pak, data file length: 1478058
09-17 22:00:59.271 11692 11692 I A04510/com.shusen.lprdemo/chromium: [resource_bundle_for_include.cc:165] GetLocaleFilePath pakLocale:zh-CN
09-17 22:00:59.271 11692 11692 I A04510/com.shusen.lprdemo/chromium: [resource_bundle_for_include.cc:165] GetLocaleFilePath pakLocale:zh-CN
09-17 22:00:59.271 11692 11692 I A04510/com.shusen.lprdemo/chromium: [data_pack_for_include.cc:191] DataPack::LoadFromPath resources/rawfile/locales/zh-CN.pak, data file length: 521582
09-17 22:00:59.271 11692 11692 I A04510/com.shusen.lprdemo/chromium: [data_pack_for_include.cc:191] DataPack::LoadFromPath resources/rawfile/resources.pak, data file length: 12564011
09-17 22:00:59.277 11692 12045 I A04510/com.shusen.lprdemo/cef: [browser_policy_handler.cc:172] BrowserPolicyHandler add new observer
09-17 22:00:59.277 11692 12045 I A04510/com.shusen.lprdemo/chromium: [policy_loader_ohos.cc:45] Recv edm policy change event and reload policy.
09-17 22:00:59.277 11692 12045 I A04510/com.shusen.lprdemo/cef: [browser_policy_handler.cc:119] BrowserPolicyHandler policy bundle gotten
09-17 22:00:59.282 11692 11692 I C02800/com.shusen.lprdemo/InputManagerImpl: [][RegisterDevListener:1829] enter
09-17 22:00:59.282 11692 11692 I C02800/com.shusen.lprdemo/InputDeviceImpl: [|41]Register listener of change of input devices
09-17 22:00:59.282 11692 11692 I C02800/com.shusen.lprdemo/InputDeviceImpl: [|310]Start monitoring changes of input devices
09-17 22:00:59.282 11692 11692 I C02800/com.shusen.lprdemo/InputDeviceImpl: [|76]Succeed to register listener of change of input devices
09-17 22:00:59.282 11692 11692 I C02800/com.shusen.lprdemo/InputManagerImpl: [][RegisterDevListener] leave
09-17 22:00:59.283 11692 12049 I C04500/com.shusen.lprdemo/webadapter: ReportKeyThread: ReportKeyThread status: 0, uid: 20020391, pid: 11692, tid:12049, role: 0
09-17 22:00:59.283 11692 11692 I A04510/com.shusen.lprdemo/chromium: [arkweb_device_data_manager_utils.cc:228] DeviceDataManager ignore this mouse device
09-17 22:00:59.291 11692 11692 E C015B0/com.shusen.lprdemo/NetMgrSubSystem: RegisterNetConnCallback failed
09-17 22:00:59.291 11692 11692 E A04510/com.shusen.lprdemo/chromium: [net_connect_adapter_impl.cpp:360] register NetConnCallback failed, ret = 201.
09-17 22:00:59.291 11692 11692 E A04510/com.shusen.lprdemo/chromium: [network_change_notifier_passive_for_include.cc:308] register ohos net connect callback failed.
09-17 22:00:59.293 11692 11692 E A04510/com.shusen.lprdemo/chromium: [net_connect_adapter_impl.cpp:156] get all nets failed, ret = 201.
09-17 22:00:59.294 11692 11692 I A04510/com.shusen.lprdemo/chromium: [shutdown_signal_handlers_posix.cc:175] InstallShutdownSignalHandlers g_pipe_pid:11692
09-17 22:00:59.299 11692 11692 I C04500/com.shusen.lprdemo/webadapter: RegNetProxyEvent: reg netproxy event
09-17 22:00:59.299 11692 11692 I A04510/com.shusen.lprdemo/chromium: [proxy_config_service_ohos.cc:485] netproxy NetProxyEventCallback() start listen
09-17 22:00:59.299 11692 11692 I C04500/com.shusen.lprdemo/webadapter: StartListen: start netproxy listen
09-17 22:00:59.299 11692 11692 I C04500/com.shusen.lprdemo/webadapter: Changed: start NetProxy changed
09-17 22:00:59.301 11692 11692 I C015B0/com.shusen.lprdemo/NetConnManager: registerCallback id:0.
09-17 22:00:59.306 11692 11692 I A04510/com.shusen.lprdemo/chromium: [gl_features.cc:191] hmz1106, kDefaultPassthroughCommandDecoder, DISABLE
09-17 22:00:59.309 11692 11692 I C04500/com.shusen.lprdemo/webadapter: RegisterBackgroundTaskPolicyCallback: BackgroundTaskAdapterImpl:: applicationStateChangeCallback_ is registered.
09-17 22:00:59.309 11692 11692 I A04510/com.shusen.lprdemo/chromium: [background_task_holder.cc:67] BackgroundTaskHolder::backgroundStateChangeCallbackAdapter_ is registered.
09-17 22:00:59.309 11692 11692 I A04510/com.shusen.lprdemo/chromium: [background_task_policy.cc:84] [BGTASKPOLICY] OnPassedToGraph
09-17 22:00:59.309 11692 11692 I A04510/com.shusen.lprdemo/chromium: [gl_features.cc:191] hmz1106, kDefaultPassthroughCommandDecoder, DISABLE
09-17 22:00:59.313 11692 11692 I C04500/com.shusen.lprdemo/webadapter: ReportKeyThread: ReportKeyThread status: 0, uid: 20020391, pid: 11692, tid:12070, role: 2
09-17 22:00:59.319 11692 12070 I A04510/com.shusen.lprdemo/chromium: [gl_features.cc:191] hmz1106, kDefaultPassthroughCommandDecoder, DISABLE
09-17 22:00:59.320 11692 12070 I A04510/com.shusen.lprdemo/chromium: [gl_features.cc:191] hmz1106, kDefaultPassthroughCommandDecoder, DISABLE
09-17 22:00:59.320 11692 11692 I C04500/com.shusen.lprdemo/webadapter: ReportKeyThread: ReportKeyThread status: 0, uid: 20020391, pid: 11692, tid:12076, role: 4
09-17 22:00:59.322 11692 11692 I A04510/com.shusen.lprdemo/chromium: [cdm_registration.cc:240] [DRM]AddSoftwareSecureWidevine
09-17 22:00:59.322 11692 11692 I A04510/com.shusen.lprdemo/chromium: [cdm_registration.cc:426] [DRM]AddWiseplay
09-17 22:00:59.322 11692 11692 I A04510/com.shusen.lprdemo/chromium: [cdm_registration.cc:418] [DRM]AddSoftwareSecureWiseplay
09-17 22:00:59.322 11692 11692 I A04510/com.shusen.lprdemo/chromium: [chrome_browser_main.cc:1293] PreMainMessageLoopRun start
09-17 22:00:59.322 11692 12049 I A04510/com.shusen.lprdemo/chromium: [media_stream_manager.cc:1532] MSM::InitializeMaybeAsync([hash=ffd51ba2a2136b06])
09-17 22:00:59.323 11692 12049 I A04510/com.shusen.lprdemo/chromium: [media_stream_manager.cc:1532] MDM::MediaDevicesManager()
09-17 22:00:59.323 11692 12049 I A04510/com.shusen.lprdemo/chromium: [media_stream_manager.cc:1532] MSM::MediaStreamManager([hash=ffd51ba2a2136b06])
09-17 22:00:59.326 11692 11692 I C04500/com.shusen.lprdemo/webadapter: ReportKeyThread: ReportKeyThread status: 0, uid: 20020391, pid: 11692, tid:12078, role: 0
09-17 22:00:59.327 11692 11692 W A04510/com.shusen.lprdemo/chromium: [keyed_service_base_factory_for_include.cc:32] WARNING: read file empty: /data/storage/el1/bundle/arkwebcore/etc/disabled_services.json
09-17 22:00:59.327 11692 11692 W A04510/com.shusen.lprdemo/chromium: [keyed_service_base_factory_for_include.cc:32] WARNING: read file empty: /data/storage/el1/bundle/arkwebcore/etc/disabled_services.json
09-17 22:00:59.328 11692 12078 I A04510/com.shusen.lprdemo/chromium: [event_creator.cc:105] event_message: network qualicy changed http_rtt_ms -1 transport_rtt_ms -1 downstream_throughput_kbps -1 effective_connection_type Offline
09-17 22:00:59.328 11692 12078 I A04510/com.shusen.lprdemo/chromium: [network_quality_estimator_nweb_ex.cc:35] [WebNetwork] NetworkQualityEstimator NQE:0ms,0ms,0kbps,Offline
09-17 22:00:59.328 11692 12078 I A04510/com.shusen.lprdemo/chromium: [network_quality_estimator_nweb_ex.cc:35] [WebNetwork] NetworkQualityEstimator NQE:0ms,0ms,0kbps,Offline
09-17 22:00:59.328 11692 12078 I A04510/com.shusen.lprdemo/chromium: [network_quality_estimator_nweb_ex.cc:35] [WebNetwork] NetworkQualityEstimator NQE:0ms,0ms,0kbps,Offline
09-17 22:00:59.328 11692 12078 I A04510/com.shusen.lprdemo/chromium: [network_quality_estimator_nweb_ex.cc:35] [WebNetwork] NetworkQualityEstimator NQE:0ms,0ms,0kbps,Offline
09-17 22:00:59.330 11692 12070 I C02C03/PARAM_WATCHER: Add watcher keyPrefix debug.graphic.debug_layer remoteWatcherId 21031 success
09-17 22:00:59.330 11692 12078 I A04510/com.shusen.lprdemo/chromium: [arkweb_network_service_ext.cc:163] Register network context and set network timeout 0 second(s)
09-17 22:00:59.331 11692 12078 I A04510/com.shusen.lprdemo/chromium: [page_res_parallel_preload_mgr_impl.cc:47] PRPPreload.GetPRParallelPreloadModeInner PRELOAD
09-17 22:00:59.331 11692 12078 I A04510/com.shusen.lprdemo/chromium: [arkweb_network_service_ext.cc:180] [WebNetwork] SetConnectTimeout timeout:30s
09-17 22:00:59.331 11692 11692 I A04510/com.shusen.lprdemo/chromium: [profile_impl.cc:493] ProfileImpl SetBrowserProfileType kRegular, context : 81858816
09-17 22:00:59.332 11692 11692 I A04510/com.shusen.lprdemo/chromium: [browser_profile_type.cc:43] SetBrowserProfileType called, context : 81858816 type : 0
09-17 22:00:59.335 11692 12070 I C0140A/com.shusen.lprdemo/iGraphicsCore: IGraphicsCoreGameOptPrepare(434): [0020080c] pn: com.shusen.lprdemo, p: 11692
09-17 22:00:59.336 11692 12070 I C0140A/com.shusen.lprdemo/iGraphicsCore: IGraphicsCoreGameOptPrepare(451): [0030080c] no spt app: com.shusen.lprdemo
09-17 22:00:59.336 11692 12070 E C01400/com.shusen.lprdemo/OpenGLWrapper: EglWrapperHookLayer init Failed!
09-17 22:00:59.337 11692 12070 E C01400/com.shusen.lprdemo/OpenGLWrapper: invalid display pointer.
09-17 22:00:59.337 11692 12070 E C01400/com.shusen.lprdemo/OpenGLWrapper: EGLDislay is invalid.
09-17 22:00:59.337 11692 12070 W C01400/com.shusen.lprdemo/OpenGLWrapper: ThreadPrivateDataCtl::SetError error = 12296.
09-17 22:00:59.337 11692 12070 I C0470A/com.shusen.lprdemo/GameServicePerf: [(GameServicePlugin:13)]Load GameServicePlugin
09-17 22:00:59.337 11692 12070 I C0470A/com.shusen.lprdemo/GameServicePerf: [(CreateReportThread:99)]GameService-graphics: begin create thread
09-17 22:00:59.338 11692 11692 I A04510/com.shusen.lprdemo/chromium: [browser_prefs.cc:2121] [DRM]RegisterProfilePrefs
09-17 22:00:59.339 11692 12070 I C01409/com.shusen.lprdemo/APS_MANAGER: LoadApsPlugin
09-17 22:00:59.341 11692 11692 W A04510/com.shusen.lprdemo/chromium: [account_consistency_mode_manager.cc:77] Desktop Identity Consistency cannot be enabled as no OAuth client ID and client secret have been configured.
09-17 22:00:59.345 11692 12070 W C01490/com.shusen.lprdemo/BASE: [nodict]<HM_GPU> #  base munmap 0x6f00000000 len 0x100000000 fail
09-17 22:00:59.345 11692 12070 W C01490/com.shusen.lprdemo/BASE: [nodict]<HM_GPU> #  process destroy 4g fail.
09-17 22:00:59.346 11692 12070 W C01490/com.shusen.lprdemo/VK_DEVICE: [nodict]<HM_GPU> #  Device init, apimode 1, sys64
09-17 22:00:59.351 11692 11692 I A04510/com.shusen.lprdemo/cef: [cookie_manager_impl_ext.cc:588] CefCookieManagerImplExt::SetNetWorkCookieManager cookie_manager_remote
09-17 22:00:59.351 11692 12082 I A04510/com.shusen.lprdemo/cef: [cookie_manager_impl_ext.cc:564] CefCookieManagerImplExt::SetNetWorkCookieManagerRemoteAsync
09-17 22:00:59.351 11692 12082 I A04510/com.shusen.lprdemo/cef: [cookie_manager_impl_ext.cc:542] CefCookieManagerImplExt::SetNetWorkCookieManagerRemoteComplete
09-17 22:00:59.352 11692 12085 W C01490/com.shusen.lprdemo/QUEUE: [nodict]<HM_GPU> #  async worker started.
09-17 22:00:59.355 11692 11692 I A04510/com.shusen.lprdemo/chromium: [nweb_extension_proxy_dispatcher.cc:40] NWebExtensionProxyDispatcher::NotifyProxyInfo
09-17 22:00:59.355 11692 11692 E A04510/com.shusen.lprdemo/chromium: [nweb_extension_proxy_dispatcher.cc:43] No web extension proxy listener
09-17 22:00:59.355 11692 12070 I C02C03/PARAM_WATCHER: Add watcher keyPrefix persist.graphic.profiler.beta_dfx remoteWatcherId 21031 success
09-17 22:00:59.365 11692 12070 W C01490/com.shusen.lprdemo/VK_QUEUE: [nodict]<HM_GPU> #  ~QueueInternal start.
09-17 22:00:59.366 11692 12070 W C01490/com.shusen.lprdemo/BASE: [nodict]<HM_GPU> #  wait handler Termiated done.
09-17 22:00:59.366 11692 12091 W C01490/com.shusen.lprdemo/BASE: [nodict]<HM_GPU> #  Termiate softQHandler done.
09-17 22:00:59.366 11692 12078 I A04510/com.shusen.lprdemo/chromium: [arkweb_network_service_ext.cc:163] Register network context and set network timeout 30 second(s)
09-17 22:00:59.367 11692 12070 I A04510/com.shusen.lprdemo/chromium: [gl_factory_ohos.cc:166] create offscreen glsurface by surfacelessEGL.
09-17 22:00:59.371 11692 12070 W C01490/com.shusen.lprdemo/VK_QUEUE: [nodict]<HM_GPU> #  ~QueueInternal start.
09-17 22:00:59.374 11692 12097 W C01490/com.shusen.lprdemo/BASE: [nodict]<HM_GPU> #  Termiate softQHandler done.
09-17 22:00:59.374 11692 12070 W C01490/com.shusen.lprdemo/BASE: [nodict]<HM_GPU> #  wait handler Termiated done.
09-17 22:00:59.374 11692 12070 I A04510/com.shusen.lprdemo/chromium: [gl_factory_ohos.cc:166] create offscreen glsurface by surfacelessEGL.
09-17 22:00:59.375 11692 12070 W A04510/com.shusen.lprdemo/chromium: [viz_main_impl.cc:85] VizNullHypothesis is disabled (not a warning)
09-17 22:00:59.381 11692 11692 E A04510/com.shusen.lprdemo/chromium: [libc_interceptor.cc:280] Your system is broken: dlsym doesn't work! This has been reported to be caused by Nvidia's libGL. You should expect time related functions to misbehave. https://bugs.chromium.org/p/chromium/issues/detail?id=16800
09-17 22:00:59.386 11692 12070 I C04500/com.shusen.lprdemo/webadapter: ReportKeyThread: ReportKeyThread status: 0, uid: 20020391, pid: 11692, tid:12075, role: 0
09-17 22:00:59.386 11692 11692 I A04510/com.shusen.lprdemo/chromium: [extension_registry_info_manager.cc:553] ExtensionRegistryInfoManager::init
09-17 22:00:59.386 11692 12109 I C04500/com.shusen.lprdemo/webadapter: ReportKeyThread: ReportKeyThread status: 0, uid: 20020391, pid: 11692, tid:12109, role: 2
09-17 22:00:59.387 11692 12109 I A04510/com.shusen.lprdemo/chromium: [dynamic_frame_rate_decision.cc:49] start init curent_task_runner_
09-17 22:00:59.387 11692 11692 I A04510/com.shusen.lprdemo/chromium: [extension_registrar.cc:112] add extension ahfgeienlihckogmohjhadlkjgocpleb
09-17 22:00:59.387 11692 11692 I A04510/com.shusen.lprdemo/chromium: [task_queue_util.cc:99] extension is not service worker-based
09-17 22:00:59.387 11692 11692 I A04510/com.shusen.lprdemo/chromium: [extension_registry_info_manager.cc:735] ExtensionRegistryInfoManager::Loaded
09-17 22:00:59.387 11692 11692 I A04510/com.shusen.lprdemo/chromium: [notification_platform_bridge_ohos.cc:372] NotificationPlatformBridgeOhos::Close: id=app.background.crashed.ahfgeienlihckogmohjhadlkjgocpleb
09-17 22:00:59.387 11692 11692 E A04510/com.shusen.lprdemo/chromium: [nweb_notification_manager_delegate.cc:85] notification_delegate_listener is null
09-17 22:00:59.387 11692 11692 I A04510/com.shusen.lprdemo/chromium: [extension_registry_info_manager.cc:758] ExtensionLoaded ahfgeienlihckogmohjhadlkjgocpleb
09-17 22:00:59.387 11692 11692 I A04510/com.shusen.lprdemo/chromium: [nweb_extension_manager_dispatcher.cc:277] NWebExtensionManagerDispatcher::OnExtensionStateChangedCallBack
09-17 22:00:59.387 11692 11692 E A04510/com.shusen.lprdemo/chromium: [nweb_extension_manager_dispatcher.cc:279] No web extension manager listener
09-17 22:00:59.388 11692 11692 E A04510/com.shusen.lprdemo/chromium: [url_pattern_set.cc:298] Invalid url pattern: arkweb://resources/*
09-17 22:00:59.388 11692 11692 E A04510/com.shusen.lprdemo/chromium: [url_pattern_set.cc:298] Invalid url pattern: arkweb://resources/*
09-17 22:00:59.388 11692 11692 I A04510/com.shusen.lprdemo/chromium: [extension_registrar.cc:112] add extension mhjfbmdgcfjbbpaeojofohoefgiehjai
09-17 22:00:59.388 11692 11692 I A04510/com.shusen.lprdemo/chromium: [task_queue_util.cc:99] extension is not service worker-based
09-17 22:00:59.388 11692 11692 I A04510/com.shusen.lprdemo/chromium: [extension_registry_info_manager.cc:735] ExtensionRegistryInfoManager::Loaded
09-17 22:00:59.388 11692 11692 I A04510/com.shusen.lprdemo/chromium: [notification_platform_bridge_ohos.cc:372] NotificationPlatformBridgeOhos::Close: id=app.background.crashed.mhjfbmdgcfjbbpaeojofohoefgiehjai
09-17 22:00:59.388 11692 11692 E A04510/com.shusen.lprdemo/chromium: [nweb_notification_manager_delegate.cc:85] notification_delegate_listener is null
09-17 22:00:59.388 11692 11692 I A04510/com.shusen.lprdemo/chromium: [extension_registry_info_manager.cc:758] ExtensionLoaded mhjfbmdgcfjbbpaeojofohoefgiehjai
09-17 22:00:59.388 11692 11692 I A04510/com.shusen.lprdemo/chromium: [nweb_extension_manager_dispatcher.cc:277] NWebExtensionManagerDispatcher::OnExtensionStateChangedCallBack
09-17 22:00:59.388 11692 11692 E A04510/com.shusen.lprdemo/chromium: [nweb_extension_manager_dispatcher.cc:279] No web extension manager listener
09-17 22:00:59.392 11692 12070 I A04510/com.shusen.lprdemo/chromium: [gpu_hang_adapter.cc:94] GpuHangAdapter::GpuHangAdapter gpu_main
09-17 22:00:59.392 11692 12070 I A04510/com.shusen.lprdemo/chromium: [gpu_hang_adapter.cc:105] gpu_main init hang_watcher
09-17 22:00:59.392 11692 12078 I A04510/com.shusen.lprdemo/chromium: [arkweb_network_service_ext.cc:163] Register network context and set network timeout 30 second(s)
09-17 22:00:59.394 11692 11692 I A04510/com.shusen.lprdemo/cef: [ua_push_config.cc:172] [UAPushLog]start ReadConfigInfoFromPrefs
09-17 22:00:59.394 11692 11692 E A04510/com.shusen.lprdemo/cef: [ua_push_config.cc:181] [UAPushLog]user_pref_value for PrefService: user_agent.push_config is not a dictionary or is not exit
09-17 22:00:59.394 11692 11692 E A04510/com.shusen.lprdemo/chromium: [alloy_browser_engine_global_config.cc:183] No value for PrefService: nweb_ex.browser_engine_global_config_info
09-17 22:00:59.394 11692 11692 E A04510/com.shusen.lprdemo/chromium: [alloy_browser_engine_global_config.cc:100] Can not upate browser engine global config for version is zero
09-17 22:00:59.394 11692 11692 I A04510/com.shusen.lprdemo/cef: [request_context_impl.cc:280] CefRequestContextImpl::ExecuteWhenBrowserContextInitialized, not on ui
09-17 22:00:59.394 11692 11692 I A04510/com.shusen.lprdemo/chromium: [off_the_record_profile_impl.cc:190] OffTheRecordProfileImpl SetBrowserProfileType, context : 79638816 ComputeOffTheRecordProfileType : 4
09-17 22:00:59.394 11692 11692 I A04510/com.shusen.lprdemo/chromium: [browser_profile_type.cc:43] SetBrowserProfileType called, context : 79638816 type : 4
09-17 22:00:59.399 11692 11692 I A04510/com.shusen.lprdemo/cef: [cookie_manager_impl_ext.cc:588] CefCookieManagerImplExt::SetNetWorkCookieManager cookie_manager_remote
09-17 22:00:59.400 11692 12116 I A04510/com.shusen.lprdemo/cef: [cookie_manager_impl_ext.cc:564] CefCookieManagerImplExt::SetNetWorkCookieManagerRemoteAsync
09-17 22:00:59.400 11692 12116 I A04510/com.shusen.lprdemo/cef: [cookie_manager_impl_ext.cc:542] CefCookieManagerImplExt::SetNetWorkCookieManagerRemoteComplete
09-17 22:00:59.404 11692 12078 I A04510/com.shusen.lprdemo/chromium: [arkweb_network_service_ext.cc:163] Register network context and set network timeout 30 second(s)
09-17 22:00:59.405 11692 11692 E A04510/com.shusen.lprdemo/chromium: [alloy_browser_engine_global_config.cc:183] No value for PrefService: nweb_ex.browser_engine_global_config_info
09-17 22:00:59.405 11692 11692 I A04510/com.shusen.lprdemo/cef: [request_context_impl.cc:280] CefRequestContextImpl::ExecuteWhenBrowserContextInitialized, not on ui
09-17 22:00:59.405 11692 12078 I A04510/com.shusen.lprdemo/chromium: [configured_proxy_resolution_service.cc:1477] ohos_network OnInitProxyResolverComplete config changes without automatic settings to use Direct
09-17 22:00:59.405 11692 11692 I A04510/com.shusen.lprdemo/chromium: [browser_process_impl_ext.cc:60] adblock path: /data/storage/el2/base/cache/web
09-17 22:00:59.405 11692 11692 I A04510/com.shusen.lprdemo/cef: [context.cc:639] CefContext::OnContextInitialized
09-17 22:00:59.405 11692 11692 I A04510/com.shusen.lprdemo/cef: [request_context_impl.cc:280] CefRequestContextImpl::ExecuteWhenBrowserContextInitialized, not on ui
09-17 22:00:59.405 11692 11692 I A04510/com.shusen.lprdemo/chromium: [nweb_application.cc:192] NWebApplication::OnContextInitialized, begin
09-17 22:00:59.405 11692 11692 I A04510/com.shusen.lprdemo/chromium: [nweb_application.cc:196] NWebApplication::OnContextInitialized, into callback
09-17 22:00:59.405 11692 11692 I A04510/com.shusen.lprdemo/chromium: [nweb_delegate.cc:4151] NWebDelegate::OnContextInitializeComplete
09-17 22:00:59.406 11692 11692 I A04510/com.shusen.lprdemo/chromium: [nweb_application.cc:371] NWebApplication::CreateBrowser
09-17 22:00:59.406 11692 11692 I A04510/com.shusen.lprdemo/chromium: [nweb_application.cc:413] NWebApplication::CreateBrowser, 2
09-17 22:00:59.406 11692 11692 I A04510/com.shusen.lprdemo/chromium: [render_process_host_impl.cc:4982] Request to create a new rendering process, current count: 0 Max: 1
09-17 22:00:59.408 11692 11692 I A04510/com.shusen.lprdemo/chromium: [background_task_policy.cc:93] [BGTASKPOLICY] OnPageNodeAdded
09-17 22:00:59.408 11692 11692 I A04510/com.shusen.lprdemo/chromium: [background_task_policy.cc:193] BackgroundTaskPolicy::MaybeChangeBackgroundTask  page_node hash=161abded85dd149c visible_page_num_: 1 media_playing_num_: 0 audio_state_num_: 0 is_request_background_task_: 0
09-17 22:00:59.408 11692 11692 I A04510/com.shusen.lprdemo/chromium: [background_task_policy.cc:226] [BGTASKPOLICY] no change return
09-17 22:00:59.408 11692 11692 I A04510/com.shusen.lprdemo/cef: [alloy_browser_host_impl.cc:194] AlloyBrowserHostImpl::CreateInternal, begin
09-17 22:00:59.409 11692 11692 I C01C02/com.shusen.lprdemo/PBS: PasteboardObserver# New Pasteboard Observer.
09-17 22:00:59.409 11692 11692 I C01C01/com.shusen.lprdemo/PBC: GetPasteboardService# GetPasteboardService start.
09-17 22:00:59.410 11692 11692 I C01C01/com.shusen.lprdemo/PBC: GetPasteboardService# Get PasteboardServiceProxy succeed.
09-17 22:00:59.413 11692 11692 E C01C07/com.shusen.lprdemo/PBCA: OH_Pasteboard_Subscribe# subscribe observer failed
09-17 22:00:59.413 11692 11973 I C01C01/com.shusen.lprdemo/PBC: OnAddSystemAbility# pasteboard service started
09-17 22:00:59.417 11692 11692 I A04510/com.shusen.lprdemo/cef: [arkweb_web_contents_view_osr_ext.cc:42] CefWebContentsViewOSR::WebContentsCreated
09-17 22:00:59.417 11692 11692 I A04510/com.shusen.lprdemo/cef: [alloy_browser_host_impl_utils.cc:273] SafeBrowsing enabled, creating safe browsing tab helper
09-17 22:00:59.417 11692 11692 I A04510/com.shusen.lprdemo/chromium: [nweb_handler_delegate.cc:1258] NWebHandlerDelegate::OnAfterCreated IsPopup 0
09-17 22:00:59.417 11692 11692 I A04510/com.shusen.lprdemo/cef: [request_context_impl.cc:280] CefRequestContextImpl::ExecuteWhenBrowserContextInitialized, not on ui
09-17 22:00:59.417 11692 11692 I A04510/com.shusen.lprdemo/chromium: [nweb_application.cc:220] NWebApplication::WarmupSpareRender, start
09-17 22:00:59.417 11692 11692 I A04510/com.shusen.lprdemo/chromium: [nweb_application.cc:223] NWebApplication::WarmupSpareRender: warmup spare render process is not enabled
09-17 22:00:59.417 11692 11692 I A04510/com.shusen.lprdemo/cef: [request_context_impl.cc:280] CefRequestContextImpl::ExecuteWhenBrowserContextInitialized, not on ui
09-17 22:00:59.417 11692 11692 I A04510/com.shusen.lprdemo/cef: [request_context_impl.cc:280] CefRequestContextImpl::ExecuteWhenBrowserContextInitialized, not on ui
09-17 22:00:59.417 11692 11692 I A04510/com.shusen.lprdemo/chromium: [nweb_file_writer_cleaner.cc:83] GetDeletePendingFiles.
09-17 22:00:59.417 11692 11692 I A04510/com.shusen.lprdemo/chromium: [nweb_file_writer_cleaner.cc:92] GetDeletePendingFiles get pending_files end.
09-17 22:00:59.417 11692 11692 I A04510/com.shusen.lprdemo/chromium: [nweb_file_writer_cleaner.cc:97] DeleteDownloadTempDir.
09-17 22:00:59.417 11692 11692 I A04510/com.shusen.lprdemo/chromium: [custom_crashpad_handler.cc:222] Start ReportCrashpadFiles .... crashpad_target_location is /data/storage/el2/base/crashpad
09-17 22:00:59.417 11692 11692 W A04510/com.shusen.lprdemo/chromium: [custom_crashpad_handler.cc:227] return ReportCrashpadFiles fail cause brower has no start crashpad_target_location is /data/storage/el2/base/crashpad
09-17 22:00:59.418 11692 11692 I A04510/com.shusen.lprdemo/chromium: [native_display_manager_adapter_impl.cpp:205] dpi: 449, xdpi: 450.572998,ydpi: 449.109985, width: 1224, height: 2776, phyScreenLength: 6.751723
09-17 22:00:59.418 11692 11692 I A04510/com.shusen.lprdemo/chromium: [sliding_observer.cc:110] virtual_pixel_ratio: 2.8625, dpi: 449, on_screen_setting: 1, off_screen_setting: 4
09-17 22:00:59.418 11692 11692 I A04510/com.shusen.lprdemo/chromium: [native_display_manager_adapter_impl.cpp:205] dpi: 449, xdpi: 450.572998,ydpi: 449.109985, width: 1224, height: 2776, phyScreenLength: 6.751723
09-17 22:00:59.419 11692 11692 I A04510/com.shusen.lprdemo/cef: [ark_web_frame_host_impl.cc:79] UpdatePixelRatio in browser CefFrameHostImpl start, ratio:2.8625
09-17 22:00:59.419 11692 11692 I C04201/com.shusen.lprdemo/DMS: oh_display_manager.cpp OH_NativeDisplayManager_IsFoldable: [DMNDK] get display isFoldable=0.
09-17 22:00:59.419 11692 11692 I A04510/com.shusen.lprdemo/chromium: [nweb_impl.cc:1793] GetVirtualPixelRatio ratio: 2.862500
09-17 22:00:59.419 11692 11692 I A04510/com.shusen.lprdemo/chromium: [resource_bundle_for_include.cc:165] GetLocaleFilePath pakLocale:zh-CN
09-17 22:00:59.419 11692 11692 W A04510/com.shusen.lprdemo/cef: [arkweb_browser_host_ext.cc:1841] CefBrowserHostBase::UpdateLocale no need to update locale
09-17 22:00:59.419 11692 11692 I A04510/com.shusen.lprdemo/chromium: [nweb_impl.cc:1953] NWebImpl::InitWebEngine, isReady:1
09-17 22:00:59.419 11692 12045 I A04510/com.shusen.lprdemo/chromium: [ohos_web_snapshot_data_base.cpp:145] blankless OhosWebSnapshotDataBase create rdb store
09-17 22:00:59.420 11692 11692 I A04510/com.shusen.lprdemo/chromium: [nweb_safe_browsing_ua_push_config.cc:49] NWebSafeBrowsingUAPushConfig::EnableUAPushConfig, enable
09-17 22:00:59.420 11692 11692 E A04510/com.shusen.lprdemo/chromium: [nweb_impl.cc:1393] CreateNWeb NWebId: 1 successfully
09-17 22:00:59.421 11692 11692 E C02C02/PARAM: Failed to connect server /dev/unix/socket/paramservice 13
09-17 22:00:59.421 11692 11692 E C02C02/PARAM: connect param server failed!
09-17 22:00:59.421 11692 11692 I C02C02/PARAM: SystemSetParameter name web.flowbuffer.maxfd id:7 ret:114
09-17 22:00:59.421 11692 11692 E C02C0B/BEGET: [param_request.c:217]SystemSetParameter failed! name is :web.flowbuffer.maxfd, the errNum is:114
09-17 22:00:59.421 11692 11692 I C04500/com.shusen.lprdemo/webview: IsDataSeparate: IsDataSeparate for app com.shusen.lprdemo.
09-17 22:00:59.421 11692 11692 I C04500/com.shusen.lprdemo/webview: IsDataMigrate: IsDataMigrate for app com.shusen.lprdemo.
09-17 22:00:59.421 11692 11692 I C04500/com.shusen.lprdemo/webview: GetInitArgs: user data dir: /data/storage/el2/base
09-17 22:00:59.421 11692 11692 I C04500/com.shusen.lprdemo/webview: GetInitArgs: bundle installation dir: /data/storage/el1/bundle
09-17 22:00:59.421 11692 11692 I A04510/com.shusen.lprdemo/chromium: [nweb_impl.cc:1464] NWebImpl::InitializeWebEngine, begin
09-17 22:00:59.421 11692 11692 I A04510/com.shusen.lprdemo/chromium: [nweb_impl.cc:1218] dir data|cache isSeparation : 0, isMigration:0
09-17 22:00:59.421 11692 11692 I A04510/com.shusen.lprdemo/chromium: [nweb_impl.cc:1243] const.boot.oemmode: user
09-17 22:00:59.421 11692 11692 I A04510/com.shusen.lprdemo/chromium: [nweb_impl.cc:1256] oemmode is not rd or ohos-command-line does not exist.
09-17 22:00:59.421 11692 11692 I A04510/com.shusen.lprdemo/chromium: [nweb_application.cc:92] NWebApplication::InitializeCef, is_initialized:1
09-17 22:00:59.421 11692 11692 I A04510/com.shusen.lprdemo/chromium: [nweb_application.cc:96] has initialized cef.
09-17 22:00:59.421 11692 11692 I A04510/com.shusen.lprdemo/chromium: [nweb_impl.cc:1503] [WebNetwork] NWebImpl::InitializeWebEngine end
09-17 22:00:59.421 11692 11692 I C04500/com.shusen.lprdemo/webview: InitWebEngine: succeed to init web engine
09-17 22:00:59.421 11692 11692 I A04510/com.shusen.lprdemo/chromium: [nweb_cookie_manager_impl.cc:86] NWebCookieManagerImpl NWebCookieManagerImpl, and LazyInit: 0
09-17 22:00:59.421 11692 11692 I A04510/com.shusen.lprdemo/chromium: [nweb_impl.cc:1429] cef already initialized, skip icu init.
09-17 22:00:59.421 11692 11692 I A04510/com.shusen.lprdemo/chromium: [nweb_handler_delegate.cc:790] RegisterNWebHandler
09-17 22:00:59.421 11692 11692 I A04510/com.shusen.lprdemo/chromium: [nweb_handler_delegate.cc:800] RegisterNWebAgentHandler
09-17 22:00:59.422 11692 11692 I C02800/com.shusen.lprdemo/InputManagerImpl: [][GetMaxMultiTouchPointNum:2880] enter
09-17 22:00:59.422 11692 11692 I C02802/com.shusen.lprdemo/MultimodalEventHandler: [|330]Config of touchscreen.MaxTouchPoints:10
09-17 22:00:59.422 11692 11692 I C02802/com.shusen.lprdemo/MultimodalEventHandler: [|342]touchscreen.MaxTouchPoints:10
09-17 22:00:59.422 11692 11692 I C02800/com.shusen.lprdemo/InputManagerImpl: [][GetMaxMultiTouchPointNum] leave
09-17 22:00:59.422 11692 11692 I A04510/com.shusen.lprdemo/chromium: [pointer_device_ohos.cc:160] MultiModal returns 10
09-17 22:00:59.424 11692 11692 I A04510/com.shusen.lprdemo/chromium: [nweb_preference_delegate.cc:472] Put JavaScript Enabled:1
09-17 22:00:59.426 11692 11692 I C04500/com.shusen.lprdemo/webview: OH_NativeArkWeb_BindWebTagToWebInstance: native OH_NativeArkWeb_BindWebTagToWebInstance webTag: arkweb:0
09-17 22:00:59.426 11692 11692 I A04510/com.shusen.lprdemo/chromium: [arkweb_native_object.cc:136] NativeArkWeb BindWebTagToWebInstance webTag:arkweb:0
09-17 22:00:59.426 11692 11692 W A04510/com.shusen.lprdemo/chromium: [arkweb_native_object.cc:67] NativeArkWeb valid callback is nullptr
09-17 22:00:59.426 11692 11692 I C04500/com.shusen.lprdemo/webview: OH_NativeArkWeb_GetJavaScriptProxyValidCallback: native OH_Web_GetValidCallback, webTag: arkweb:0
09-17 22:00:59.426 11692 11692 W C04500/com.shusen.lprdemo/webview: SetWebId: native validCallback is null, callback nothing
09-17 22:00:59.427 11692 11692 I A04510/com.shusen.lprdemo/chromium: [nweb_inputmethod_handler.cc:1653] NWebInputMethodHandler::SetWindowIdForIME windowId: 2370
09-17 22:00:59.427 11692 11692 W A04510/com.shusen.lprdemo/cef: [alloy_browser_host_impl_ext.cc:1719] AlloyBrowserHostImplExt::ReportWindowStatus render_process is not ready yet.
09-17 22:00:59.427 11692 11692 I A04510/com.shusen.lprdemo/cef: [render_process_state_handler.cc:160] RenderProcessStateHandler::PushNwebForNotInitRender: nweb_id: 1, is_to_background: 0, rph_unique_id: 3, render_process_id: 0
09-17 22:00:59.427 11692 11692 I C0391B/com.shusen.lprdemo/AceWeb: [(100000:100000:scope)] device type does not satisfy.
09-17 22:00:59.427 11692 11692 I C04201/com.shusen.lprdemo/DMS: RegisterDisplayAttributeListener: called
09-17 22:00:59.427 11692 11692 I C04201/com.shusen.lprdemo/DMS: RegisterDisplayAttributeAgent: called
09-17 22:00:59.428 11692 11692 I C0391B/com.shusen.lprdemo/AceWeb: [(100000:100000:scope)] DisplayInfoChange register success.
09-17 22:00:59.428 11692 11692 I A04510/com.shusen.lprdemo/chromium: [nweb_impl.cc:2107] NWebImpl::SetDrawMode 0, nweb_id = 1
09-17 22:00:59.428 11692 11692 I A04510/com.shusen.lprdemo/chromium: [nweb_impl.cc:2123] NWebImpl::SetFitContentMode 0, nweb_id = 1
09-17 22:00:59.428 11692 11692 I C0391B/com.shusen.lprdemo/AceWeb: [(100000:100000:scope)] Web register contextMenu life cycle callback.
09-17 22:00:59.429 11692 11692 W C03926/com.shusen.lprdemo/AceTheme: [(100000:100000:scope)] style 125829872 not contains hyperlink_pattern!
09-17 22:00:59.429 11692 11692 I C0391B/com.shusen.lprdemo/AceWeb: [(100000:100000:scope)] WebDataDetectorAdapter::UpdateDataDetectorConfig
09-17 22:00:59.429 11692 11692 I C0391B/com.shusen.lprdemo/AceWeb: [(100000:100000:scope)] WebDataDetectorAdapter::SetSelectDataDetectorConfig start
09-17 22:00:59.429 11692 11692 I C0391B/com.shusen.lprdemo/AceWeb: [(100000:100000:scope)] WebPattern::InitSelectDataDetector
09-17 22:00:59.429 11692 11692 I C0391B/com.shusen.lprdemo/AceWeb: [(100000:100000:scope)] Web InitAIDetectResult
09-17 22:00:59.429 11692 11692 I A04510/com.shusen.lprdemo/chromium: [nweb_delegate.cc:4355] NWebDelegate::SetForceEnableZoom 0
09-17 22:00:59.429 11692 11692 I C02D06/com.shusen.lprdemo/XCollie: Application is in starting period.
09-17 22:00:59.429 11692 11692 I A04510/com.shusen.lprdemo/chromium: [nweb_impl.cc:8425] NWebImpl::SetWebAutoLayoutConfig.
09-17 22:00:59.429 11692 11692 W A04510/com.shusen.lprdemo/chromium: [nweb_autolayout.cc:61] Parse Error: common is not a string
09-17 22:00:59.429 11692 11692 I A04510/com.shusen.lprdemo/chromium: [nweb_impl.cc:7631] popup window opt for emulator in init, result = 0
09-17 22:00:59.429 11692 11692 I C0391B/com.shusen.lprdemo/AceWeb: [(100000:100000:scope)] RegisterNativeJavaScriptProxy arkMessager have 1 callback
09-17 22:00:59.429 11692 11692 I A04510/com.shusen.lprdemo/chromium: [nweb_impl.cc:7826] NWebImpl::RegisterNativeJavaScriptProxy arkMessager
09-17 22:00:59.431 11692 11692 I C0391B/com.shusen.lprdemo/AceWeb: [(100000:100000:scope)] RegisterNativeJavaScriptProxy ArkWebContentChangeDetector have 1 callback
09-17 22:00:59.431 11692 11692 I A04510/com.shusen.lprdemo/chromium: [nweb_impl.cc:7826] NWebImpl::RegisterNativeJavaScriptProxy ArkWebContentChangeDetector
09-17 22:00:59.431 11692 11692 I C0391B/com.shusen.lprdemo/AceWeb: [(100000:100000:scope)] RegisterNativeJavaScriptProxy _arkWebDomTree have 3 callback
09-17 22:00:59.431 11692 11692 I A04510/com.shusen.lprdemo/chromium: [nweb_impl.cc:7826] NWebImpl::RegisterNativeJavaScriptProxy _arkWebDomTree
09-17 22:00:59.432 11692 11692 I A04510/com.shusen.lprdemo/chromium: [nweb_preference_delegate.cc:472] Put JavaScript Enabled:1
09-17 22:00:59.432 11692 11692 I C0391B/com.shusen.lprdemo/AceWeb: [(100000:100000:scope)] WebDelegate::UpdateBypassVsyncCondition condition:0
09-17 22:00:59.432 11692 11692 I A04510/com.shusen.lprdemo/chromium: [nweb_preference_delegate.cc:116] NWebPreferenceDelegate::SetBypassVsyncCondition condition:0
09-17 22:00:59.432 11692 11692 I A04510/com.shusen.lprdemo/cef: [arkweb_browser_host_ext.cc:1494] ArkWebBrowserHostExtImpl::SetBypassVsyncCondition condition:0
09-17 22:00:59.432 11692 11692 I A04510/com.shusen.lprdemo/chromium: [nweb_preference_delegate.cc:566] set zoomControlAccess:1 zoom_control_access_:1
09-17 22:00:59.432 11692 11692 I A04510/com.shusen.lprdemo/chromium: [nweb_preference_delegate.cc:459] NWebPreferenceDelegate::PutDarkSchemeEnabled nweb_id: 1, darkScheme: 0
09-17 22:00:59.432 11692 11692 I A04510/com.shusen.lprdemo/chromium: [nweb_preference_delegate.cc:448] NWebPreferenceDelegate::PutForceDarkModeEnabled nweb_id: 1, forceDark: 0
09-17 22:00:59.432 11692 11692 I A04510/com.shusen.lprdemo/chromium: [nweb_preference_delegate.cc:448] NWebPreferenceDelegate::PutForceDarkModeEnabled nweb_id: 1, forceDark: 0
09-17 22:00:59.433 11692 11692 I A04510/com.shusen.lprdemo/chromium: [nweb_engine_impl.cc:124] SetWebDebuggingAccess(1), g_web_debugging_enabled[0], g_web_debugging_port[0]
09-17 22:00:59.433 11692 11692 I A04510/com.shusen.lprdemo/cef: [devtools_manager_delegate.cc:159] Domain Socket Entry.
09-17 22:00:59.433 11692 11692 I A04510/com.shusen.lprdemo/cef: [devtools_manager_delegate.cc:223] start remote debugging server
09-17 22:00:59.434 11692 11692 I A04510/com.shusen.lprdemo/chromium: [nweb_preference_delegate.cc:623] Put Pinch Smooth Mode:0
09-17 22:00:59.435 11692 12131 E A04510/com.shusen.lprdemo/chromium: [devtools_http_handler.cc:322] Cannot start http server for devtools.
09-17 22:00:59.436 11692 11692 I A04510/com.shusen.lprdemo/chromium: [feature_list_utils.cc:37] set Scrollbar:0 state:2
09-17 22:00:59.436 11692 11692 I A04510/com.shusen.lprdemo/chromium: [feature_list_utils.cc:56] scroll add feature: OverlayScrollbar state:2
09-17 22:00:59.436 11692 11692 I A04510/com.shusen.lprdemo/chromium: [feature_list_utils.cc:56] scroll add feature: ForceScrollbar state:2
09-17 22:00:59.436 11692 11692 I A04510/com.shusen.lprdemo/chromium: [nweb_preference_delegate.cc:1342] NWebPreferenceDelegate::PutWebMediaAVSessionEnabled enable:1
09-17 22:00:59.436 11692 11692 I A04510/com.shusen.lprdemo/chromium: [media_session_impl_for_include.cc:133] media avsession MediaSessionImpl::PutWebMediaAVSessionEnabled enable is: 1
09-17 22:00:59.436 11692 11692 I A04510/com.shusen.lprdemo/chromium: [nweb_preference_delegate.cc:1353] NWebPreferenceDelegate::PutWebMediaAVSessionEnabled cast_enabled_:1
09-17 22:00:59.436 11692 11692 I C0391B/com.shusen.lprdemo/AceWeb: [(100000:100000:scope)] WebDelegate::UpdateGestureFocusMode mode:0
09-17 22:00:59.436 11692 12045 I C01630/com.shusen.lprdemo/DistributedDB: [Logger] init
09-17 22:00:59.436 11692 12045 I C01630/com.shusen.lprdemo/DistributedDB: [TimeHelper] init
09-17 22:00:59.437 11692 11692 I A04510/com.shusen.lprdemo/chromium: [nweb_delegate.cc:6319] SetSurfaceDensity: 2.8625
09-17 22:00:59.437 11692 12045 I C01650/com.shusen.lprdemo/Config: Log:Error(283) recovered 9 frames from WAL file /dat***/sto***/e**/bas***/cac***/w**/r**/web***hot.db-wal 
09-17 22:00:59.438 11692 11692 I A04510/com.shusen.lprdemo/chromium: [native_display_manager_adapter_impl.cpp:205] dpi: 449, xdpi: 450.572998,ydpi: 449.109985, width: 1224, height: 2776, phyScreenLength: 6.751723
09-17 22:00:59.438 11692 11692 E C04500/com.shusen.lprdemo/webadapter: IsExistCaptureTask: cameraManager_ is nullptr
09-17 22:00:59.438 11692 11692 I A04510/com.shusen.lprdemo/chromium: [nweb_delegate.cc:2246] NWebDelegate::OnWindowShow, nweb id = 1
09-17 22:00:59.438 11692 11692 W A04510/com.shusen.lprdemo/cef: [alloy_browser_host_impl_utils.cc:192] AlloyBrowserHostImplUtils::GetRenderProcessId render_process is not ready yet.
09-17 22:00:59.438 11692 11692 I A04510/com.shusen.lprdemo/cef: [alloy_browser_host_impl_ext.cc:1752] AlloyBrowserHostImplExt::SetVisible nweb_id: 1, visible 1
09-17 22:00:59.438 11692 11692 I C0391B/com.shusen.lprdemo/AceWeb: [(100000:100000:scope)] WebDataDetectorAdapter::GetAIMenu getting menu from ai_engine
09-17 22:00:59.444 11692 12045 I C01650/com.shusen.lprdemo/ConnectionPool: Create:code:0 app[com.shusen.lprdemo:] area[el2] cfg[0,0,0,2,3,0,0]web***.db:<DB,0x284d9a,4096,100660><DWR,0x284d9e,12288,100660><SHM,0x284da6,32768,100660><WAL,0x284da4,37112,100660>, pathSize:52
09-17 22:00:59.453 11692 11692 I C03F04/com.shusen.lprdemo/MMG: [NMM:343]Head:default/aes_sec, isApp:1
09-17 22:00:59.454 11692 12045 I A04510/com.shusen.lprdemo/chromium: [ohos_web_snapshot_data_base.cpp:112] blankless GetOrOpen rdb version:5, current version:5
09-17 22:00:59.456 11692 11692 I C0391B/com.shusen.lprdemo/AceWeb: [(100000:100000:scope)] Get AI entity menu from ai_engine
09-17 22:00:59.456 11692 11692 I C04202/com.shusen.lprdemo/WMSMain: VsyncCallbackInner: First vsync has come back, nodeId: 50216757624834
09-17 22:00:59.456 11692 11692 W C03900/com.shusen.lprdemo/Ace: [(100000:100000:scope)] FeatureParamManager feature is missing or invalid
09-17 22:00:59.457 11692 12045 I A04510/com.shusen.lprdemo/chromium: [ohos_web_snapshot_data_base.cpp:350] blankless RegisterDataBaseCallback success
09-17 22:00:59.457 11692 11692 I C0391B/com.shusen.lprdemo/AceWeb: [(100000:100000:scope)] WebPattern::OnActive webId:1, isActive:1
09-17 22:00:59.457 11692 11692 I C0391B/com.shusen.lprdemo/AceWeb: [(100000:100000:scope)] WebPattern::SetActiveStatusInner webId:1, isActive_:1, isActive:1, isForce:0
09-17 22:00:59.457 11692 11692 I C01408/com.shusen.lprdemo/Text: InitTextBundleConfig: Adapter text height enabled 0
09-17 22:00:59.458 11692 11692 E C01402/com.shusen.lprdemo/2DGraphics: LoadFromTypeface: Drawing_Text [LoadFromTypeface] not variable font!
09-17 22:00:59.458 11692 11692 I C01406/com.shusen.lprdemo/OHOS::RS: RSInterfaces: Register typeface with share memory, name: FZSJ-XIARKYXST hash: 4087737961
09-17 22:00:59.518 11692 11692 E C01406/com.shusen.lprdemo/OHOS::RS: RegisterTypeface: Failed to register typeface in service.
09-17 22:00:59.518 11692 11692 E C01406/com.shusen.lprdemo/OHOS::RS: RSInterfaces: Failed to register typeface, name: FZSJ-XIARKYXST hash: 4087737961
09-17 22:00:59.519 11692 11692 E C01402/com.shusen.lprdemo/2DGraphics: LoadFromTypeface: Drawing_Text [LoadFromTypeface] not variable font!
09-17 22:00:59.519 11692 11692 I C01406/com.shusen.lprdemo/OHOS::RS: RSInterfaces: Register typeface with share memory, name: FZSJ-XIARKYXST hash: 4087737961
09-17 22:00:59.559 11692 11692 E C01406/com.shusen.lprdemo/OHOS::RS: RegisterTypeface: Failed to register typeface in service.
09-17 22:00:59.559 11692 11692 E C01406/com.shusen.lprdemo/OHOS::RS: RSInterfaces: Failed to register typeface, name: FZSJ-XIARKYXST hash: 4087737961
09-17 22:00:59.560 11692 11692 E C01402/com.shusen.lprdemo/2DGraphics: LoadFromTypeface: Drawing_Text [LoadFromTypeface] not variable font!
09-17 22:00:59.560 11692 11692 I C01406/com.shusen.lprdemo/OHOS::RS: RSInterfaces: Register typeface with share memory, name: FZSJ-XIARKYXST hash: 4087737961
09-17 22:00:59.600 11692 11692 E C01406/com.shusen.lprdemo/OHOS::RS: RegisterTypeface: Failed to register typeface in service.
09-17 22:00:59.600 11692 11692 E C01406/com.shusen.lprdemo/OHOS::RS: RSInterfaces: Failed to register typeface, name: FZSJ-XIARKYXST hash: 4087737961
09-17 22:00:59.604 11692 11692 I C0391B/com.shusen.lprdemo/AceWeb: [(100000:100000:scope)] Not safe area, drawsize_ : [1224.00 x 3.00], web id : 1
09-17 22:00:59.604 11692 11692 I C0391B/com.shusen.lprdemo/AceWeb: [(100000:100000:scope)] WebPattern::UpdateImageOverlayStatus, event = 3, status = 0
09-17 22:00:59.607 11692 11692 I C03900/com.shusen.lprdemo/Ace: [(100000:100000:scope)] ArkUi flush first frame messages.
09-17 22:00:59.607 11692 11692 I C0391C/com.shusen.lprdemo/AceFocus: [(100000:100000:scope)] Request focus on focusView: page/2.
09-17 22:00:59.607 11692 11692 I C0391C/com.shusen.lprdemo/AceFocus: [(100000:100000:scope)] WinFocusMove end, root/secure_field onBlur, Column/secure_field onFocus, start: 2, end: 1, update: 2
09-17 22:00:59.607 11692 11692 I C03933/com.shusen.lprdemo/AceKeyboard: [(100000:100000:scope)] current focus node: (Column/5). isDynamic: 0
09-17 22:00:59.607 11692 11692 I C03933/com.shusen.lprdemo/AceKeyboard: [(100000:100000:scope)] Trigger Window Focus Callback
09-17 22:00:59.607 11692 11692 I C03933/com.shusen.lprdemo/AceKeyboard: [(100000:100000:scope)] need keyboard : 0.
09-17 22:00:59.608 11692 11692 I C0420B/com.shusen.lprdemo/WMSKeyboard: id: 2370, isNeedKeyboard: 0, keepKeyboardFlag: 0
09-17 22:00:59.608 11692 11692 I C0420B/com.shusen.lprdemo/WMSKeyboard: RequestInputMethodCloseKeyboard: Notify InputMethod framework close keyboard start. id: 2370, isUIEProc: 0, hostWindowId: 2370
09-17 22:00:59.612 11692 11692 I C03903/com.shusen.lprdemo/AceSubWindow: [(100000:100000:scope)] hide menu ng exit, window not exist
09-17 22:00:59.612 11692 11692 I C03934/com.shusen.lprdemo/AceUIEvent: [(100000:100000:scope)] exp=1 ratio=1.000000 36-35 reason=1
09-17 22:00:59.612 11692 11692 I C0391B/com.shusen.lprdemo/AceWeb: [(100000:100000:scope)] WebPattern::OnVisibleAreaChange webId:1, isVisible:1, old_isVisible:1, isVisibleActiveEnable:1, isDialogNested:0, isFocus:0
09-17 22:00:59.613 11692 11692 I C04209/com.shusen.lprdemo/WMSImms: RegisterAvoidAreaChangeListener: win 2370
09-17 22:00:59.613 11692 11692 I C0391B/com.shusen.lprdemo/AceWeb: [(100000:100000:scope)] RegisterAvoidAreaChangeListener result:0
09-17 22:00:59.613 11692 11692 I C04216/com.shusen.lprdemo/WMSPattern: FlushLayoutSize: NotifyFrameLayoutFinishFromApp, id: 2370, rect: [0 0 1224 2776], notifyListener: 0
09-17 22:00:59.613 11692 11692 I C02D66/com.shusen.lprdemo/Hiview-PerfMonitor: ProcessJank: JankFrameMonitor::ProcessJank jank >= threshold
09-17 22:00:59.614 11692 11692 I C02D06/com.shusen.lprdemo/XCollie: Application is in starting period.
09-17 22:00:59.614 11692 11692 I A04510/com.shusen.lprdemo/chromium: [arkweb_device_data_manager_utils.cc:134] DeviceDataManager add keyboard device id: 0
09-17 22:00:59.614 11692 11692 I C02800/com.shusen.lprdemo/InputManagerImpl: [][GetMaxMultiTouchPointNum:2880] enter
09-17 22:00:59.614 11692 11692 I C02800/com.shusen.lprdemo/InputManagerImpl: [][GetMaxMultiTouchPointNum] leave
09-17 22:00:59.614 11692 11692 I A04510/com.shusen.lprdemo/chromium: [pointer_device_ohos.cc:160] MultiModal returns 10
09-17 22:00:59.614 11692 11692 I A04510/com.shusen.lprdemo/chromium: [arkweb_device_data_manager_utils.cc:134] DeviceDataManager add keyboard device id: 1
09-17 22:00:59.614 11692 11692 I C02800/com.shusen.lprdemo/InputManagerImpl: [][GetMaxMultiTouchPointNum:2880] enter
09-17 22:00:59.614 11692 11692 I C02800/com.shusen.lprdemo/InputManagerImpl: [][GetMaxMultiTouchPointNum] leave
09-17 22:00:59.614 11692 11692 I A04510/com.shusen.lprdemo/chromium: [pointer_device_ohos.cc:160] MultiModal returns 10
09-17 22:00:59.614 11692 11692 I A04510/com.shusen.lprdemo/chromium: [arkweb_device_data_manager_utils.cc:134] DeviceDataManager add keyboard device id: 3
09-17 22:00:59.614 11692 11692 I C02800/com.shusen.lprdemo/InputManagerImpl: [][GetMaxMultiTouchPointNum:2880] enter
09-17 22:00:59.614 11692 11692 I C02800/com.shusen.lprdemo/InputManagerImpl: [][GetMaxMultiTouchPointNum] leave
09-17 22:00:59.614 11692 11692 I A04510/com.shusen.lprdemo/chromium: [pointer_device_ohos.cc:160] MultiModal returns 10
09-17 22:00:59.614 11692 11692 I A04510/com.shusen.lprdemo/chromium: [arkweb_device_data_manager_utils.cc:134] DeviceDataManager add keyboard device id: 4
09-17 22:00:59.614 11692 11692 I C02800/com.shusen.lprdemo/InputManagerImpl: [][GetMaxMultiTouchPointNum:2880] enter
09-17 22:00:59.614 11692 11692 I C02800/com.shusen.lprdemo/InputManagerImpl: [][GetMaxMultiTouchPointNum] leave
09-17 22:00:59.614 11692 11692 I A04510/com.shusen.lprdemo/chromium: [pointer_device_ohos.cc:160] MultiModal returns 10
09-17 22:00:59.614 11692 11692 I A04510/com.shusen.lprdemo/chromium: [arkweb_device_data_manager_utils.cc:134] DeviceDataManager add keyboard device id: 5
09-17 22:00:59.615 11692 11692 I C02800/com.shusen.lprdemo/InputManagerImpl: [][GetMaxMultiTouchPointNum:2880] enter
09-17 22:00:59.615 11692 11692 I C02800/com.shusen.lprdemo/InputManagerImpl: [][GetMaxMultiTouchPointNum] leave
09-17 22:00:59.615 11692 11692 I A04510/com.shusen.lprdemo/chromium: [pointer_device_ohos.cc:160] MultiModal returns 10
09-17 22:00:59.618 11692 11692 E A04510/com.shusen.lprdemo/chromium: [nweb_application.cc:244] There is no web inited callback to run.
09-17 22:00:59.618 11692 11692 I A04510/com.shusen.lprdemo/chromium: [nweb_file_writer_cleaner.cc:78] OnBackgroundTaskFinished.
09-17 22:00:59.618 11692 11692 W A04510/com.shusen.lprdemo/chromium: [media_session_ohos.cc:125] MediaSessionInfoChanged media avsession before Prepare return for type invalid
09-17 22:00:59.620 11692 11692 I A04510/com.shusen.lprdemo/chromium: [native_display_manager_adapter_impl.cpp:205] dpi: 449, xdpi: 450.572998,ydpi: 449.109985, width: 1224, height: 2776, phyScreenLength: 6.751723
09-17 22:00:59.620 11692 11692 I A04510/com.shusen.lprdemo/chromium: [battery_mgr_client_adapter_impl.cpp:110] Reg Battery Event
09-17 22:00:59.620 11692 11692 I A04510/com.shusen.lprdemo/chromium: [battery_status_manager_ohos.cc:138] start listening battery change
09-17 22:00:59.620 11692 11692 I A04510/com.shusen.lprdemo/chromium: [battery_status_manager_ohos.cc:47] start listen
09-17 22:00:59.620 11692 11692 I A04510/com.shusen.lprdemo/chromium: [battery_mgr_client_adapter_impl.cpp:116] start battery listen
09-17 22:00:59.622 11692 11692 I A04510/com.shusen.lprdemo/chromium: [battery_status_manager_ohos.cc:58] fisrt request battery info
09-17 22:00:59.622 11692 11692 I A04510/com.shusen.lprdemo/chromium: [battery_mgr_client_adapter_impl.cpp:184] request batteryInfo
09-17 22:00:59.623 11692 11692 I C02921/com.shusen.lprdemo/BatteryFwk: Connecting PowerMgrService success, pid=11692
09-17 22:00:59.627 11692 11692 E A04510/com.shusen.lprdemo/chromium: [media_session_ohos.cc:194] MediaSessionImagesChangedmedia avsession av_metadata_ or avsession_adapter_ or metadata is null return
09-17 22:00:59.627 11692 11692 W A04510/com.shusen.lprdemo/chromium: [media_session_ohos.cc:213] MediaSessionPositionChanged media avsession avsession_adapter_ or position or av_position_ null
09-17 22:00:59.628 11692 12173 I A04510/com.shusen.lprdemo/chromium: [create_video_capture_device_factory.cc:104] CreateVideoCaptureDeviceFactory
09-17 22:00:59.628 11692 11692 I A04510/com.shusen.lprdemo/chromium: [nweb_output_handler.cc:106] NWeb size change from 1*1 to 1224*3, nweb id = 1
09-17 22:00:59.628 11692 11692 I A04510/com.shusen.lprdemo/chromium: [nweb_output_handler.cc:136] need to resize for emulator early firstly, result = 0
09-17 22:00:59.629 11692 11692 I A04510/com.shusen.lprdemo/chromium: [nweb_delegate.cc:1779] [WebNavigation] LoadUrl url:ht**s://lpr***
09-17 22:00:59.629 11692 11692 W A04510/com.shusen.lprdemo/cef: [alloy_permission_manager.cc:463] GetPermissionStatus, requesting_origin is not in camera permission map
09-17 22:00:59.629 11692 11692 W A04510/com.shusen.lprdemo/cef: [alloy_permission_manager.cc:456] GetPermissionStatus, requesting_origin is not in microphone permission map
09-17 22:00:59.630 11692 12175 I A04510/com.shusen.lprdemo/chromium: [gpu_hang_adapter.cc:94] GpuHangAdapter::GpuHangAdapter compositor_gpu
09-17 22:00:59.630 11692 12175 I A04510/com.shusen.lprdemo/chromium: [gpu_hang_adapter.cc:97] compositor_gpu init hang_watcher
09-17 22:00:59.631 11692 11692 I A04510/com.shusen.lprdemo/chromium: [nweb_application.cc:252] NWebApplication::OnBeforeChildProcessLaunch
09-17 22:00:59.631 11692 11692 I A04510/com.shusen.lprdemo/chromium: [nweb_application.cc:288] hap package is not decompresssed
09-17 22:00:59.631 11692 12175 I C04500/com.shusen.lprdemo/webadapter: ReportKeyThread: ReportKeyThread status: 0, uid: 20020391, pid: 11692, tid:12175, role: 2
09-17 22:00:59.634 11692 11692 I A04510/com.shusen.lprdemo/cef: [render_widget_host_view_osr.cc:262] evictUnlockFrameEnabled: 0 featureSwitch:1
09-17 22:00:59.634 11692 11692 I A04510/com.shusen.lprdemo/cef: [arkweb_render_widget_host_view_osr_utils.cc:87] compositor construct, widget = 1
09-17 22:00:59.637 11692 12178 I A04510/com.shusen.lprdemo/chromium: [feature_list_utils.cc:67] scrollbar modify features
09-17 22:00:59.637 11692 12178 I C04500/com.shusen.lprdemo/webadapter: SaveBrowserConnect: AafwkAppMgrClientAdapterImpl SaveBrowserConnect success!
09-17 22:00:59.638 11692 12049 I A04510/com.shusen.lprdemo/cef: [res_reporter.cc:53] ResReporter:[LoadLibrary] load library success!
09-17 22:00:59.638 11692 12049 I A04510/com.shusen.lprdemo/cef: [res_reporter.cc:36] ResReporter::[Init] dlopen libframe_ui_intf.so success!
09-17 22:00:59.638 11692 11692 I A04510/com.shusen.lprdemo/cef: [arkweb_render_widget_host_view_osr_utils.cc:218] CefRenderWidgetHostViewOSR::ShowWithVisibility compositor
09-17 22:00:59.639 11692 11692 I A04510/com.shusen.lprdemo/cef: [render_widget_host_view_osr.cc:529] CefRenderWidgetHostViewOSR::ShowWithVisibility AttachToCompositor
09-17 22:00:59.639 11692 11692 I A04510/com.shusen.lprdemo/chromium: [navigation_request_for_include.cc:17] [WebNavigation] NavigationRequestBeginNavigation isBrowserInitiated:1 isServerRedirect:0 isIncognito:0 navigationId:1 navigationToken:EC8CFF3918A9545B6041009F83F6C7FC url:ht**s://lpr***
09-17 22:00:59.640 11692 11692 I A04510/com.shusen.lprdemo/chromium: [alloy_browser_ua_config.cc:536] MatchViewportWidth [ViewportWidth] arkweb's default viewport width
09-17 22:00:59.640 11692 11692 I A04510/com.shusen.lprdemo/chromium: [arkweb_useragent_utils.cc:175] [WebNavigation] MatchUserAgentForStartNav matchType:4 override:0 userGesture:0 mainFrame:1 fromBFCache:0 isReload:0 url:ht**s://lpr***
09-17 22:00:59.640 11692 11692 I A04510/com.shusen.lprdemo/chromium: [nweb_handler_delegate.cc:6129] begin to handle safe browsing detection,nweb id is 1,detect mode is 0,detect switch is 0
09-17 22:00:59.640 11692 12178 I A04510/com.shusen.lprdemo/chromium: [arkweb_child_process_launcher_helper_utils.cc:82] Initiate a request to AMS to create a child process, child type: renderer
09-17 22:00:59.641 11692 12178 I C04500/com.shusen.lprdemo/webadapter: StartChildProcess: AafwkAppMgrClientAdapterImpl::StartChildProcess, renderParamNew = /system/bin/web_render#--type=renderer#--string-annotations#--enable-crash-reporter=,#--user-data-dir=/data/storage/el2/base#--user-data-dir=/data/storage/el2/base/cache/web#--log-severity=info#--ohos-scheme-handler-custom-scheme={}#--user-hap-path=/data/storage/el1/bundle/entry.hap#--no-sandbox#--enable-touch-drag-drop#--enable-viewport#--no-zygote#--use-mobile-user-agent#--ozone-platform=headless#--bundle-installation-dir=/data/storage/el1/bundle#--bundle-name=com.shusen.lprdemo#--virtual-pixel-ratio=2.862500#--ohos-enable-gwp-asan-type=renderer#--lang=zh-CN#--num-raster-threads=4#--gpu-rasterization-msaa-sample-count=1#--enable-main-frame-before-activation#--renderer-client-id=3#--time-ticks-at-unix-epoch=-1788937637362414#--launch-time-ticks=716022273660#--shared-files#--field-trial-handle=3,i,1563109853507500618,6580438815035334140,262144#--enable-features=ForceScrollbar,OverlayScrollbar,UseOzonePlatform#--disable-features=BackForwardCache,FencedFrames#--variations-seed-version#--enable-logging=stderr#--v=2#--v=2#--appEngineVersion=2#--appBundleName=com.shusen.lprdemo#--appApiVersion=60101024#--appVersion=1.0.0, renderPid = 0
09-17 22:00:59.641 11692 11692 I A04510/com.shusen.lprdemo/chromium: [chrome_content_browser_client_for_include.cc:192] [AdBlock] Start to get adblock switch from UI
09-17 22:00:59.641 11692 11692 I A04510/com.shusen.lprdemo/chromium: [web_contents_impl_ext.cc:356] [AdBlock] trigger adblock switch with rule list
09-17 22:00:59.641 11692 11692 I A04510/com.shusen.lprdemo/chromium: [web_contents_impl_ext.cc:427] [Adblock] set adblock switch for site, frame tree node id:1  adblock switch from UI: 0
09-17 22:00:59.641 11692 11692 I A04510/com.shusen.lprdemo/chromium: [render_frame_host_impl_for_include.cc:218] [AdBlock] Update adblock site switch:0
09-17 22:00:59.641 11692 11692 E A04510/com.shusen.lprdemo/chromium: [nweb_extension_tabs_dispatcher.cc:620] extension api listener is null
09-17 22:00:59.641 11692 11692 I A04510/com.shusen.lprdemo/chromium: [nweb_handler_delegate.cc:2301] NWebHandlerDelegate::OnBeforeBrowse
09-17 22:00:59.641 11692 11692 I A04510/com.shusen.lprdemo/chromium: [nweb_handler_delegate.cc:2332] [WebNavigation] OnLoadIntercept result:0 requestMethod:GET userGesture:0 mainFrame:1 isServerRedirect:0 url:ht**s://lpr***
09-17 22:00:59.642 11692 11692 I A04510/com.shusen.lprdemo/chromium: [arkweb_page_load_metrics_observer.cc:80] [WebLoadTracker] PageStart navigationId:1 startedInForeground:1 currentCommittedUrl:
09-17 22:00:59.642 11692 12045 W C04500/com.shusen.lprdemo/SafeBrowsingService: [sa_common_helper.h:47] failed to get bundle name,err code is 8521226
09-17 22:00:59.642 11692 12045 I C04500/com.shusen.lprdemo/SafeBrowsingService: [safe_browsing_client.cpp:110] begin to init safe browsing client for 
09-17 22:00:59.642 11692 12045 I C04500/com.shusen.lprdemo/SafeBrowsingService: [safe_browsing_client.cpp:113] succeed to init safe browsing client,huawei browser flag is 0
09-17 22:00:59.644 11692 11692 I C0391C/com.shusen.lprdemo/AceFocus: [(100000:100000:scope)] Node: Web/secure_field RequestFocus.
09-17 22:00:59.644 11692 11692 E A04510/com.shusen.lprdemo/chromium: [net_connect_adapter_impl.cpp:396] get default net failed, ret = 201.
09-17 22:00:59.644 11692 11692 I C0391C/com.shusen.lprdemo/AceFocus: [(100000:100000:scope)] Web/secure_field RequestFocusImmediately isOnMainTree:1
09-17 22:00:59.644 11692 11692 I C0391B/com.shusen.lprdemo/AceWeb: [(100000:100000:scope)] WebPattern::HandleFocusEvent webId:1, needOnFocus: 0.
09-17 22:00:59.644 11692 11692 I A04510/com.shusen.lprdemo/chromium: [nweb_delegate.cc:3536] NWebDelegate::OnFocus set web focus, nweb_id = 1
09-17 22:00:59.644 11692 11692 I A04510/com.shusen.lprdemo/chromium: [nweb_handler_delegate.cc:3538] nweb_handler request focus successful, source = 1, nweb_id = 1
09-17 22:00:59.644 11692 11692 I A04510/com.shusen.lprdemo/cef: [render_widget_host_view_osr.cc:1763] CefRenderWidgetHostViewOSR::SetFocus:1
09-17 22:00:59.645 11692 11692 I A04510/com.shusen.lprdemo/chromium: [nweb_inputmethod_handler.cc:516] ReAttchOnfocus, don't need reattach input method
09-17 22:00:59.645 11692 11692 I C0391C/com.shusen.lprdemo/AceFocus: [(100000:100000:scope)] FocusSwitch end, Column/secure_field onBlur, Web/secure_field onFocus, start: 2, end: 1, update: 2
09-17 22:00:59.645 11692 11692 I C03933/com.shusen.lprdemo/AceKeyboard: [(100000:100000:scope)] current focus node: (Web/36). isDynamic: 0
09-17 22:00:59.645 11692 11692 I A04510/com.shusen.lprdemo/chromium: [nweb_inputmethod_handler.cc:1299] NWebInputMethodHandler is_editable_node_ = 0
09-17 22:00:59.645 11692 11692 I A04510/com.shusen.lprdemo/chromium: [nweb_impl.cc:6157] no hittest edit text, web close keyboard.
09-17 22:00:59.645 11692 11692 I C03933/com.shusen.lprdemo/AceKeyboard: [(100000:100000:scope)] FrameNode(Web/36) notNeedSoftKeyboard.
09-17 22:00:59.645 11692 11692 I A04510/com.shusen.lprdemo/chromium: [nweb_extension_manager_dispatcher.cc:226] NWebExtensionManagerDispatcher::OnExtensionInitLoadEndCallBack
09-17 22:00:59.645 11692 11692 E A04510/com.shusen.lprdemo/chromium: [nweb_extension_manager_dispatcher.cc:228] No web extension manager listener
09-17 22:00:59.649 11692 12175 I A04510/com.shusen.lprdemo/chromium: [gl_factory_ohos.cc:166] create offscreen glsurface by surfacelessEGL.
09-17 22:00:59.654 11692 11692 I A04510/com.shusen.lprdemo/chromium: [navigation_url_loader_impl.cc:1117] [WebNavigation] OnReceiveResponse isDownload:0 mustDownload:0 knownMimeType:1 mimeType:text/html url:ht**s://lpr***
09-17 22:00:59.655 11692 11692 I A04510/com.shusen.lprdemo/chromium: [render_process_host_impl.cc:4982] Request to create a new rendering process, current count: 1 Max: 1
09-17 22:00:59.655 11692 11692 I A04510/com.shusen.lprdemo/chromium: [nweb_application.cc:252] NWebApplication::OnBeforeChildProcessLaunch
09-17 22:00:59.655 11692 11692 I A04510/com.shusen.lprdemo/chromium: [nweb_application.cc:288] hap package is not decompresssed
09-17 22:00:59.655 11692 11692 E A04510/com.shusen.lprdemo/chromium: [render_frame_host_manager.cc:4370] RenderFrameHostManager::CreateRenderFrameProxy, rvh is nullptr
09-17 22:00:59.656 11692 11692 I A04510/com.shusen.lprdemo/cef: [render_widget_host_view_osr.cc:262] evictUnlockFrameEnabled: 0 featureSwitch:1
09-17 22:00:59.656 11692 11692 I A04510/com.shusen.lprdemo/cef: [arkweb_render_widget_host_view_osr_utils.cc:87] compositor construct, widget = 1
09-17 22:00:59.657 11692 12175 I A04510/com.shusen.lprdemo/chromium: [gl_surface_egl_ohos.cc:44] CreateNativeViewGLSurfaceEGLOhos:: normal surface, widgetid = 1
09-17 22:00:59.657 11692 12175 I A04510/com.shusen.lprdemo/chromium: [gl_surface_egl_ohos.cc:73] NativeViewGLSurfaceEGLOhos add window ref.
09-17 22:00:59.657 11692 12175 I A04510/com.shusen.lprdemo/chromium: [gl_surface.cc:233] gl_surface, InitializeGLSurface
09-17 22:00:59.658 11692 12109 I A04510/com.shusen.lprdemo/chromium: [external_begin_frame_source_ohos.cc:90] ExternalBeginFrameSourceOHOS constructor!!!
09-17 22:00:59.658 11692 12109 I A04510/com.shusen.lprdemo/chromium: [external_begin_frame_source_ohos.cc:62] VSyncUserData constructor!!!
09-17 22:00:59.658 11692 12109 I A04510/com.shusen.lprdemo/chromium: [root_compositor_frame_sink_impl_ext.cc:63] rootCompositorFrameSinkImpl::SetDrawMode
09-17 22:00:59.658 11692 12109 I A04510/com.shusen.lprdemo/chromium: [arkweb_display_utils.cc:227] SetDrawMode mode=0
09-17 22:00:59.659 11692 11692 I A04510/com.shusen.lprdemo/chromium: [navigation_request.cc:4693] [WebNavigation] SelectFrameHostForOnResponseStarted navigationId:0 routingId:4 rfhSelectedReason:CanUseSourceSiteInstance => false (invalid-source-instance); DetermineSiteInstanceForURL / browsing-instance-swap; GetFrameHostForNavigation / mismatched-site-instance; GetFrameHostForNavigation / new-speculative-rfh url:ht**s://lpr***
09-17 22:00:59.659 11692 11692 I A04510/com.shusen.lprdemo/chromium: [page_load_tracker.cc:541] [WebLoadTracker] WillProcessNavigationResponse navigationId:1 currentNavigationId:1
09-17 22:00:59.660 11692 12045 I C04500/com.shusen.lprdemo/SafeBrowsingService: [safe_browsing_client.cpp:165] succeed to subscribe event,minor protection enable is 0
09-17 22:00:59.660 11692 12045 I C04500/com.shusen.lprdemo/SafeBrowsingService: [safe_browsing_client.cpp:180] minors protection mode is not enabled for third party apps,req id is 1
09-17 22:00:59.660 11692 12045 I A04510/com.shusen.lprdemo/cef: [arkweb_browser_host_ext.cc:3695] code is -1,policy is -1,mapping type is UNPROCESS
09-17 22:00:59.660 11692 12109 I C01406/com.shusen.lprdemo/OHOS::RS: RSFrameRateLinker::Create id: 50216757624834
09-17 22:00:59.661 11692 11692 I A04510/com.shusen.lprdemo/chromium: [render_frame_host_impl_nweb_ex.cc:29] [WebNavigation] CommitNavigation routingId:4 isFirstNavigation:1 isIncognito:0 isSameDocument:0 navigationId:0 navigationToken:EC8CFF3918A9545B6041009F83F6C7FC url:ht**s://lpr***
09-17 22:00:59.662 11692 12109 I A04510/com.shusen.lprdemo/chromium: [arkweb_display_utils.cc:318] Display::Resize newSize = 1224x3
09-17 22:00:59.662 11692 12109 I A04510/com.shusen.lprdemo/chromium: [direct_renderer.cc:172] DirectRenderer::SetVisible status change, visible_ = 1
09-17 22:00:59.662 11692 12109 I A04510/com.shusen.lprdemo/chromium: [root_compositor_frame_sink_impl_ext.cc:63] rootCompositorFrameSinkImpl::SetDrawMode
09-17 22:00:59.662 11692 12109 I A04510/com.shusen.lprdemo/chromium: [arkweb_display_utils.cc:227] SetDrawMode mode=0
09-17 22:00:59.663 11692 11692 I A04510/com.shusen.lprdemo/cef: [arkweb_browser_host_ext.cc:3695] code is -1,policy is -1,mapping type is UNPROCESS
09-17 22:00:59.663 11692 11692 I A04510/com.shusen.lprdemo/cef: [ohos_safe_browsing_tab_helper.cc:146] SafeBrowsing SA detection with policy: -1, code: -1, type: UNPROCESS
09-17 22:00:59.664 11692 12109 I C04500/com.shusen.lprdemo/webadapter: ReportKeyThread: ReportKeyThread status: 0, uid: 20020391, pid: 11692, tid:12191, role: 0
09-17 22:00:59.665 11692 11692 I A04510/com.shusen.lprdemo/chromium: [async_layer_tree_frame_sink_utils.cc:79] web render log: first call SubmitCompositorFrame, local_surface_id = LocalSurfaceId(1, 1, 5269...)
09-17 22:00:59.673 11692 11973 I C02B3F/com.shusen.lprdemo/VIDEOPROCESSENGINE: [video_processing_client.cpp][OnSaLoad 476] SA load success.
09-17 22:00:59.673 11692 11973 W C01810/com.shusen.lprdemo/SA_CLIENT: OnLoadSaSucInner SA:66134 spend 0ms
09-17 22:00:59.692 11692 12178 I C04500/com.shusen.lprdemo/webadapter: ReportKeyThread: ReportKeyThread status: 0, uid: 20020391, pid: 12195, tid:12195, role: 2
09-17 22:00:59.692 11692 12178 I C04500/com.shusen.lprdemo/webadapter: ReportStatusData: ReportWindowStatus status: 0, uid: 20020391, pid: 12195, windowId: 2370, nwebId: 1, sn: 0
09-17 22:00:59.695 11692 11692 I A04510/com.shusen.lprdemo/chromium: [arkweb_render_process_host_impl_ext.cc:98] RenderProcessHost: 12195 Wait 6-second to monitoring channel connection status.
09-17 22:00:59.695 11692 12178 I A04510/com.shusen.lprdemo/chromium: [feature_list_utils.cc:67] scrollbar modify features
09-17 22:00:59.695 11692 12178 I A04510/com.shusen.lprdemo/chromium: [feature_list_utils.cc:67] scrollbar modify features
09-17 22:00:59.695 11692 12178 I A04510/com.shusen.lprdemo/chromium: [arkweb_child_process_launcher_helper_utils.cc:82] Initiate a request to AMS to create a child process, child type: renderer
09-17 22:00:59.695 11692 12178 I C04500/com.shusen.lprdemo/webadapter: StartChildProcess: AafwkAppMgrClientAdapterImpl::StartChildProcess, renderParamNew = /system/bin/web_render#--type=renderer#--string-annotations#--enable-crash-reporter=,#--user-data-dir=/data/storage/el2/base#--user-data-dir=/data/storage/el2/base/cache/web#--log-severity=info#--ohos-scheme-handler-custom-scheme={}#--user-hap-path=/data/storage/el1/bundle/entry.hap#--no-sandbox#--enable-touch-drag-drop#--enable-viewport#--no-zygote#--use-mobile-user-agent#--ozone-platform=headless#--bundle-installation-dir=/data/storage/el1/bundle#--bundle-name=com.shusen.lprdemo#--virtual-pixel-ratio=2.862500#--ohos-enable-gwp-asan-type=renderer#--lang=zh-CN#--num-raster-threads=4#--gpu-rasterization-msaa-sample-count=1#--enable-main-frame-before-activation#--renderer-client-id=4#--time-ticks-at-unix-epoch=-1788937637362414#--launch-time-ticks=716022332744#--shared-files#--field-trial-handle=3,i,1563109853507500618,6580438815035334140,262144#--enable-features=ForceScrollbar,OverlayScrollbar,UseOzonePlatform#--disable-features=BackForwardCache,FencedFrames#--variations-seed-version#--enable-logging=stderr#--v=2#--v=2#--appEngineVersion=2#--appBundleName=com.shusen.lprdemo#--appApiVersion=60101024#--appVersion=1.0.0, renderPid = 0
09-17 22:00:59.700 11692 12070 I C04500/com.shusen.lprdemo/webadapter: ReportKeyThread: ReportKeyThread status: 0, uid: 20020391, pid: 11692, tid:12181, role: 2
09-17 22:00:59.728 11692 12068 W C03F07/MUSL: res_msend_rc_ext: 608: retry failed for 2 nameservers, and get no such name
09-17 22:00:59.728 11692 12068 W C03F07/MUSL: res_msend_rc_ext: 638: response have no ip.
09-17 22:00:59.728 11692 12068 W C03F07/MUSL: Illegal answers, errno id: 0
09-17 22:00:59.728 11692 12068 E A04510/com.shusen.lprdemo/chromium: [address_info.cc:241] get address info failed, out_os_error is: -2 host: ***
09-17 22:00:59.732 11692 12175 I A04510/com.shusen.lprdemo/chromium: [gl_surface_egl_ohos.cc:189] NativeViewGLSurfaceEGLOhos::SetNativeInnerWeb is 0
09-17 22:00:59.732 11692 12175 I A04510/com.shusen.lprdemo/chromium: [gl_surface_egl_ohos.cc:197] NativeViewGLSurfaceEGLOhos::SetBypassVsyncCondition is 0
09-17 22:00:59.732 11692 12175 I A04510/com.shusen.lprdemo/chromium: [gl_surface_egl_ohos.cc:189] NativeViewGLSurfaceEGLOhos::SetNativeInnerWeb is 0
09-17 22:00:59.738 11692 12175 W C02510/com.shusen.lprdemo/load_hdi: OpenHdiServiceImpl failed to get symbol of 'MapperImplRelease', do_dlsym failed: Symbol not found: MapperImplRelease, version: null so=/vendor/lib64/chipsetsdk/libmapper_service_1.0.z.so
09-17 22:00:59.738 11692 12175 W C02510/com.shusen.lprdemo/load_hdi: OpenHdiServiceImpl failed to get symbol of 'MetadataImplRelease', do_dlsym failed: Symbol not found: MetadataImplRelease, version: null so=/vendor/lib64/chipsetsdk/libmetadata_service_1.1.z.so
09-17 22:00:59.739 11692 12175 W C02510/com.shusen.lprdemo/load_hdi: OpenHdiServiceImpl failed to get symbol of 'MapperImplRelease', do_dlsym failed: Symbol not found: MapperImplRelease, version: null so=/vendor/lib64/chipsetsdk/libmapper_service_1.2.z.so
09-17 22:00:59.740 11692 12175 W C02510/com.shusen.lprdemo/load_hdi: OpenHdiServiceImpl failed to get symbol of 'MapperImplRelease', do_dlsym failed: Symbol not found: MapperImplRelease, version: null so=/vendor/lib64/passthrough/libmapper_service_1.3.z.so
09-17 22:00:59.742 11692 12175 I A04510/com.shusen.lprdemo/chromium: [gl_surface_egl_ohos.cc:87] web render log: first call SwapBuffers, size = 1224x3
09-17 22:00:59.743 11692 12175 I C01706/com.shusen.lprdemo/RsFrameReportExt: RsFrameReportExt:[LoadLibrary] load library success!
09-17 22:00:59.743 11692 12175 I C01706/com.shusen.lprdemo/RsFrameReportExt: RsFrameReportExt:[Init] dlopen libframe_ui_intf.so success!
09-17 22:00:59.743 11692 12175 I C01404/com.shusen.lprdemo/FrameSched: LoadLibrary: load library success!
09-17 22:00:59.745 11692 12178 I C04500/com.shusen.lprdemo/webadapter: ReportKeyThread: ReportKeyThread status: 0, uid: 20020391, pid: 12196, tid:12196, role: 2
09-17 22:00:59.745 11692 12178 I C04500/com.shusen.lprdemo/webadapter: ReportStatusData: ReportWindowStatus status: 0, uid: 20020391, pid: 12196, windowId: 2370, nwebId: 1, sn: 1
09-17 22:00:59.747 11692 12191 E A04510/com.shusen.lprdemo/chromium: [external_begin_frame_source_ohos.cc:125] OnVSync data is nullptr
09-17 22:00:59.750 11692 11692 I A04510/com.shusen.lprdemo/chromium: [arkweb_render_process_host_impl_ext.cc:98] RenderProcessHost: 12196 Wait 6-second to monitoring channel connection status.
09-17 22:00:59.796 11692 11692 I A04510/com.shusen.lprdemo/chromium: [arkweb_render_process_host_impl_ext.cc:123] RenderProcessHost: 12195 cancel channel connected check task
09-17 22:00:59.797 11692 11692 I A04510/com.shusen.lprdemo/chromium: [arkweb_render_process_host_impl_utils.cc:544] [themefont] valid font:/data/themes/b/app/fonts/fzxiarikuangyexiangsuti.ttf
09-17 22:00:59.797 11692 11692 W A04510/com.shusen.lprdemo/chromium: [arkweb_render_process_host_impl_ext.cc:224] UpdateReaderModeConfig param reader_mode_config_data is null
09-17 22:00:59.797 11692 11692 I A04510/com.shusen.lprdemo/cef: [alloy_browser_host_impl_ext.cc:1665] AlloyBrowserHostImplExt::RenderViewReady:nweb_id: 1
09-17 22:00:59.797 11692 11692 I A04510/com.shusen.lprdemo/cef: [render_process_state_handler.cc:100] RenderProcessStateHandler::UpdateRenderProcessState: ReportRenderProcessStatus render_id: 12195 report_background_state: 0
09-17 22:00:59.797 11692 11692 I A04510/com.shusen.lprdemo/cef: [alloy_browser_host_impl_ext.cc:1712] AlloyBrowserHostImplExt::ReportWindowStatus: Nweb: 1, window: 2370, pid: 12195 ,rph_unique_id: 3
09-17 22:00:59.797 11692 11692 I A04510/com.shusen.lprdemo/cef: [render_process_state_handler.cc:183] RenderProcessStateHandler::BaseNweb: nweb_id: 1, is_to_background: 0, rph_unique_id: 3, render_process_id: 12195
09-17 22:00:59.797 11692 11692 I C04500/com.shusen.lprdemo/webadapter: ReportStatusData: ReportWindowStatus status: 0, uid: 20020391, pid: 12195, windowId: 2370, nwebId: 1, sn: 2
09-17 22:00:59.801 11692 12049 I A04510/com.shusen.lprdemo/chromium: [arkweb_render_process_host_impl_utils.cc:563] TEST0324 ReportKeyThread pid = 12195, tid = 12214, role = 0
09-17 22:00:59.801 11692 12049 I C04500/com.shusen.lprdemo/webadapter: ReportKeyThread: ReportKeyThread status: 0, uid: 20020391, pid: 12195, tid:12214, role: 0
09-17 22:00:59.802 11692 11692 I A04510/com.shusen.lprdemo/chromium: [date_time_format_adapter_impl.cpp:57] Reg Timezone Event.
09-17 22:00:59.802 11692 11692 I A04510/com.shusen.lprdemo/chromium: [date_time_format_adapter_impl.cpp:87] start time_zone listen.
09-17 22:00:59.804 11692 11692 I C04500/com.shusen.lprdemo/webadapter: AttachSysPropObserver: properties key invalid in attach
09-17 22:00:59.804 11692 11692 I A04510/com.shusen.lprdemo/chromium: [sysprop_render_observer_ohos.cc:101] SysPropRenderObserverOhosImpl start to listen system parameter.
09-17 22:00:59.810 11692 12049 I A04510/com.shusen.lprdemo/chromium: [arkweb_render_process_host_impl_utils.cc:563] TEST0324 ReportKeyThread pid = 12195, tid = 12219, role = 2
09-17 22:00:59.811 11692 12049 I C04500/com.shusen.lprdemo/webadapter: ReportKeyThread: ReportKeyThread status: 0, uid: 20020391, pid: 12195, tid:12219, role: 2
09-17 22:00:59.817 11692 11692 I C04500/com.shusen.lprdemo/webadapter: ReportKeyThread: ReportKeyThread status: 0, uid: 20020391, pid: 12195, tid:12195, role: 2
09-17 22:00:59.840 11692 12094 I A04510/com.shusen.lprdemo/chromium: [gpu_mojo_media_client_ohos.cc:69] GetPlatformSupportedVideoDecoderConfigs
09-17 22:00:59.885 11692 11692 I A04510/com.shusen.lprdemo/chromium: [arkweb_render_process_host_impl_ext.cc:123] RenderProcessHost: 12196 cancel channel connected check task
09-17 22:00:59.885 11692 11692 W A04510/com.shusen.lprdemo/chromium: [arkweb_render_process_host_impl_ext.cc:224] UpdateReaderModeConfig param reader_mode_config_data is null
09-17 22:00:59.886 11692 12049 I A04510/com.shusen.lprdemo/chromium: [arkweb_render_process_host_impl_utils.cc:563] TEST0324 ReportKeyThread pid = 12196, tid = 12230, role = 0
09-17 22:00:59.886 11692 12049 I C04500/com.shusen.lprdemo/webadapter: ReportKeyThread: ReportKeyThread status: 0, uid: 20020391, pid: 12196, tid:12230, role: 0
09-17 22:00:59.905 11692 12049 I A04510/com.shusen.lprdemo/chromium: [arkweb_render_process_host_impl_utils.cc:563] TEST0324 ReportKeyThread pid = 12196, tid = 12232, role = 2
09-17 22:00:59.905 11692 12049 I C04500/com.shusen.lprdemo/webadapter: ReportKeyThread: ReportKeyThread status: 0, uid: 20020391, pid: 12196, tid:12232, role: 2
09-17 22:00:59.912 11692 11692 I C04500/com.shusen.lprdemo/webadapter: ReportKeyThread: ReportKeyThread status: 0, uid: 20020391, pid: 12196, tid:12196, role: 2
09-17 22:00:59.912 11692 11692 I C04500/com.shusen.lprdemo/webadapter: ReportStatusData: ReportWindowStatus status: 0, uid: 20020391, pid: 12196, windowId: 2370, nwebId: 1, sn: 3
09-17 22:00:59.920 11692 12045 I C04500/com.shusen.lprdemo/SafeBrowsingService: [safe_browsing_client.cpp:349] [cloud control] succeed to init safe browsing CloudControl client.
09-17 22:00:59.920 11692 12045 I C04500/com.shusen.lprdemo/SafeBrowsingService: [safe_browsing_client.cpp:398] [cloud control] GetConfigFilePathByType, type is -1
09-17 22:00:59.921 11692 12045 I C04500/com.shusen.lprdemo/SafeBrowsingService: [safe_browsing_client.cpp:433] [cloud control] GetConfigFilePathByType, type is -1
09-17 22:00:59.921 11692 12045 W A04510/com.shusen.lprdemo/chromium: [nweb_safe_browsing_cloud_control_config.cc:210] [cloud control] read changed_config_list_cache failed.
09-17 22:00:59.921 11692 12045 I C04500/com.shusen.lprdemo/SafeBrowsingService: [safe_browsing_client.cpp:398] [cloud control] GetConfigFilePathByType, type is 2
09-17 22:00:59.921 11692 12045 I C04500/com.shusen.lprdemo/SafeBrowsingService: [safe_browsing_client.cpp:433] [cloud control] GetConfigFilePathByType, type is 2
09-17 22:00:59.921 11692 12045 I C04500/com.shusen.lprdemo/SafeBrowsingService: [safe_browsing_client.cpp:398] [cloud control] GetConfigFilePathByType, type is 3
09-17 22:00:59.921 11692 12045 I C04500/com.shusen.lprdemo/SafeBrowsingService: [safe_browsing_client.cpp:433] [cloud control] GetConfigFilePathByType, type is 3
09-17 22:00:59.922 11692 12045 I C04500/com.shusen.lprdemo/SafeBrowsingService: [safe_browsing_client.cpp:362] [cloud control] begin to check CloudControl update V2, req id is -1
09-17 22:00:59.922 11692 12045 E C057C2/com.shusen.lprdemo/IPCObjectProxy: PrintErrorDetailedInfo: failed, handle:0 error:1 desc:*.accessToken proxy:3792481664 time:716022560203468
09-17 22:00:59.923 11692 12045 E C01810/com.shusen.lprdemo/SA_CLIENT: LoadSystemAbility SA:66234 invalid error:1!
09-17 22:00:59.923 11692 12045 E C01810/com.shusen.lprdemo/SA_CLIENT: LoadSystemAbility failed!
09-17 22:00:59.923 11692 12045 W C04500/com.shusen.lprdemo/SafeBrowsingService: [sa_client_helper.h:42] failed to load system ability 66234,timeout is 4000ms
09-17 22:00:59.923 11692 12045 W C04500/com.shusen.lprdemo/SafeBrowsingService: [safe_browsing_client.cpp:234] failed to load system ability
09-17 22:00:59.923 11692 12045 W C04500/com.shusen.lprdemo/SafeBrowsingService: [safe_browsing_client.cpp:368] [cloud control] provider_ null
09-17 22:00:59.924 11692 11692 I A04510/com.shusen.lprdemo/chromium: [render_frame_host_impl_nweb_ex.cc:52] [WebNavigation] DidCommitNavigation routingId:4 isSameDocument:0 navigationId:0 commitNavigationToken:6CFD884E05DA8010F57C52B95D1309EC navigationToken:6CFD884E05DA8010F57C52B95D1309EC url:ht**s://lpr***
09-17 22:00:59.925 11692 11692 I A04510/com.shusen.lprdemo/cef: [arkweb_touch_selection_controller_client_osr_ext.cc:205] Close Quick Menu And Hide Hanles.
09-17 22:00:59.926 11692 11692 I C0391B/com.shusen.lprdemo/AceWeb: [(100000:100000:scope)] OnCursorChange type: 0 isHoverExit: 0
09-17 22:00:59.926 11692 11692 I C02800/com.shusen.lprdemo/InputManagerImpl: [][SetPointerVisible:1483] enter
09-17 22:00:59.927 11692 11692 I C02800/com.shusen.lprdemo/InputManagerImpl: [][SetPointerVisible] leave
09-17 22:00:59.927 11692 11692 I A04510/com.shusen.lprdemo/chromium: [render_frame_host_impl_nweb_ex.cc:65] ResetOwnedNavigationRequests lifecycleState:3 reason:7
09-17 22:00:59.927 11692 12109 I A04510/com.shusen.lprdemo/chromium: [root_compositor_frame_sink_impl_ext.cc:63] rootCompositorFrameSinkImpl::SetDrawMode
09-17 22:00:59.927 11692 11692 I A04510/com.shusen.lprdemo/chromium: [render_frame_host_manager.cc:1187] NativeEmbed BFCache, render frame host can_store = 0, reason = No: BackForwardCache disabled, HTTP status is not OK, scheme is not HTTP or HTTPS, BackForwardCache is not supported by delegate, render frame global id = GlobalRenderFrameHostId(3, 1)
09-17 22:00:59.927 11692 12109 I A04510/com.shusen.lprdemo/chromium: [arkweb_display_utils.cc:227] SetDrawMode mode=0
09-17 22:00:59.927 11692 11692 I A04510/com.shusen.lprdemo/chromium: [ark_web_render_frame_host_manager.cc:52] [WebNavigation] CanEnterBFCache canStore:0 cacheSize:-1 timeToLive:600s hasDiffUserAgent:0 reason:No: BackForwardCache disabled, HTTP status is not OK, scheme is not HTTP or HTTPS, BackForwardCache is not supported by delegate
09-17 22:00:59.927 11692 11692 I A04510/com.shusen.lprdemo/chromium: [render_frame_host_impl_nweb_ex.cc:65] ResetOwnedNavigationRequests lifecycleState:5 reason:9
09-17 22:00:59.927 11692 11692 I A04510/com.shusen.lprdemo/cef: [arkweb_render_widget_host_view_osr_utils.cc:218] CefRenderWidgetHostViewOSR::ShowWithVisibility compositor
09-17 22:00:59.928 11692 11692 I A04510/com.shusen.lprdemo/cef: [render_widget_host_view_osr.cc:529] CefRenderWidgetHostViewOSR::ShowWithVisibility AttachToCompositor
09-17 22:00:59.928 11692 11692 I A04510/com.shusen.lprdemo/chromium: [nweb_handler_delegate.cc:2019] [WebNavigation] NavigationEntryCommitted type:1 mainFrame:1 sameDocument:0 didReplaceEntry:1 url:ht**s://lpr***
09-17 22:00:59.928 11692 11692 I C0391B/com.shusen.lprdemo/AceWeb: [(100000:100000:scope)] WebPattern::UpdateImageOverlayStatus, event = 3, status = 0
09-17 22:00:59.928 11692 11692 I A04510/com.shusen.lprdemo/cef: [ohos_sb_client.cc:92] SafeBrowsing NavigationEntryCommitted ShowBlockingPage
09-17 22:00:59.929 11692 11692 I A04510/com.shusen.lprdemo/cef: [ohos_sb_client.cc:151] SafeBrowsing ShowBlockingPage, hw_code: -1, policy: -1, block_type: 5
09-17 22:00:59.929 11692 11692 I A04510/com.shusen.lprdemo/cef: [ohos_sb_client.cc:151] SafeBrowsing ShowBlockingPage, hw_code: -1, policy: -1, block_type: 5
09-17 22:00:59.929 11692 11692 I A04510/com.shusen.lprdemo/chromium: [nweb_handler_delegate.cc:1993] NWebHandlerDelegate::OnSafeBrowsingCheckFinish
09-17 22:00:59.930 11692 11692 I A04510/com.shusen.lprdemo/chromium: [media_web_contents_observer_for_include.cc:539] DidFinishNavigation, enter
09-17 22:00:59.930 11692 11692 I A04510/com.shusen.lprdemo/chromium: [arkweb_page_load_metrics_observer.cc:162] [WebLoadTracker] PageCommit navigationId:1 currentNavigationId:1
09-17 22:00:59.930 11692 11692 I A04510/com.shusen.lprdemo/cef: [oh_autofill_manager.cc:624] Reset
09-17 22:00:59.931 11692 11692 E A04510/com.shusen.lprdemo/chromium: [declarative_content_is_bookmarked_condition_delegate.cc:158] RequestIsBookmarked failed to search url in bookmarks
09-17 22:00:59.931 11692 11692 I A04510/com.shusen.lprdemo/chromium: [nweb_handler_delegate.cc:1848] [WebNavigation] OnPageBegin transitionType:33554433 url:ht**s://lpr***
09-17 22:00:59.931 11692 11692 I C0391B/com.shusen.lprdemo/AceWeb: [(100000:100000:scope)] WebPattern::UpdateImageOverlayStatus, event = 3, status = 0
09-17 22:00:59.931 11692 11692 W A04510/com.shusen.lprdemo/chromium: [arkweb_native_object.cc:76] NativeArkWeb load start callback is nullptr
09-17 22:00:59.931 11692 11692 I A04510/com.shusen.lprdemo/chromium: [nweb_handler_delegate.cc:5655] [WebNavigation] OnLoadStarted url:ht**s://lpr***
09-17 22:00:59.931 11692 11692 I A04510/com.shusen.lprdemo/cef: [browser_contents_delegate.cc:708] load type = 1
09-17 22:00:59.933 11692 11692 I A04510/com.shusen.lprdemo/cef: [alloy_browser_host_impl_ext.cc:1665] AlloyBrowserHostImplExt::RenderViewReady:nweb_id: 1
09-17 22:00:59.933 11692 11692 I A04510/com.shusen.lprdemo/cef: [render_process_state_handler.cc:100] RenderProcessStateHandler::UpdateRenderProcessState: ReportRenderProcessStatus render_id: 12196 report_background_state: 0
09-17 22:00:59.933 11692 11692 I C04500/com.shusen.lprdemo/webadapter: ReportStatusData: ReportWindowStatus status: 1, uid: 20020391, pid: 12195, windowId: 2370, nwebId: 1, sn: 4
09-17 22:00:59.933 11692 11692 I A04510/com.shusen.lprdemo/cef: [alloy_browser_host_impl_ext.cc:1712] AlloyBrowserHostImplExt::ReportWindowStatus: Nweb: 1, window: 2370, pid: 12196 ,rph_unique_id: 4
09-17 22:00:59.933 11692 11692 I C04500/com.shusen.lprdemo/webadapter: ReportStatusData: ReportWindowStatus status: 0, uid: 20020391, pid: 12196, windowId: 2370, nwebId: 1, sn: 5
09-17 22:00:59.934 11692 11692 I A04510/com.shusen.lprdemo/chromium: [media_avsession_adapter_impl.cpp:468] UpdateMetaData return updated: 1
09-17 22:00:59.936 11692 11692 I C0391B/com.shusen.lprdemo/AceWeb: [(100000:100000:scope)] WebPattern::InitDataDetector
09-17 22:00:59.936 11692 11692 I C0391B/com.shusen.lprdemo/AceWeb: [(100000:100000:scope)] WebDataDetectorAdapter::Init config changed = 1, enable = 0
09-17 22:00:59.936 11692 11692 I C0391B/com.shusen.lprdemo/AceWeb: [(100000:100000:scope)] WebDataDetectorAdapter::SetNWebConfig WebId: 1
09-17 22:00:59.936 11692 11692 I A04510/com.shusen.lprdemo/chromium: [nweb_delegate.cc:5846] NWebDelegate::SetDataDetectorEnable: 0
09-17 22:00:59.938 11692 11692 I A04510/com.shusen.lprdemo/chromium: [render_frame_host_impl_nweb_ex.cc:65] ResetOwnedNavigationRequests lifecycleState:6 reason:9
09-17 22:00:59.938 11692 11692 E A04510/com.shusen.lprdemo/chromium: [nweb_extension_tabs_dispatcher.cc:620] extension api listener is null
09-17 22:00:59.938 11692 11692 I A04510/com.shusen.lprdemo/cef: [arkweb_render_widget_host_view_osr_utils.cc:156] ReleaseCompositor
09-17 22:00:59.940 11692 11692 I A04510/com.shusen.lprdemo/chromium: [display_cutout_host_ohos.cc:71] SetCurrentRenderFrameHost value:2
09-17 22:00:59.940 11692 11692 I A04510/com.shusen.lprdemo/cef: [oh_gin_javascript_bridge_message_filter.cc:48] OhGinJavascriptBridgeMessageFilter dtor
09-17 22:00:59.940 11692 11692 I A04510/com.shusen.lprdemo/chromium: [media_avsession_adapter_impl.cpp:468] UpdateMetaData return updated: 1
09-17 22:00:59.957 11692 11692 I C01356/com.shusen.lprdemo/Recovery: [app_recovery.cpp489]fileDir: /data/storage/el2/base/files
09-17 22:00:59.984 11692 11692 I C0391B/com.shusen.lprdemo/AceWeb: [(100000:100000:scope)] OnRootLayerChanged width : 1224, height : 2764
09-17 22:00:59.990 11692 12178 I A04510/com.shusen.lprdemo/chromium: [arkweb_child_process_launcher_helper_utils.cc:191] RenderExited pid: 12195 known_dead: 0 exitStatus: 0 exitReason: process normal termination
09-17 22:00:59.991 11692 11692 I A04510/com.shusen.lprdemo/cef: [browser_contents_delegate.cc:671] invokeVisualStateCallback success: 1
09-17 22:00:59.991 11692 11692 I A04510/com.shusen.lprdemo/chromium: [arkweb_browser_contents_delegate_ext.cc:222] ArkWebBrowserContentsDelegateExt::OldPageNoLongerRendered
09-17 22:00:59.991 11692 11692 I A04510/com.shusen.lprdemo/chromium: [nweb_handler_delegate.cc:1924] NWebHandlerDelegate::OnPageVisible
09-17 22:00:59.991 11692 11692 I C0391B/com.shusen.lprdemo/AceWeb: [(-2:100000:singleton)] WebClientImpl::OnPageVisible override enter
09-17 22:00:59.991 11692 11692 I C0391B/com.shusen.lprdemo/AceWeb: [(100000:100000:scope)] WebDelegate::OnPageVisible, web id = 1
09-17 22:00:59.991 11692 11692 I C0391B/com.shusen.lprdemo/AceWeb: [(100000:100000:scope)] The developer has not registered this OnPageVisible event
09-17 22:00:59.991 11692 11692 I A04510/com.shusen.lprdemo/chromium: [nweb_handler_delegate.cc:3454] OnScaleInited scale: 100
09-17 22:00:59.997 11692 12238 E C01490/com.shusen.lprdemo/HW_GPU_CPL: [nodict]sched_setscheduler set FIFO failed!
09-17 22:01:00.001 11692 11692 W A04510/com.shusen.lprdemo/chromium: [password_manager.cc:1200] [PasswordSave] AutomaticSave prompt is not available
09-17 22:01:00.001 11692 11692 W A04510/com.shusen.lprdemo/chromium: [password_manager.cc:1259] [PasswordSave] Automatic save prompt is not available.
09-17 22:01:00.001 11692 11692 I A04510/com.shusen.lprdemo/chromium: [arkweb_content_subresource_filter_throttle_manager_ext.cc:129] [AdBlock] subresource map.size():0
09-17 22:01:00.002 11692 11692 I A04510/com.shusen.lprdemo/chromium: [nweb_handler_delegate.cc:1872] NWebHandlerDelegate::OnLoadEnd
09-17 22:01:00.002 11692 11692 I A04510/com.shusen.lprdemo/chromium: [nweb_handler_delegate.cc:1889] [WebNavigation] OnPageEnd httpStatusCode:200 url:ht**s://lpr***
09-17 22:01:00.002 11692 11692 W A04510/com.shusen.lprdemo/chromium: [arkweb_native_object.cc:85] NativeArkWeb load end callback is nullptr
09-17 22:01:00.002 11692 11692 I A04510/com.shusen.lprdemo/chromium: [nweb_handler_delegate.cc:5669] [WebNavigation] OnLoadFinished url:ht**s://lpr***
09-17 22:01:00.003 11692 11692 W A04510/com.shusen.lprdemo/cef: [arkweb_icon_helper_ext.cc:146] No icon sizes available for URL: ***
09-17 22:01:00.003 11692 11692 I A04510/com.shusen.lprdemo/chromium: [media_avsession_adapter_impl.cpp:468] UpdateMetaData return updated: 0
09-17 22:01:00.003 11692 11692 I C0391B/com.shusen.lprdemo/AceWeb: [(100000:100000:scope)] WebPattern::OnScrollEndRecursive
09-17 22:01:00.003 11692 11692 I C0391B/com.shusen.lprdemo/AceWeb: [(100000:100000:scope)] OnPageFinished:Start to RunJsInit.
09-17 22:01:00.003 11692 11692 I C0391B/com.shusen.lprdemo/AceWeb: [(100000:100000:scope)] WebPattern::OnScrollEndRecursive
09-17 22:01:00.006 11692 11692 I C0391B/com.shusen.lprdemo/AceWeb: [(100000:100000:scope)] OnRootLayerChanged width : 1224, height : 2966
09-17 22:01:00.040 11692 12070 I A04510/com.shusen.lprdemo/chromium: [gl_features.cc:191] hmz1106, kDefaultPassthroughCommandDecoder, DISABLE
09-17 22:01:00.041 11692 12070 I A04510/com.shusen.lprdemo/chromium: [gl_features.cc:191] hmz1106, kDefaultPassthroughCommandDecoder, DISABLE
09-17 22:01:00.043 11692 12070 I C01490/com.shusen.lprdemo/HW_GPU_CPL: [nodict]sandbox_path <private>.
09-17 22:01:00.043 11692 12070 I C01490/com.shusen.lprdemo/HW_GPU_CPL: [nodict]inner_dump_info.dump_dir <private>.
09-17 22:01:00.051 11692 12070 I C01490/com.shusen.lprdemo/HW_GPU_CPL: [nodict]sandbox_path <private>.
09-17 22:01:00.051 11692 12070 I C01490/com.shusen.lprdemo/HW_GPU_CPL: [nodict]inner_dump_info.dump_dir <private>.
09-17 22:01:00.055 11692 12175 I A04510/com.shusen.lprdemo/chromium: [gl_surface_egl_ohos.cc:189] NativeViewGLSurfaceEGLOhos::SetNativeInnerWeb is 0
09-17 22:01:00.323 11692 11692 I A04510/com.shusen.lprdemo/chromium: [arkweb_page_load_metrics_observer.cc:370] [WebLoadTracker] PageDomContentLoadedEventStart navigationId:1
09-17 22:01:00.323 11692 11692 I A04510/com.shusen.lprdemo/chromium: [arkweb_page_load_metrics_observer.cc:410] [WebLoadTracker] PageLoadEventEnd navigationId:1 domInteractive:356 domContentLoadedEvent:371-371 loadEvent:372-372
09-17 22:01:00.323 11692 11692 I A04510/com.shusen.lprdemo/chromium: [arkweb_page_load_metrics_observer.cc:201] [WebLoadTracker] PageFirstContentfulPaintInPage navigationId:1 FCP:440ms
09-17 22:01:00.323 11692 11692 I A04510/com.shusen.lprdemo/chromium: [nweb_handler_delegate.cc:1933] NWebHandlerDelegate::OnFirstContentfulPaint
09-17 22:01:00.323 11692 11692 I C0391B/com.shusen.lprdemo/AceWeb: [(100000:100000:scope)] WebDelegate::OnFirstContentfulPaint, web id = 1
09-17 22:01:00.726 11692 11692 I A0D001/com.shusen.lprdemo/LprNativeUI: VULKAN PROBE len=1831
09-17 22:01:00.726 11692 11692 I A0D001/com.shusen.lprdemo/LprNativeUI: VULKAN PROBE [0] {"probe":"vulkan-app-level","date":"2026-09-17","loader":{"ok":true,"lib":"libvulkan.so"},"instanceExtensions":["VK_KHR_get_physical_device_properties2","VK_KHR_external_semaphore_capabilities","VK_KHR_external_fence_capabilities","VK_KHR_external_memory_capabilities","VK_KHR_device_group_creation","VK_EXT_debug_utils","VK_EXT_debug_report","VK_KHR_portability_enumeration","VK_LUNARG_direct_driver
09-17 22:01:00.726 11692 11692 I A0D001/com.shusen.lprdemo/LprNativeUI: VULKAN PROBE [1] _loading","VK_KHR_surface","VK_OHOS_surface","VK_EXT_swapchain_colorspace","VK_KHR_get_surface_capabilities2"],"createInstance":{"result":0},"devices":{"result":0,"count":1},"deviceList":[{"name":"Maleoon 920C","vendorID":0x19e5,"deviceID":0x20011000,"deviceType":"integrated","apiVersion":"1.3.275","driverVersion":"29.368.428","queueFamilies":1,"graphicsOnlyQueues":0,"computeOnlyQueues":0,"graphic
09-17 22:01:00.726 11692 11692 I A0D001/com.shusen.lprdemo/LprNativeUI: VULKAN PROBE [2] sComputeQueues":2,"deviceExtensions":["VK_KHR_driver_properties","VK_KHR_draw_indirect_count","VK_EXT_sample_locations","VK_EXT_index_type_uint8","VK_EXT_conditional_rendering","VK_EXT_depth_clip_enable","VK_KHR_16bit_storage","VK_KHR_8bit_storage","VK_KHR_image_format_list","VK_KHR_sampler_mirror_clamp_to_edge","VK_EXT_sampler_filter_minmax","VK_EXT_astc_decode_mode","VK_EXT_texture_compression_a
09-17 22:01:00.726 11692 11692 I A0D001/com.shusen.lprdemo/LprNativeUI: VULKAN PROBE [3] stc_hdr","VK_KHR_shader_float16_int8","VK_KHR_shader_float_controls","VK_KHR_spirv_1_4","VK_KHR_uniform_buffer_standard_layout","VK_KHR_shader_draw_parameters","VK_KHR_storage_buffer_storage_class","VK_KHR_relaxed_block_layout","VK_EXT_scalar_block_layout","VK_KHR_variable_pointers","VK_KHR_vulkan_memory_model","VK_KHR_maintenance1","VK_KHR_maintenance2","VK_KHR_maintenance3","VK_KHR_maintenance4"
09-17 22:01:00.727 11692 11692 I A0D001/com.shusen.lprdemo/LprNativeUI: VULKAN PROBE [4] ,"VK_KHR_maintenance5","VK_EXT_descriptor_indexing","VK_EXT_inline_uniform_block","VK_KHR_imageless_framebuffer","VK_KHR_create_renderpass2"],"deviceExtensionsCount":97,"deviceExtensionsResult":0}],"verdict":"GPU_COMPUTE_FEASIBLE"}
09-17 22:01:00.727 11692 11692 I C02B01/com.shusen.lprdemo/CAMERA: {CreateCameraManager():735} CreateCameraManager is called
09-17 22:01:00.727 11692 11692 I C02B01/com.shusen.lprdemo/CAMERA: {GetInstance():1630} Initializing camera manager for first time!
09-17 22:01:00.727 11692 11692 I C02B01/com.shusen.lprdemo/CAMERA: {CameraManager():169} CameraManager::CameraManager construct enter
09-17 22:01:00.727 11692 11692 I C02B01/com.shusen.lprdemo/CAMERA: {SubscribeSystemAbility():1195} Enter Into CameraManager::SubscribeSystemAbility
09-17 22:01:00.727 11692 11692 I C02B01/com.shusen.lprdemo/CAMERA: {SubscribeSystemAbility():1208} SubscribeSystemAbility ret = 0
09-17 22:01:00.728 11692 11973 I C02B01/com.shusen.lprdemo/CAMERA: {OnAddSystemAbility():25} OnAddSystemAbility,id: 3008
09-17 22:01:00.729 11692 11692 I C02B01/com.shusen.lprdemo/CAMERA: {GetBundleName():1173} bundleName: [<private>]
09-17 22:01:00.730 11692 11692 I C02B01/com.shusen.lprdemo/CAMERA: {CreateCameraManager():744} CreateCameraManager is ok
09-17 22:01:00.730 11692 11692 I C02B01/com.shusen.lprdemo/CAMERA: {GetSupportedCameras():1202} GetSupportedCameras is called
09-17 22:01:00.731 11692 11692 W C04201/com.shusen.lprdemo/DMS: RegisterClientDeathListener: regis reverse death
09-17 22:01:00.731 11692 11692 I C04201/com.shusen.lprdemo/DMS: RegisterClientDeathListener: ENTER
09-17 22:01:00.731 11692 11973 I C02B01/com.shusen.lprdemo/CAMERA: {AddServiceProxyDeathRecipient():1295} CameraManager::AddServiceProxyDeathRecipient remove last deathRecipient
09-17 22:01:00.737 11692 11692 I C02B01/com.shusen.lprdemo/CAMERA: {GetDmDeviceInfo():1657} CameraManager::GetDmDeviceInfo size=1
09-17 22:01:00.739 11692 11692 W C02510/com.shusen.lprdemo/load_hdi: OpenHdiServiceImpl failed to get symbol of 'CameraVendorTagImplRelease', do_dlsym failed: Symbol not found: CameraVendorTagImplRelease, version: null so=/vendor/lib64/passthrough/libcamera_vendor_tag_service_1.0.z.so
09-17 22:01:00.739 11692 11692 I C02B01/com.shusen.lprdemo/CAMERA: {CameraDevice():103} camera cameraid = device/0, devicename: = 
09-17 22:01:00.739 11692 11692 I C02B01/com.shusen.lprdemo/CAMERA: {init():199} type:<private>
09-17 22:01:00.739 11692 11692 I C02B01/com.shusen.lprdemo/CAMERA: {init():199} type:<private>
09-17 22:01:00.739 11692 11692 I C02B01/com.shusen.lprdemo/CAMERA: {init():199} type:<private>
09-17 22:01:00.739 11692 11692 I C02B01/com.shusen.lprdemo/CAMERA: {init():199} type:<private>
09-17 22:01:00.739 11692 11692 I C02B01/com.shusen.lprdemo/CAMERA: {init():199} type:<private>
09-17 22:01:00.739 11692 11692 I C02B01/com.shusen.lprdemo/CAMERA: {init():199} type:<private>
09-17 22:01:00.739 11692 11692 I C02B01/com.shusen.lprdemo/CAMERA: {init():199} type:<private>
09-17 22:01:00.739 11692 11692 I C02B01/com.shusen.lprdemo/CAMERA: {init():199} type:<private>
09-17 22:01:00.739 11692 11692 I C02B01/com.shusen.lprdemo/CAMERA: {init():199} type:<private>
09-17 22:01:00.739 11692 11692 I C02B01/com.shusen.lprdemo/CAMERA: {init():211} CameraDevice::init sensorColorFilterArrangement_:<private>
09-17 22:01:00.739 11692 11692 I C02B01/com.shusen.lprdemo/CAMERA: {InitLensDistortion():270} CameraDevice::InitLensDistortion, lensDistortion_ size: 8, lensDistortion_: [0,0,0,0,0,0,0,0]
09-17 22:01:00.739 11692 11692 I C02B01/com.shusen.lprdemo/CAMERA: {InitLensIntrinsicCalibration():289} CameraDevice::InitLensIntrinsicCalibration, lensIntrinsicCalibration_ size: 5, lensIntrinsicCalibration_: [0,0,0,0,0]
09-17 22:01:00.739 11692 11692 I C02B01/com.shusen.lprdemo/CAMERA: {InitSensorPhysicalSize():307} CameraDevice::InitSensorPhysicalSize, sensorPhysicalSize_ size: 2, sensorPhysicalSize_: [8.26,6.2]
09-17 22:01:00.739 11692 11692 I C02B01/com.shusen.lprdemo/CAMERA: {InitSensorPixelArraySize():325} CameraDevice::InitSensorPixelArraySize, sensorPixelArraySize_ size: 2, sensorPixelArraySize_: [8192,6144]
09-17 22:01:00.739 11692 11692 I C02B01/com.shusen.lprdemo/CAMERA: {InitLensEquivalentFocalLength():344} CameraDevice::InitLensEquivalentFocalLength, lensEquivalentFocalLength size: 3, lensEquivalentFocalLength: [16,24,70]
09-17 22:01:00.740 11692 11692 I C02B01/com.shusen.lprdemo/CAMERA: {InitVariableOrientation():352} CameraDevice::InitVariableOrientation variable orientation is closed
09-17 22:01:00.740 11692 11692 I C02B01/com.shusen.lprdemo/CAMERA: {init():253} camera position: 1, camera type: 0, camera connection type: 0, camera foldScreen type: 0, camera orientation: 90, isretractable: 0, moduleType: 12, foldStatus: 0, supportSpecSearch: 1
09-17 22:01:00.740 11692 11692 I C02B01/com.shusen.lprdemo/CAMERA: {SetFullPreviewProfiles():699} Set full preview profiles for mode: 1, profile size: 48
09-17 22:01:00.740 11692 11692 I C02B01/com.shusen.lprdemo/CAMERA: {SetFullPreviewProfiles():699} Set full preview profiles for mode: 2, profile size: 192
09-17 22:01:00.741 11692 11692 I C02B01/com.shusen.lprdemo/CAMERA: {SetFullPreviewProfiles():699} Set full preview profiles for mode: 3, profile size: 48
09-17 22:01:00.741 11692 11692 I C02B01/com.shusen.lprdemo/CAMERA: {SetFullPreviewProfiles():699} Set full preview profiles for mode: 4, profile size: 48
09-17 22:01:00.741 11692 11692 I C02B01/com.shusen.lprdemo/CAMERA: {SetFullPreviewProfiles():699} Set full preview profiles for mode: 7, profile size: 48
09-17 22:01:00.741 11692 11692 I C02B01/com.shusen.lprdemo/CAMERA: {SetFullPreviewProfiles():699} Set full preview profiles for mode: 6, profile size: 48
09-17 22:01:00.741 11692 11692 I C02B01/com.shusen.lprdemo/CAMERA: {SetFullPreviewProfiles():699} Set full preview profiles for mode: 13, profile size: 48
09-17 22:01:00.741 11692 11692 I C02B01/com.shusen.lprdemo/CAMERA: {SetFullPreviewProfiles():699} Set full preview profiles for mode: 8, profile size: 48
09-17 22:01:00.742 11692 11692 I C02B01/com.shusen.lprdemo/CAMERA: {SetFullPreviewProfiles():699} Set full preview profiles for mode: 9, profile size: 96
09-17 22:01:00.742 11692 11692 I C02B01/com.shusen.lprdemo/CAMERA: {SetFullPreviewProfiles():699} Set full preview profiles for mode: 11, profile size: 48
09-17 22:01:00.742 11692 11692 I C02B01/com.shusen.lprdemo/CAMERA: {SetFullPreviewProfiles():699} Set full preview profiles for mode: 12, profile size: 96
09-17 22:01:00.742 11692 11692 I C02B01/com.shusen.lprdemo/CAMERA: {SetFullPreviewProfiles():699} Set full preview profiles for mode: 14, profile size: 0
09-17 22:01:00.742 11692 11692 I C02B01/com.shusen.lprdemo/CAMERA: {SetFullPreviewProfiles():699} Set full preview profiles for mode: 16, profile size: 48
09-17 22:01:00.742 11692 11692 I C02B01/com.shusen.lprdemo/CAMERA: {SetFullPreviewProfiles():699} Set full preview profiles for mode: 19, profile size: 50
09-17 22:01:00.743 11692 11692 I C02B01/com.shusen.lprdemo/CAMERA: {SetFullPreviewProfiles():699} Set full preview profiles for mode: 18, profile size: 52
09-17 22:01:00.743 11692 11692 I C02B01/com.shusen.lprdemo/CAMERA: {SetFullPreviewProfiles():699} Set full preview profiles for mode: 20, profile size: 3
09-17 22:01:00.743 11692 11692 I C02B01/com.shusen.lprdemo/CAMERA: {SetFullPreviewProfiles():699} Set full preview profiles for mode: 0, profile size: 48
09-17 22:01:00.743 11692 11692 W C02B01/com.shusen.lprdemo/CAMERA: {SetMultiCameraCombinationInfo():1598} cameraAbility not support OHOS_ABILITY_UNSUPPORTED_MULTI_CAMERA_COMBINATIONS
09-17 22:01:00.743 11692 11692 I C02B01/com.shusen.lprdemo/CAMERA: {CameraDevice():103} camera cameraid = device/1, devicename: = 
09-17 22:01:00.743 11692 11692 I C02B01/com.shusen.lprdemo/CAMERA: {init():199} type:<private>
09-17 22:01:00.743 11692 11692 I C02B01/com.shusen.lprdemo/CAMERA: {init():199} type:<private>
09-17 22:01:00.743 11692 11692 I C02B01/com.shusen.lprdemo/CAMERA: {init():199} type:<private>
09-17 22:01:00.743 11692 11692 I C02B01/com.shusen.lprdemo/CAMERA: {init():199} type:<private>
09-17 22:01:00.743 11692 11692 I C02B01/com.shusen.lprdemo/CAMERA: {init():199} type:<private>
09-17 22:01:00.743 11692 11692 I C02B01/com.shusen.lprdemo/CAMERA: {init():199} type:<private>
09-17 22:01:00.743 11692 11692 I C02B01/com.shusen.lprdemo/CAMERA: {init():199} type:<private>
09-17 22:01:00.743 11692 11692 I C02B01/com.shusen.lprdemo/CAMERA: {init():199} type:<private>
09-17 22:01:00.743 11692 11692 I C02B01/com.shusen.lprdemo/CAMERA: {init():199} type:<private>
09-17 22:01:00.744 11692 11692 I C02B01/com.shusen.lprdemo/CAMERA: {init():211} CameraDevice::init sensorColorFilterArrangement_:<private>
09-17 22:01:00.744 11692 11692 I C02B01/com.shusen.lprdemo/CAMERA: {InitLensDistortion():270} CameraDevice::InitLensDistortion, lensDistortion_ size: 8, lensDistortion_: [0,0,0,0,0,0,0,0]
09-17 22:01:00.744 11692 11692 I C02B01/com.shusen.lprdemo/CAMERA: {InitLensIntrinsicCalibration():289} CameraDevice::InitLensIntrinsicCalibration, lensIntrinsicCalibration_ size: 5, lensIntrinsicCalibration_: [0,0,0,0,0]
09-17 22:01:00.744 11692 11692 I C02B01/com.shusen.lprdemo/CAMERA: {InitSensorPhysicalSize():307} CameraDevice::InitSensorPhysicalSize, sensorPhysicalSize_ size: 2, sensorPhysicalSize_: [4.99,3.74]
09-17 22:01:00.744 11692 11692 I C02B01/com.shusen.lprdemo/CAMERA: {InitSensorPixelArraySize():325} CameraDevice::InitSensorPixelArraySize, sensorPixelArraySize_ size: 2, sensorPixelArraySize_: [8192,6144]
09-17 22:01:00.744 11692 11692 I C02B01/com.shusen.lprdemo/CAMERA: {InitLensEquivalentFocalLength():344} CameraDevice::InitLensEquivalentFocalLength, lensEquivalentFocalLength size: 1, lensEquivalentFocalLength: [26]
09-17 22:01:00.744 11692 11692 I C02B01/com.shusen.lprdemo/CAMERA: {InitVariableOrientation():352} CameraDevice::InitVariableOrientation variable orientation is closed
09-17 22:01:00.744 11692 11692 I C02B01/com.shusen.lprdemo/CAMERA: {init():253} camera position: 2, camera type: 0, camera connection type: 0, camera foldScreen type: 0, camera orientation: 270, isretractable: 0, moduleType: 8, foldStatus: 0, supportSpecSearch: 1
09-17 22:01:00.744 11692 11692 I C02B01/com.shusen.lprdemo/CAMERA: {SetFullPreviewProfiles():699} Set full preview profiles for mode: 1, profile size: 42
09-17 22:01:00.744 11692 11692 I C02B01/com.shusen.lprdemo/CAMERA: {SetFullPreviewProfiles():699} Set full preview profiles for mode: 2, profile size: 168
09-17 22:01:00.745 11692 11692 I C02B01/com.shusen.lprdemo/CAMERA: {SetFullPreviewProfiles():699} Set full preview profiles for mode: 3, profile size: 42
09-17 22:01:00.745 11692 11692 I C02B01/com.shusen.lprdemo/CAMERA: {SetFullPreviewProfiles():699} Set full preview profiles for mode: 4, profile size: 42
09-17 22:01:00.745 11692 11692 I C02B01/com.shusen.lprdemo/CAMERA: {SetFullPreviewProfiles():699} Set full preview profiles for mode: 13, profile size: 42
09-17 22:01:00.745 11692 11692 I C02B01/com.shusen.lprdemo/CAMERA: {SetFullPreviewProfiles():699} Set full preview profiles for mode: 15, profile size: 42
09-17 22:01:00.745 11692 11692 I C02B01/com.shusen.lprdemo/CAMERA: {SetFullPreviewProfiles():699} Set full preview profiles for mode: 19, profile size: 44
09-17 22:01:00.745 11692 11692 I C02B01/com.shusen.lprdemo/CAMERA: {SetFullPreviewProfiles():699} Set full preview profiles for mode: 14, profile size: 2
09-17 22:01:00.745 11692 11692 I C02B01/com.shusen.lprdemo/CAMERA: {SetFullPreviewProfiles():699} Set full preview profiles for mode: 16, profile size: 42
09-17 22:01:00.745 11692 11692 I C02B01/com.shusen.lprdemo/CAMERA: {SetFullPreviewProfiles():699} Set full preview profiles for mode: 0, profile size: 42
09-17 22:01:00.745 11692 11692 W C02B01/com.shusen.lprdemo/CAMERA: {SetMultiCameraCombinationInfo():1598} cameraAbility not support OHOS_ABILITY_UNSUPPORTED_MULTI_CAMERA_COMBINATIONS
09-17 22:01:00.745 11692 11692 E C02B01/com.shusen.lprdemo/CAMERA: {AlignVideoFpsProfile():2564} CameraManager::AlignVideoFpsProfile enter
09-17 22:01:00.746 11692 11692 I C02B01/com.shusen.lprdemo/CAMERA: {GetApiVersion():47} targetVersion: [60101024], apiCompatibleVersion: [24]
09-17 22:01:00.746 11692 11692 I C02B01/com.shusen.lprdemo/CAMERA: {AlignVideoFpsProfile():2598} CameraManager::AlignVideoFpsProfile backProfile w(480),h(480), frontProfile w(480),h(480)
09-17 22:01:00.746 11692 11692 I C02B01/com.shusen.lprdemo/CAMERA: {AlignVideoFpsProfile():2598} CameraManager::AlignVideoFpsProfile backProfile w(480),h(480), frontProfile w(480),h(480)
09-17 22:01:00.746 11692 11692 I C02B01/com.shusen.lprdemo/CAMERA: {AlignVideoFpsProfile():2598} CameraManager::AlignVideoFpsProfile backProfile w(640),h(480), frontProfile w(640),h(480)
09-17 22:01:00.746 11692 11692 I C02B01/com.shusen.lprdemo/CAMERA: {AlignVideoFpsProfile():2598} CameraManager::AlignVideoFpsProfile backProfile w(640),h(480), frontProfile w(640),h(480)
09-17 22:01:00.746 11692 11692 I C02B01/com.shusen.lprdemo/CAMERA: {AlignVideoFpsProfile():2598} CameraManager::AlignVideoFpsProfile backProfile w(720),h(720), frontProfile w(720),h(720)
09-17 22:01:00.746 11692 11692 I C02B01/com.shusen.lprdemo/CAMERA: {AlignVideoFpsProfile():2598} CameraManager::AlignVideoFpsProfile backProfile w(720),h(720), frontProfile w(720),h(720)
09-17 22:01:00.746 11692 11692 I C02B01/com.shusen.lprdemo/CAMERA: {AlignVideoFpsProfile():2598} CameraManager::AlignVideoFpsProfile backProfile w(864),h(480), frontProfile w(864),h(480)
09-17 22:01:00.746 11692 11692 I C02B01/com.shusen.lprdemo/CAMERA: {AlignVideoFpsProfile():2598} CameraManager::AlignVideoFpsProfile backProfile w(864),h(480), frontProfile w(864),h(480)
09-17 22:01:00.746 11692 11692 I C02B01/com.shusen.lprdemo/CAMERA: {AlignVideoFpsProfile():2598} CameraManager::AlignVideoFpsProfile backProfile w(960),h(720), frontProfile w(960),h(720)
09-17 22:01:00.746 11692 11692 I C02B01/com.shusen.lprdemo/CAMERA: {AlignVideoFpsProfile():2598} CameraManager::AlignVideoFpsProfile backProfile w(960),h(720), frontProfile w(960),h(720)
09-17 22:01:00.746 11692 11692 I C02B01/com.shusen.lprdemo/CAMERA: {AlignVideoFpsProfile():2598} CameraManager::AlignVideoFpsProfile backProfile w(960),h(960), frontProfile w(960),h(960)
09-17 22:01:00.746 11692 11692 I C02B01/com.shusen.lprdemo/CAMERA: {AlignVideoFpsProfile():2598} CameraManager::AlignVideoFpsProfile backProfile w(960),h(960), frontProfile w(960),h(960)
09-17 22:01:00.746 11692 11692 I C02B01/com.shusen.lprdemo/CAMERA: {AlignVideoFpsProfile():2598} CameraManager::AlignVideoFpsProfile backProfile w(1024),h(768), frontProfile w(1024),h(768)
09-17 22:01:00.746 11692 11692 I C02B01/com.shusen.lprdemo/CAMERA: {AlignVideoFpsProfile():2598} CameraManager::AlignVideoFpsProfile backProfile w(1024),h(768), frontProfile w(1024),h(768)
09-17 22:01:00.746 11692 11692 I C02B01/com.shusen.lprdemo/CAMERA: {AlignVideoFpsProfile():2598} CameraManager::AlignVideoFpsProfile backProfile w(1080),h(1080), frontProfile w(1080),h(1080)
09-17 22:01:00.746 11692 11692 I C02B01/com.shusen.lprdemo/CAMERA: {AlignVideoFpsProfile():2598} CameraManager::AlignVideoFpsProfile backProfile w(1080),h(1080), frontProfile w(1080),h(1080)
09-17 22:01:00.746 11692 11692 I C02B01/com.shusen.lprdemo/CAMERA: {AlignVideoFpsProfile():2598} CameraManager::AlignVideoFpsProfile backProfile w(1088),h(1088), frontProfile w(1088),h(1088)
09-17 22:01:00.746 11692 11692 I C02B01/com.shusen.lprdemo/CAMERA: {AlignVideoFpsProfile():2598} CameraManager::AlignVideoFpsProfile backProfile w(1088),h(1088), frontProfile w(1088),h(1088)
09-17 22:01:00.746 11692 11692 I C02B01/com.shusen.lprdemo/CAMERA: {AlignVideoFpsProfile():2598} CameraManager::AlignVideoFpsProfile backProfile w(1280),h(720), frontProfile w(1280),h(720)
09-17 22:01:00.746 11692 11692 I C02B01/com.shusen.lprdemo/CAMERA: {AlignVideoFpsProfile():2598} CameraManager::AlignVideoFpsProfile backProfile w(1280),h(720), frontProfile w(1280),h(720)
09-17 22:01:00.746 11692 11692 I C02B01/com.shusen.lprdemo/CAMERA: {AlignVideoFpsProfile():2598} CameraManager::AlignVideoFpsProfile backProfile w(1280),h(960), frontProfile w(1280),h(960)
09-17 22:01:00.746 11692 11692 I C02B01/com.shusen.lprdemo/CAMERA: {AlignVideoFpsProfile():2598} CameraManager::AlignVideoFpsProfile backProfile w(1280),h(960), frontProfile w(1280),h(960)
09-17 22:01:00.746 11692 11692 I C02B01/com.shusen.lprdemo/CAMERA: {AlignVideoFpsProfile():2598} CameraManager::AlignVideoFpsProfile backProfile w(1440),h(1080), frontProfile w(1440),h(1080)
09-17 22:01:00.746 11692 11692 I C02B01/com.shusen.lprdemo/CAMERA: {AlignVideoFpsProfile():2598} CameraManager::AlignVideoFpsProfile backProfile w(1440),h(1080), frontProfile w(1440),h(1080)
09-17 22:01:00.746 11692 11692 I C02B01/com.shusen.lprdemo/CAMERA: {AlignVideoFpsProfile():2598} CameraManager::AlignVideoFpsProfile backProfile w(1440),h(1440), frontProfile w(1440),h(1440)
09-17 22:01:00.746 11692 11692 I C02B01/com.shusen.lprdemo/CAMERA: {AlignVideoFpsProfile():2598} CameraManager::AlignVideoFpsProfile backProfile w(1440),h(1440), frontProfile w(1440),h(1440)
09-17 22:01:00.746 11692 11692 I C02B01/com.shusen.lprdemo/CAMERA: {AlignVideoFpsProfile():2598} CameraManager::AlignVideoFpsProfile backProfile w(1536),h(864), frontProfile w(1536),h(864)
09-17 22:01:00.746 11692 11692 I C02B01/com.shusen.lprdemo/CAMERA: {AlignVideoFpsProfile():2598} CameraManager::AlignVideoFpsProfile backProfile w(1536),h(864), frontProfile w(1536),h(864)
09-17 22:01:00.746 11692 11692 I C02B01/com.shusen.lprdemo/CAMERA: {AlignVideoFpsProfile():2598} CameraManager::AlignVideoFpsProfile backProfile w(1664),h(736), frontProfile w(1664),h(736)
09-17 22:01:00.746 11692 11692 I C02B01/com.shusen.lprdemo/CAMERA: {AlignVideoFpsProfile():2598} CameraManager::AlignVideoFpsProfile backProfile w(1664),h(736), frontProfile w(1664),h(736)
09-17 22:01:00.746 11692 11692 I C02B01/com.shusen.lprdemo/CAMERA: {AlignVideoFpsProfile():2598} CameraManager::AlignVideoFpsProfile backProfile w(1920),h(1080), frontProfile w(1920),h(1080)
09-17 22:01:00.746 11692 11692 I C02B01/com.shusen.lprdemo/CAMERA: {AlignVideoFpsProfile():2598} CameraManager::AlignVideoFpsProfile backProfile w(1920),h(1080), frontProfile w(1920),h(1080)
09-17 22:01:00.746 11692 11692 I C02B01/com.shusen.lprdemo/CAMERA: {AlignVideoFpsProfile():2598} CameraManager::AlignVideoFpsProfile backProfile w(1920),h(1440), frontProfile w(1920),h(1440)
09-17 22:01:00.746 11692 11692 I C02B01/com.shusen.lprdemo/CAMERA: {AlignVideoFpsProfile():2598} CameraManager::AlignVideoFpsProfile backProfile w(1920),h(1440), frontProfile w(1920),h(1440)
09-17 22:01:00.746 11692 11692 I C02B01/com.shusen.lprdemo/CAMERA: {AlignVideoFpsProfile():2598} CameraManager::AlignVideoFpsProfile backProfile w(2160),h(2160), frontProfile w(2160),h(2160)
09-17 22:01:00.746 11692 11692 I C02B01/com.shusen.lprdemo/CAMERA: {AlignVideoFpsProfile():2598} CameraManager::AlignVideoFpsProfile backProfile w(2160),h(2160), frontProfile w(2160),h(2160)
09-17 22:01:00.746 11692 11692 I C02B01/com.shusen.lprdemo/CAMERA: {AlignVideoFpsProfile():2598} CameraManager::AlignVideoFpsProfile backProfile w(2448),h(1080), frontProfile w(2448),h(1080)
09-17 22:01:00.746 11692 11692 I C02B01/com.shusen.lprdemo/CAMERA: {AlignVideoFpsProfile():2598} CameraManager::AlignVideoFpsProfile backProfile w(2448),h(1080), frontProfile w(2448),h(1080)
09-17 22:01:00.746 11692 11692 I C02B01/com.shusen.lprdemo/CAMERA: {AlignVideoFpsProfile():2598} CameraManager::AlignVideoFpsProfile backProfile w(2560),h(1440), frontProfile w(2560),h(1440)
09-17 22:01:00.746 11692 11692 I C02B01/com.shusen.lprdemo/CAMERA: {AlignVideoFpsProfile():2598} CameraManager::AlignVideoFpsProfile backProfile w(2560),h(1440), frontProfile w(2560),h(1440)
09-17 22:01:00.746 11692 11692 I C02B01/com.shusen.lprdemo/CAMERA: {AlignVideoFpsProfile():2598} CameraManager::AlignVideoFpsProfile backProfile w(2880),h(2160), frontProfile w(2880),h(2160)
09-17 22:01:00.746 11692 11692 I C02B01/com.shusen.lprdemo/CAMERA: {AlignVideoFpsProfile():2598} CameraManager::AlignVideoFpsProfile backProfile w(2880),h(2160), frontProfile w(2880),h(2160)
09-17 22:01:00.746 11692 11692 I C02B01/com.shusen.lprdemo/CAMERA: {AlignVideoFpsProfile():2598} CameraManager::AlignVideoFpsProfile backProfile w(3072),h(3072), frontProfile w(3072),h(3072)
09-17 22:01:00.746 11692 11692 I C02B01/com.shusen.lprdemo/CAMERA: {AlignVideoFpsProfile():2598} CameraManager::AlignVideoFpsProfile backProfile w(3072),h(3072), frontProfile w(3072),h(3072)
09-17 22:01:00.746 11692 11692 I C02B01/com.shusen.lprdemo/CAMERA: {AlignVideoFpsProfile():2598} CameraManager::AlignVideoFpsProfile backProfile w(3264),h(2448), frontProfile w(3264),h(2448)
09-17 22:01:00.746 11692 11692 I C02B01/com.shusen.lprdemo/CAMERA: {AlignVideoFpsProfile():2598} CameraManager::AlignVideoFpsProfile backProfile w(3264),h(2448), frontProfile w(3264),h(2448)
09-17 22:01:00.746 11692 11692 I C02B01/com.shusen.lprdemo/CAMERA: {AlignVideoFpsProfile():2598} CameraManager::AlignVideoFpsProfile backProfile w(3840),h(2160), frontProfile w(3840),h(2160)
09-17 22:01:00.746 11692 11692 I C02B01/com.shusen.lprdemo/CAMERA: {AlignVideoFpsProfile():2598} CameraManager::AlignVideoFpsProfile backProfile w(3840),h(2160), frontProfile w(3840),h(2160)
09-17 22:01:00.746 11692 11692 I C02B01/com.shusen.lprdemo/CAMERA: {AlignVideoFpsProfile():2609} CameraManager::AlignVideoFpsProfile frontProfile w(480),h(480) fps min(1),min(30)
09-17 22:01:00.746 11692 11692 I C02B01/com.shusen.lprdemo/CAMERA: {AlignVideoFpsProfile():2609} CameraManager::AlignVideoFpsProfile frontProfile w(480),h(480) fps min(60),min(60)
09-17 22:01:00.746 11692 11692 I C02B01/com.shusen.lprdemo/CAMERA: {AlignVideoFpsProfile():2609} CameraManager::AlignVideoFpsProfile frontProfile w(640),h(480) fps min(1),min(30)
09-17 22:01:00.746 11692 11692 I C02B01/com.shusen.lprdemo/CAMERA: {AlignVideoFpsProfile():2609} CameraManager::AlignVideoFpsProfile frontProfile w(640),h(480) fps min(60),min(60)
09-17 22:01:00.746 11692 11692 I C02B01/com.shusen.lprdemo/CAMERA: {AlignVideoFpsProfile():2609} CameraManager::AlignVideoFpsProfile frontProfile w(720),h(720) fps min(1),min(30)
09-17 22:01:00.746 11692 11692 I C02B01/com.shusen.lprdemo/CAMERA: {AlignVideoFpsProfile():2609} CameraManager::AlignVideoFpsProfile frontProfile w(720),h(720) fps min(60),min(60)
09-17 22:01:00.746 11692 11692 I C02B01/com.shusen.lprdemo/CAMERA: {AlignVideoFpsProfile():2609} CameraManager::AlignVideoFpsProfile frontProfile w(864),h(480) fps min(1),min(30)
09-17 22:01:00.746 11692 11692 I C02B01/com.shusen.lprdemo/CAMERA: {AlignVideoFpsProfile():2609} CameraManager::AlignVideoFpsProfile frontProfile w(864),h(480) fps min(60),min(60)
09-17 22:01:00.746 11692 11692 I C02B01/com.shusen.lprdemo/CAMERA: {AlignVideoFpsProfile():2609} CameraManager::AlignVideoFpsProfile frontProfile w(960),h(720) fps min(1),min(30)
09-17 22:01:00.746 11692 11692 I C02B01/com.shusen.lprdemo/CAMERA: {AlignVideoFpsProfile():2609} CameraManager::AlignVideoFpsProfile frontProfile w(960),h(720) fps min(60),min(60)
09-17 22:01:00.746 11692 11692 I C02B01/com.shusen.lprdemo/CAMERA: {AlignVideoFpsProfile():2609} CameraManager::AlignVideoFpsProfile frontProfile w(960),h(960) fps min(1),min(30)
09-17 22:01:00.746 11692 11692 I C02B01/com.shusen.lprdemo/CAMERA: {AlignVideoFpsProfile():2609} CameraManager::AlignVideoFpsProfile frontProfile w(960),h(960) fps min(60),min(60)
09-17 22:01:00.746 11692 11692 I C02B01/com.shusen.lprdemo/CAMERA: {AlignVideoFpsProfile():2609} CameraManager::AlignVideoFpsProfile frontProfile w(1024),h(768) fps min(1),min(30)
09-17 22:01:00.746 11692 11692 I C02B01/com.shusen.lprdemo/CAMERA: {AlignVideoFpsProfile():2609} CameraManager::AlignVideoFpsProfile frontProfile w(1024),h(768) fps min(60),min(60)
09-17 22:01:00.746 11692 11692 I C02B01/com.shusen.lprdemo/CAMERA: {AlignVideoFpsProfile():2609} CameraManager::AlignVideoFpsProfile frontProfile w(1072),h(480) fps min(1),min(30)
09-17 22:01:00.746 11692 11692 I C02B01/com.shusen.lprdemo/CAMERA: {AlignVideoFpsProfile():2609} CameraManager::AlignVideoFpsProfile frontProfile w(1072),h(480) fps min(60),min(60)
09-17 22:01:00.746 11692 11692 I C02B01/com.shusen.lprdemo/CAMERA: {AlignVideoFpsProfile():2609} CameraManager::AlignVideoFpsProfile frontProfile w(1080),h(1080) fps min(1),min(30)
09-17 22:01:00.746 11692 11692 I C02B01/com.shusen.lprdemo/CAMERA: {AlignVideoFpsProfile():2609} CameraManager::AlignVideoFpsProfile frontProfile w(1080),h(1080) fps min(60),min(60)
09-17 22:01:00.746 11692 11692 I C02B01/com.shusen.lprdemo/CAMERA: {AlignVideoFpsProfile():2609} CameraManager::AlignVideoFpsProfile frontProfile w(1088),h(1088) fps min(1),min(30)
09-17 22:01:00.746 11692 11692 I C02B01/com.shusen.lprdemo/CAMERA: {AlignVideoFpsProfile():2609} CameraManager::AlignVideoFpsProfile frontProfile w(1088),h(1088) fps min(60),min(60)
09-17 22:01:00.746 11692 11692 I C02B01/com.shusen.lprdemo/CAMERA: {AlignVideoFpsProfile():2609} CameraManager::AlignVideoFpsProfile frontProfile w(1280),h(720) fps min(1),min(30)
09-17 22:01:00.746 11692 11692 I C02B01/com.shusen.lprdemo/CAMERA: {AlignVideoFpsProfile():2609} CameraManager::AlignVideoFpsProfile frontProfile w(1280),h(720) fps min(60),min(60)
09-17 22:01:00.746 11692 11692 I C02B01/com.shusen.lprdemo/CAMERA: {AlignVideoFpsProfile():2609} CameraManager::AlignVideoFpsProfile frontProfile w(1280),h(960) fps min(1),min(30)
09-17 22:01:00.746 11692 11692 I C02B01/com.shusen.lprdemo/CAMERA: {AlignVideoFpsProfile():2609} CameraManager::AlignVideoFpsProfile frontProfile w(1280),h(960) fps min(60),min(60)
09-17 22:01:00.746 11692 11692 I C02B01/com.shusen.lprdemo/CAMERA: {AlignVideoFpsProfile():2609} CameraManager::AlignVideoFpsProfile frontProfile w(1440),h(1080) fps min(1),min(30)
09-17 22:01:00.746 11692 11692 I C02B01/com.shusen.lprdemo/CAMERA: {AlignVideoFpsProfile():2609} CameraManager::AlignVideoFpsProfile frontProfile w(1440),h(1080) fps min(60),min(60)
09-17 22:01:00.746 11692 11692 I C02B01/com.shusen.lprdemo/CAMERA: {AlignVideoFpsProfile():2609} CameraManager::AlignVideoFpsProfile frontProfile w(1440),h(1440) fps min(1),min(30)
09-17 22:01:00.746 11692 11692 I C02B01/com.shusen.lprdemo/CAMERA: {AlignVideoFpsProfile():2609} CameraManager::AlignVideoFpsProfile frontProfile w(1440),h(1440) fps min(60),min(60)
09-17 22:01:00.746 11692 11692 I C02B01/com.shusen.lprdemo/CAMERA: {AlignVideoFpsProfile():2609} CameraManager::AlignVideoFpsProfile frontProfile w(1536),h(864) fps min(1),min(30)
09-17 22:01:00.746 11692 11692 I C02B01/com.shusen.lprdemo/CAMERA: {AlignVideoFpsProfile():2609} CameraManager::AlignVideoFpsProfile frontProfile w(1536),h(864) fps min(60),min(60)
09-17 22:01:00.746 11692 11692 I C02B01/com.shusen.lprdemo/CAMERA: {AlignVideoFpsProfile():2609} CameraManager::AlignVideoFpsProfile frontProfile w(1664),h(736) fps min(1),min(30)
09-17 22:01:00.746 11692 11692 I C02B01/com.shusen.lprdemo/CAMERA: {AlignVideoFpsProfile():2609} CameraManager::AlignVideoFpsProfile frontProfile w(1664),h(736) fps min(60),min(60)
09-17 22:01:00.746 11692 11692 I C02B01/com.shusen.lprdemo/CAMERA: {AlignVideoFpsProfile():2609} CameraManager::AlignVideoFpsProfile frontProfile w(1920),h(1080) fps min(1),min(30)
09-17 22:01:00.746 11692 11692 I C02B01/com.shusen.lprdemo/CAMERA: {AlignVideoFpsProfile():2609} CameraManager::AlignVideoFpsProfile frontProfile w(1920),h(1080) fps min(60),min(60)
09-17 22:01:00.746 11692 11692 I C02B01/com.shusen.lprdemo/CAMERA: {AlignVideoFpsProfile():2609} CameraManager::AlignVideoFpsProfile frontProfile w(1920),h(1440) fps min(1),min(30)
09-17 22:01:00.746 11692 11692 I C02B01/com.shusen.lprdemo/CAMERA: {AlignVideoFpsProfile():2609} CameraManager::AlignVideoFpsProfile frontProfile w(1920),h(1440) fps min(60),min(60)
09-17 22:01:00.746 11692 11692 I C02B01/com.shusen.lprdemo/CAMERA: {AlignVideoFpsProfile():2609} CameraManager::AlignVideoFpsProfile frontProfile w(2160),h(2160) fps min(1),min(30)
09-17 22:01:00.746 11692 11692 I C02B01/com.shusen.lprdemo/CAMERA: {AlignVideoFpsProfile():2609} CameraManager::AlignVideoFpsProfile frontProfile w(2160),h(2160) fps min(60),min(60)
09-17 22:01:00.746 11692 11692 I C02B01/com.shusen.lprdemo/CAMERA: {AlignVideoFpsProfile():2609} CameraManager::AlignVideoFpsProfile frontProfile w(2448),h(1080) fps min(1),min(30)
09-17 22:01:00.746 11692 11692 I C02B01/com.shusen.lprdemo/CAMERA: {AlignVideoFpsProfile():2609} CameraManager::AlignVideoFpsProfile frontProfile w(2448),h(1080) fps min(60),min(60)
09-17 22:01:00.746 11692 11692 I C02B01/com.shusen.lprdemo/CAMERA: {AlignVideoFpsProfile():2609} CameraManager::AlignVideoFpsProfile frontProfile w(2560),h(1440) fps min(1),min(30)
09-17 22:01:00.746 11692 11692 I C02B01/com.shusen.lprdemo/CAMERA: {AlignVideoFpsProfile():2609} CameraManager::AlignVideoFpsProfile frontProfile w(2560),h(1440) fps min(60),min(60)
09-17 22:01:00.746 11692 11692 I C02B01/com.shusen.lprdemo/CAMERA: {AlignVideoFpsProfile():2609} CameraManager::AlignVideoFpsProfile frontProfile w(2880),h(2160) fps min(1),min(30)
09-17 22:01:00.746 11692 11692 I C02B01/com.shusen.lprdemo/CAMERA: {AlignVideoFpsProfile():2609} CameraManager::AlignVideoFpsProfile frontProfile w(2880),h(2160) fps min(60),min(60)
09-17 22:01:00.746 11692 11692 I C02B01/com.shusen.lprdemo/CAMERA: {AlignVideoFpsProfile():2609} CameraManager::AlignVideoFpsProfile frontProfile w(3072),h(3072) fps min(1),min(30)
09-17 22:01:00.746 11692 11692 I C02B01/com.shusen.lprdemo/CAMERA: {AlignVideoFpsProfile():2609} CameraManager::AlignVideoFpsProfile frontProfile w(3072),h(3072) fps min(60),min(60)
09-17 22:01:00.746 11692 11692 I C02B01/com.shusen.lprdemo/CAMERA: {AlignVideoFpsProfile():2609} CameraManager::AlignVideoFpsProfile frontProfile w(3264),h(2448) fps min(1),min(30)
09-17 22:01:00.746 11692 11692 I C02B01/com.shusen.lprdemo/CAMERA: {AlignVideoFpsProfile():2609} CameraManager::AlignVideoFpsProfile frontProfile w(3264),h(2448) fps min(60),min(60)
09-17 22:01:00.747 11692 11692 I C02B01/com.shusen.lprdemo/CAMERA: {AlignVideoFpsProfile():2609} CameraManager::AlignVideoFpsProfile frontProfile w(3840),h(2160) fps min(1),min(30)
09-17 22:01:00.747 11692 11692 I C02B01/com.shusen.lprdemo/CAMERA: {AlignVideoFpsProfile():2609} CameraManager::AlignVideoFpsProfile frontProfile w(3840),h(2160) fps min(60),min(60)
09-17 22:01:00.747 11692 11692 I C02B01/com.shusen.lprdemo/CAMERA: {AlignVideoFpsProfile():2609} CameraManager::AlignVideoFpsProfile frontProfile w(480),h(480) fps min(60),min(60)
09-17 22:01:00.747 11692 11692 I C02B01/com.shusen.lprdemo/CAMERA: {AlignVideoFpsProfile():2609} CameraManager::AlignVideoFpsProfile frontProfile w(480),h(480) fps min(60),min(60)
09-17 22:01:00.747 11692 11692 I C02B01/com.shusen.lprdemo/CAMERA: {AlignVideoFpsProfile():2609} CameraManager::AlignVideoFpsProfile frontProfile w(640),h(480) fps min(60),min(60)
09-17 22:01:00.747 11692 11692 I C02B01/com.shusen.lprdemo/CAMERA: {AlignVideoFpsProfile():2609} CameraManager::AlignVideoFpsProfile frontProfile w(640),h(480) fps min(60),min(60)
09-17 22:01:00.747 11692 11692 I C02B01/com.shusen.lprdemo/CAMERA: {AlignVideoFpsProfile():2609} CameraManager::AlignVideoFpsProfile frontProfile w(720),h(720) fps min(60),min(60)
09-17 22:01:00.747 11692 11692 I C02B01/com.shusen.lprdemo/CAMERA: {AlignVideoFpsProfile():2609} CameraManager::AlignVideoFpsProfile frontProfile w(720),h(720) fps min(60),min(60)
09-17 22:01:00.747 11692 11692 I C02B01/com.shusen.lprdemo/CAMERA: {AlignVideoFpsProfile():2609} CameraManager::AlignVideoFpsProfile frontProfile w(864),h(480) fps min(60),min(60)
09-17 22:01:00.747 11692 11692 I C02B01/com.shusen.lprdemo/CAMERA: {AlignVideoFpsProfile():2609} CameraManager::AlignVideoFpsProfile frontProfile w(864),h(480) fps min(60),min(60)
09-17 22:01:00.747 11692 11692 I C02B01/com.shusen.lprdemo/CAMERA: {AlignVideoFpsProfile():2609} CameraManager::AlignVideoFpsProfile frontProfile w(960),h(720) fps min(60),min(60)
09-17 22:01:00.747 11692 11692 I C02B01/com.shusen.lprdemo/CAMERA: {AlignVideoFpsProfile():2609} CameraManager::AlignVideoFpsProfile frontProfile w(960),h(720) fps min(60),min(60)
09-17 22:01:00.747 11692 11692 I C02B01/com.shusen.lprdemo/CAMERA: {AlignVideoFpsProfile():2609} CameraManager::AlignVideoFpsProfile frontProfile w(960),h(960) fps min(60),min(60)
09-17 22:01:00.747 11692 11692 I C02B01/com.shusen.lprdemo/CAMERA: {AlignVideoFpsProfile():2609} CameraManager::AlignVideoFpsProfile frontProfile w(960),h(960) fps min(60),min(60)
09-17 22:01:00.747 11692 11692 I C02B01/com.shusen.lprdemo/CAMERA: {AlignVideoFpsProfile():2609} CameraManager::AlignVideoFpsProfile frontProfile w(1024),h(768) fps min(60),min(60)
09-17 22:01:00.747 11692 11692 I C02B01/com.shusen.lprdemo/CAMERA: {AlignVideoFpsProfile():2609} CameraManager::AlignVideoFpsProfile frontProfile w(1024),h(768) fps min(60),min(60)
09-17 22:01:00.747 11692 11692 I C02B01/com.shusen.lprdemo/CAMERA: {AlignVideoFpsProfile():2609} CameraManager::AlignVideoFpsProfile frontProfile w(1080),h(1080) fps min(60),min(60)
09-17 22:01:00.747 11692 11692 I C02B01/com.shusen.lprdemo/CAMERA: {AlignVideoFpsProfile():2609} CameraManager::AlignVideoFpsProfile frontProfile w(1080),h(1080) fps min(60),min(60)
09-17 22:01:00.747 11692 11692 I C02B01/com.shusen.lprdemo/CAMERA: {AlignVideoFpsProfile():2609} CameraManager::AlignVideoFpsProfile frontProfile w(1088),h(1088) fps min(60),min(60)
09-17 22:01:00.747 11692 11692 I C02B01/com.shusen.lprdemo/CAMERA: {AlignVideoFpsProfile():2609} CameraManager::AlignVideoFpsProfile frontProfile w(1088),h(1088) fps min(60),min(60)
09-17 22:01:00.747 11692 11692 I C02B01/com.shusen.lprdemo/CAMERA: {AlignVideoFpsProfile():2609} CameraManager::AlignVideoFpsProfile frontProfile w(1280),h(720) fps min(60),min(60)
09-17 22:01:00.747 11692 11692 I C02B01/com.shusen.lprdemo/CAMERA: {AlignVideoFpsProfile():2609} CameraManager::AlignVideoFpsProfile frontProfile w(1280),h(720) fps min(60),min(60)
09-17 22:01:00.747 11692 11692 I C02B01/com.shusen.lprdemo/CAMERA: {AlignVideoFpsProfile():2609} CameraManager::AlignVideoFpsProfile frontProfile w(1280),h(960) fps min(60),min(60)
09-17 22:01:00.747 11692 11692 I C02B01/com.shusen.lprdemo/CAMERA: {AlignVideoFpsProfile():2609} CameraManager::AlignVideoFpsProfile frontProfile w(1280),h(960) fps min(60),min(60)
09-17 22:01:00.747 11692 11692 I C02B01/com.shusen.lprdemo/CAMERA: {AlignVideoFpsProfile():2609} CameraManager::AlignVideoFpsProfile frontProfile w(1440),h(1080) fps min(60),min(60)
09-17 22:01:00.747 11692 11692 I C02B01/com.shusen.lprdemo/CAMERA: {AlignVideoFpsProfile():2609} CameraManager::AlignVideoFpsProfile frontProfile w(1440),h(1080) fps min(60),min(60)
09-17 22:01:00.747 11692 11692 I C02B01/com.shusen.lprdemo/CAMERA: {AlignVideoFpsProfile():2609} CameraManager::AlignVideoFpsProfile frontProfile w(1440),h(1440) fps min(60),min(60)
09-17 22:01:00.747 11692 11692 I C02B01/com.shusen.lprdemo/CAMERA: {AlignVideoFpsProfile():2609} CameraManager::AlignVideoFpsProfile frontProfile w(1440),h(1440) fps min(60),min(60)
09-17 22:01:00.747 11692 11692 I C02B01/com.shusen.lprdemo/CAMERA: {AlignVideoFpsProfile():2609} CameraManager::AlignVideoFpsProfile frontProfile w(1536),h(864) fps min(60),min(60)
09-17 22:01:00.747 11692 11692 I C02B01/com.shusen.lprdemo/CAMERA: {AlignVideoFpsProfile():2609} CameraManager::AlignVideoFpsProfile frontProfile w(1536),h(864) fps min(60),min(60)
09-17 22:01:00.747 11692 11692 I C02B01/com.shusen.lprdemo/CAMERA: {AlignVideoFpsProfile():2609} CameraManager::AlignVideoFpsProfile frontProfile w(1664),h(736) fps min(60),min(60)
09-17 22:01:00.747 11692 11692 I C02B01/com.shusen.lprdemo/CAMERA: {AlignVideoFpsProfile():2609} CameraManager::AlignVideoFpsProfile frontProfile w(1664),h(736) fps min(60),min(60)
09-17 22:01:00.747 11692 11692 I C02B01/com.shusen.lprdemo/CAMERA: {AlignVideoFpsProfile():2609} CameraManager::AlignVideoFpsProfile frontProfile w(1920),h(1080) fps min(60),min(60)
09-17 22:01:00.747 11692 11692 I C02B01/com.shusen.lprdemo/CAMERA: {AlignVideoFpsProfile():2609} CameraManager::AlignVideoFpsProfile frontProfile w(1920),h(1080) fps min(60),min(60)
09-17 22:01:00.747 11692 11692 I C02B01/com.shusen.lprdemo/CAMERA: {AlignVideoFpsProfile():2609} CameraManager::AlignVideoFpsProfile frontProfile w(1920),h(1440) fps min(60),min(60)
09-17 22:01:00.747 11692 11692 I C02B01/com.shusen.lprdemo/CAMERA: {AlignVideoFpsProfile():2609} CameraManager::AlignVideoFpsProfile frontProfile w(1920),h(1440) fps min(60),min(60)
09-17 22:01:00.747 11692 11692 I C02B01/com.shusen.lprdemo/CAMERA: {AlignVideoFpsProfile():2609} CameraManager::AlignVideoFpsProfile frontProfile w(2160),h(2160) fps min(60),min(60)
09-17 22:01:00.747 11692 11692 I C02B01/com.shusen.lprdemo/CAMERA: {AlignVideoFpsProfile():2609} CameraManager::AlignVideoFpsProfile frontProfile w(2160),h(2160) fps min(60),min(60)
09-17 22:01:00.747 11692 11692 I C02B01/com.shusen.lprdemo/CAMERA: {AlignVideoFpsProfile():2609} CameraManager::AlignVideoFpsProfile frontProfile w(2448),h(1080) fps min(60),min(60)
09-17 22:01:00.747 11692 11692 I C02B01/com.shusen.lprdemo/CAMERA: {AlignVideoFpsProfile():2609} CameraManager::AlignVideoFpsProfile frontProfile w(2448),h(1080) fps min(60),min(60)
09-17 22:01:00.747 11692 11692 I C02B01/com.shusen.lprdemo/CAMERA: {AlignVideoFpsProfile():2609} CameraManager::AlignVideoFpsProfile frontProfile w(2560),h(1440) fps min(60),min(60)
09-17 22:01:00.747 11692 11692 I C02B01/com.shusen.lprdemo/CAMERA: {AlignVideoFpsProfile():2609} CameraManager::AlignVideoFpsProfile frontProfile w(2560),h(1440) fps min(60),min(60)
09-17 22:01:00.747 11692 11692 I C02B01/com.shusen.lprdemo/CAMERA: {AlignVideoFpsProfile():2609} CameraManager::AlignVideoFpsProfile frontProfile w(2880),h(2160) fps min(60),min(60)
09-17 22:01:00.747 11692 11692 I C02B01/com.shusen.lprdemo/CAMERA: {AlignVideoFpsProfile():2609} CameraManager::AlignVideoFpsProfile frontProfile w(2880),h(2160) fps min(60),min(60)
09-17 22:01:00.747 11692 11692 I C02B01/com.shusen.lprdemo/CAMERA: {AlignVideoFpsProfile():2609} CameraManager::AlignVideoFpsProfile frontProfile w(3072),h(3072) fps min(60),min(60)
09-17 22:01:00.747 11692 11692 I C02B01/com.shusen.lprdemo/CAMERA: {AlignVideoFpsProfile():2609} CameraManager::AlignVideoFpsProfile frontProfile w(3072),h(3072) fps min(60),min(60)
09-17 22:01:00.747 11692 11692 I C02B01/com.shusen.lprdemo/CAMERA: {AlignVideoFpsProfile():2609} CameraManager::AlignVideoFpsProfile frontProfile w(3264),h(2448) fps min(60),min(60)
09-17 22:01:00.747 11692 11692 I C02B01/com.shusen.lprdemo/CAMERA: {AlignVideoFpsProfile():2609} CameraManager::AlignVideoFpsProfile frontProfile w(3264),h(2448) fps min(60),min(60)
09-17 22:01:00.747 11692 11692 I C02B01/com.shusen.lprdemo/CAMERA: {AlignVideoFpsProfile():2609} CameraManager::AlignVideoFpsProfile frontProfile w(3840),h(2160) fps min(60),min(60)
09-17 22:01:00.747 11692 11692 I C02B01/com.shusen.lprdemo/CAMERA: {AlignVideoFpsProfile():2609} CameraManager::AlignVideoFpsProfile frontProfile w(3840),h(2160) fps min(60),min(60)
09-17 22:01:00.747 11692 11692 I C02B01/com.shusen.lprdemo/CAMERA: {GetLensEquivalentFocalLength():546} CameraDevice::GetLensEquivalentFocalLength, lensEquivalentFocalLength size: 3, lensEquivalentFocalLength: [16,24,70]
09-17 22:01:00.747 11692 11692 I C02B01/com.shusen.lprdemo/CAMERA: {GetLensEquivalentFocalLength():546} CameraDevice::GetLensEquivalentFocalLength, lensEquivalentFocalLength size: 1, lensEquivalentFocalLength: [26]
09-17 22:01:00.748 11692 11692 I A0D001/com.shusen.lprdemo/LprNativeUI: NATIVE LENS id=device/0 pos=1 type=0 -> #device/0 鍚庣疆 路 榛樿
09-17 22:01:00.748 11692 11692 I A0D001/com.shusen.lprdemo/LprNativeUI: NATIVE LENS id=device/1 pos=2 type=0 -> #device/1 鍓嶇疆 路 榛樿
09-17 22:01:00.748 11692 11692 I A0D001/com.shusen.lprdemo/LprNativeUI: NATIVE LENS count=2
09-17 22:01:00.778 11692 11692 I A0D001/com.shusen.lprdemo/LprNative: backend plan for 'cpu': 1 attempt(s)
09-17 22:01:00.778 11692 11692 W C02D07/com.shusen.lprdemo/Verify: invalid configName=
09-17 22:01:00.778 11692 11692 I C02D07/com.shusen.lprdemo/ObserverMgr: succ to register application state callback
09-17 22:01:00.779 11692 11692 I C02D07/com.shusen.lprdemo/ModuleLoader: succ to load module=/system/lib64/libha_app_event.z.so.
09-17 22:01:00.780 11692 11975 W C01650/com.shusen.lprdemo/RdbStoreManager: IsConfigInvalidChanged:no bundleName
09-17 22:01:00.781 11692 11975 E C01650/com.shusen.lprdemo/SilentProxy: IsSupportSilentFromService:GetRdbService failed, err is 27394049.
09-17 22:01:00.783 11692 11975 I C01650/com.shusen.lprdemo/Config: Log:Error(283) recovered 80 frames from WAL file /dat***/sto***/e**/bas***/fil***/hia***ent/dat***ses/app***.db-wal 
09-17 22:01:00.785 11692 11975 I C01650/com.shusen.lprdemo/ConnectionPool: Create:code:0 app[:] area[el2] cfg[0,0,0,0,1,0,0]app***.db:<DB,0x26e41a,36864,100660><DWR,0x26e4fa,12288,100660><SHM,0x26ef59,32768,100660><WAL,0x26e6b6,436752,100660>, pathSize:61
09-17 22:01:00.785 11692 11975 I C02D07/com.shusen.lprdemo/Store: create db store successfully
09-17 22:01:00.785 11692 11975 I C02D07/com.shusen.lprdemo/ObserverDao: succ to query observer seq=1, name=ha_app_event, hash=1915457907267372477
09-17 22:01:00.786 11692 11692 I C02D07/com.shusen.lprdemo/ObserverMgr: register processor=1 successfully
09-17 22:01:00.786 11692 11692 I C02103/com.shusen.lprdemo/MS_LITE: [model_c.cc:197] OH_AI_ModelBuild# Start to build ms model
09-17 22:01:00.786 11692 11692 I C02103/com.shusen.lprdemo/MS_LITE: [inner_context.cc:85] operator()# QoS authentication requeset complete
09-17 22:01:00.787 11692 11692 E A02102/com.shusen.lprdemo/MS_LITE: <private>:<private> "cpu's architecture is unknown."
09-17 22:01:00.787 11692 11692 I A02102/com.shusen.lprdemo/MS_LITE: <private>:<private> "set arch failed, ignoring arch."
09-17 22:01:00.788 11692 11692 I A02102/com.shusen.lprdemo/MS_LITE: <private>:<private> "ThreadInfo, Actor: [<private>], All: [<private>], CoreNum: [<private>]"
09-17 22:01:00.789 11692 11692 I A02102/com.shusen.lprdemo/MS_LITE: <private>:<private> "init task queues success."
09-17 22:01:00.790 11692 11692 I A02102/com.shusen.lprdemo/MS_LITE: <private>:<private> "ThreadInfo, Num: [<private>], CoreNum: [<private>]"
09-17 22:01:00.790 11692 11692 I A02102/com.shusen.lprdemo/MS_LITE: <private>:<private> "create kernel thread[<private>]"
09-17 22:01:00.790 11692 11692 I A02102/com.shusen.lprdemo/MS_LITE: <private>:<private> "ThreadInfo, Num: [<private>], CoreNum: [<private>]"
09-17 22:01:00.790 11692 11692 I A02102/com.shusen.lprdemo/MS_LITE: <private>:<private> "create kernel thread[<private>]"
09-17 22:01:00.790 11692 11692 I A02102/com.shusen.lprdemo/MS_LITE: <private>:<private> "create kernel thread[<private>]"
09-17 22:01:00.790 11692 11692 I A02102/com.shusen.lprdemo/MS_LITE: <private>:<private> "create kernel thread[<private>]"
09-17 22:01:00.790 11692 11692 E A02102/com.shusen.lprdemo/MS_LITE: <private>:<private> "bind id is empty"
09-17 22:01:00.790 11692 11692 E A02102/com.shusen.lprdemo/MS_LITE: <private>:<private> "bind id is empty"
09-17 22:01:00.790 11692 11692 I C02103/com.shusen.lprdemo/MS_LITE: [lite_session.cc:2065] LoadModelAndCompileByBuf# Start loading model and compiling from buffer
09-17 22:01:00.790 11692 11692 I C02103/com.shusen.lprdemo/MS_LITE: [lite_session.cc:2080] LoadModelAndCompileByBuf# Start loading model from buffer
09-17 22:01:00.790 11692 11692 I C02103/com.shusen.lprdemo/MS_LITE: [lite_session.cc:2082] LoadModelAndCompileByBuf# Successfully loaded model from buffer
09-17 22:01:00.793 11692 11692 W C03F07/MUSL-LDSO: Error loading header libdeobfuscator_lib.z.so: failed to map header
09-17 22:01:00.793 11692 11692 W C03F07/MUSL-LDSO: dlopen_impl load library header failed for libdeobfuscator_lib.z.so
09-17 22:01:00.796 11692 11692 I C02103/com.shusen.lprdemo/MS_LITE: [lite_session.cc:2098] LoadModelAndCompileByBuf# Start to compile Graph
09-17 22:01:00.801 11692 11692 I C02103/com.shusen.lprdemo/MS_LITE: [lite_session.cc:2100] LoadModelAndCompileByBuf# Has successfully compiled the graph
09-17 22:01:00.801 11692 11692 I C02103/com.shusen.lprdemo/MS_LITE: [model_c.cc:219] OH_AI_ModelBuild# Built ms model successfully
09-17 22:01:00.801 11692 11692 I A0D001/com.shusen.lprdemo/LprNative: model built on CPU
09-17 22:01:00.802 11692 11692 I A0D001/com.shusen.lprdemo/LprNative: loaded backend=CPU trail=[CPU(ok)] in=input shape=[1,320,320,3] fmt=1 elems=307200 dtype=43 out=948 elems=72000 dtype=43
09-17 22:01:00.802 11692 11692 I A0D001/com.shusen.lprdemo/LprNative: loadModel ok: ok=1;id=0;name=det;backend=CPU;attemptLog=CPU(ok);inputName=input;outputName=948;inputShape=[1,320,320,3];outputShape=[1,45,40,40];inputFormat=NHWC;outputFormat=NCHW;inputElems=307200;outputElems=72000;error=
09-17 22:01:00.888 11692 11692 W C03F07/MUSL-LDSO: Error loading header libneural_network_runtime.so: failed to map header
09-17 22:01:00.888 11692 11692 W C03F07/MUSL-LDSO: dlopen_impl load library header failed for libneural_network_runtime.so
09-17 22:01:00.889 11692 11692 W C02510/com.shusen.lprdemo/load_hdi: OpenHdiServiceImpl failed to get symbol of 'HiaiHclImplRelease', do_dlsym failed: Symbol not found: HiaiHclImplRelease, version: null so=/vendor/lib64/passthrough/libhiai_hcl_service_2.0.z.so
09-17 22:01:00.893 11692 11692 W C02150/com.shusen.lprdemo/AI_INFRA: dma_heap_alloc.cpp DmaHeapAlloc(44)::"systemHeapFd open failed"
09-17 22:01:00.893 11692 11692 W C02150/com.shusen.lprdemo/AI_INFRA: dma_heap_alloc.cpp DmaHeapAlloc(49)::"tinyHeapFd open failed"
09-17 22:01:00.893 11692 11692 W C02150/com.shusen.lprdemo/AI_INFRA: dma_heap_alloc.cpp DmaHeapAlloc(54)::"miscHeapFd open failed"
09-17 22:01:00.893 11692 11692 W C02150/com.shusen.lprdemo/AI_INFRA: dma_heap_alloc.cpp DmaHeapAlloc(59)::"aodHeapFd open failed"
09-17 22:01:00.893 11692 11692 W C02150/com.shusen.lprdemo/AI_INFRA: dma_heap_alloc.cpp DmaHeapAlloc(64)::"npuHugePageHeapFd open failed"
09-17 22:01:00.893 11692 11692 W C02510/com.shusen.lprdemo/load_hdi: OpenHdiServiceImpl failed to get symbol of 'HiaiSingleOpImplRelease', do_dlsym failed: Symbol not found: HiaiSingleOpImplRelease, version: null so=/vendor/lib64/passthrough/libhiai_single_op_service_2.0.z.so
09-17 22:01:00.895 11692 11692 W C02510/com.shusen.lprdemo/load_hdi: OpenHdiServiceImpl failed to get symbol of 'HiaiKernelExecutorImplRelease', do_dlsym failed: Symbol not found: HiaiKernelExecutorImplRelease, version: null so=/vendor/lib64/passthrough/libhiai_kernel_executor_service_2.0.z.so
09-17 22:01:00.899 11692 11692 W C03F07/MUSL-LDSO: Error loading header libneural_network_runtime_ext.so: failed to map header
09-17 22:01:00.899 11692 11692 W C03F07/MUSL-LDSO: load libneural_network_runtime_ext.so failed, namespace=ndk, errno=2
09-17 22:01:00.899 11692 11692 W C03F07/MUSL-LDSO: dlopen_impl load library header failed for libneural_network_runtime_ext.so
09-17 22:01:00.902 11692 11692 W C03F07/MUSL-LDSO: load libhiai_ir_infershape.so failed, namespace=ndk no inherits, errno=2
09-17 22:01:00.902 11692 11692 W C03F07/MUSL-LDSO: load libhiai_ir_infershape.so failed, namespace=default, errno=2
09-17 22:01:00.902 11692 11692 W C03F07/MUSL-LDSO: dlopen_impl load library header failed for libhiai_ir_infershape.so
09-17 22:01:00.902 11692 11692 E A0FFFF/com.shusen.lprdemo/HIAI_DDK_MSG: graph_infer_initializer.cpp GraphInferInitializer(30)::"load libhiai_ir_infershape.so failed. errmsg[Error loading shared library libhiai_ir_infershape.so: No such file or directory]"
09-17 22:01:00.903 11692 11692 I A0FFFF/com.shusen.lprdemo/HIAI_DDK_MSG: hiai_foundation_dl_helper.c HIAI_Foundation_Init(65)::"init hiai foundation success."
09-17 22:01:00.904 11692 11692 I A0FFFF/com.shusen.lprdemo/HIAI_DDK_MSG: model_manager_impl.cpp CreateModelManager(525)::"DDK pipe is HCL."
09-17 22:01:00.904 11692 11692 I A0FFFF/com.shusen.lprdemo/HIAI_DDK_MSG: hiai_plugin_version.c HIAI_MR_GetVersion(116)::"version is 108.631.120.010"
09-17 22:01:00.905 11692 11692 E C057C2/com.shusen.lprdemo/IPCObjectProxy: PrintErrorDetailedInfo: failed, handle:33 error:-19 desc:*.V1_0 proxy:4074310016 time:716023542950343
09-17 22:01:00.905 11692 11692 E C02510/com.shusen.lprdemo/hdi_servmgr_client: get hdi service nnrt_device_service failed, -19
09-17 22:01:00.905 11692 11692 E C02510/com.shusen.lprdemo/nnrt_device_proxy: Get:get remote object failed!
09-17 22:01:00.905 11692 11692 E C02101/com.shusen.lprdemo/NNRt: [BackendManager] RegisterBackend failed, fail to create backend.
09-17 22:01:00.905 11692 11692 E C02510/com.shusen.lprdemo/hdi_servmgr_client: get hdi service nnrt_device_service failed, -19
09-17 22:01:00.905 11692 11692 E C02510/com.shusen.lprdemo/nnrt_device_proxy: Get:get remote object failed!
09-17 22:01:00.905 11692 11692 E C02101/com.shusen.lprdemo/NNRt: [BackendManager] RegisterBackend failed, fail to create backend.
09-17 22:01:00.907 11692 11692 E C02510/com.shusen.lprdemo/hdi_servmgr_client: get hdi service nnrt_device_service failed, -19
09-17 22:01:00.907 11692 11692 E C02510/com.shusen.lprdemo/nnrt_device_proxy: Get:get remote object failed!
09-17 22:01:00.907 11692 11692 E C02101/com.shusen.lprdemo/NNRt: [BackendManager] RegisterBackend failed, fail to create backend.
09-17 22:01:00.908 11692 11692 I C02103/com.shusen.lprdemo/MS_LITE: [nnrt_wrapper.cc:53] LoadLibrary# loaded nnrt library libneural_network_runtime.so
09-17 22:01:00.908 11692 11692 I C02103/com.shusen.lprdemo/MS_LITE: [nnrt_wrapper.cc:59] LoadLibrary# loaded nncore library libneural_network_core.so
09-17 22:01:00.908 11692 11692 I C02103/com.shusen.lprdemo/MS_LITE: [context_c.cc:392] OH_AI_GetAllNNRTDeviceDescs# NNRTDeviceDesc sorted, 1npu devices found, 1other devices found.
09-17 22:01:00.908 11692 11692 I A0D001/com.shusen.lprdemo/LprNative: backend plan for 'nnrt': 3 attempt(s)
09-17 22:01:00.909 11692 11692 I C02103/com.shusen.lprdemo/MS_LITE: [context_c.cc:392] OH_AI_GetAllNNRTDeviceDescs# NNRTDeviceDesc sorted, 1npu devices found, 1other devices found.
09-17 22:01:00.909 11692 11692 I C02103/com.shusen.lprdemo/MS_LITE: [model_c.cc:197] OH_AI_ModelBuild# Start to build ms model
09-17 22:01:00.909 11692 11692 I C02103/com.shusen.lprdemo/MS_LITE: [model_impl.cc:1038] CreateLiteSession# loaded nnrt library at OH_NNModel_HasCache
09-17 22:01:00.910 11692 11692 E A02102/com.shusen.lprdemo/MS_LITE: <private>:<private> "cpu's architecture is unknown."
09-17 22:01:00.910 11692 11692 I A02102/com.shusen.lprdemo/MS_LITE: <private>:<private> "set arch failed, ignoring arch."
09-17 22:01:00.910 11692 11692 I A02102/com.shusen.lprdemo/MS_LITE: <private>:<private> "ThreadInfo, Actor: [<private>], All: [<private>], CoreNum: [<private>]"
09-17 22:01:00.911 11692 11692 I A02102/com.shusen.lprdemo/MS_LITE: <private>:<private> "init task queues success."
09-17 22:01:00.911 11692 11692 I A02102/com.shusen.lprdemo/MS_LITE: <private>:<private> "ThreadInfo, Num: [<private>], CoreNum: [<private>]"
09-17 22:01:00.911 11692 11692 I A02102/com.shusen.lprdemo/MS_LITE: <private>:<private> "create kernel thread[<private>]"
09-17 22:01:00.911 11692 11692 I A02102/com.shusen.lprdemo/MS_LITE: <private>:<private> "ThreadInfo, Num: [<private>], CoreNum: [<private>]"
09-17 22:01:00.913 11692 11692 I A02102/com.shusen.lprdemo/MS_LITE: <private>:<private> "create kernel thread[<private>]"
09-17 22:01:00.913 11692 11692 I C02103/com.shusen.lprdemo/MS_LITE: [lite_session.cc:2065] LoadModelAndCompileByBuf# Start loading model and compiling from buffer
09-17 22:01:00.913 11692 11692 I C02103/com.shusen.lprdemo/MS_LITE: [lite_session.cc:2080] LoadModelAndCompileByBuf# Start loading model from buffer
09-17 22:01:00.913 11692 11692 I C02103/com.shusen.lprdemo/MS_LITE: [lite_session.cc:2082] LoadModelAndCompileByBuf# Successfully loaded model from buffer
09-17 22:01:00.913 11692 11692 W C03F07/MUSL-LDSO: Error loading header libdeobfuscator_lib.z.so: failed to map header
09-17 22:01:00.913 11692 11692 W C03F07/MUSL-LDSO: dlopen_impl load library header failed for libdeobfuscator_lib.z.so
09-17 22:01:00.914 11692 11939 I C03F00/com.shusen.lprdemo/ArkCompiler: [gc] SmartGC: app cold start just finished
09-17 22:01:00.916 11692 11692 I C02103/com.shusen.lprdemo/MS_LITE: [lite_session.cc:2098] LoadModelAndCompileByBuf# Start to compile Graph
09-17 22:01:00.918 11692 11692 I C02103/com.shusen.lprdemo/MS_LITE: [nnrt_delegate.cc:118] BuildKirinNPUModel# loaded nnrt library at OH_NNModel_Construct
09-17 22:01:00.918 11692 11692 W C02103/com.shusen.lprdemo/MS_LITE: [nnrt_delegate.cc:102] CheckNPUPrefix# strncmp: 13306020061847651998 failed, device_name: NPU_ohos.boot.hardware.kirin8020_v2_0
09-17 22:01:00.918 11692 11692 W C02103/com.shusen.lprdemo/MS_LITE: [nnrt_delegate.cc:638] InitNNCompilation# hiai_foundation is nullptr.
09-17 22:01:00.920 11692 11692 E C057C2/com.shusen.lprdemo/IPCObjectProxy: PrintErrorDetailedInfo: failed, handle:0 error:7 desc:*.accessToken proxy:3792481664 time:716023558323155
09-17 22:01:00.936 11692 11692 E C02101/com.shusen.lprdemo/NNRt: [NNCompiler] RestoreFromCacheFile failed, path is empty.
09-17 22:01:00.936 11692 11692 I A0FFFF/com.shusen.lprdemo/HIAI_DDK_MSG: model_manager_impl.cpp CreateModelManager(525)::"DDK pipe is HCL."
09-17 22:01:00.953 11692 11692 I C02101/com.shusen.lprdemo/NNRt_HiAIAdapter: [nodict]0813 the tensorName is data
09-17 22:01:00.956 11692 11692 D A0FFFF/com.shusen.lprdemo/HIAI_DDK_MSG: graph_store.cpp GraphStore(56)::"GraphStore Construct id[1]."
09-17 22:01:00.966 11692 11692 I A0FFFF/com.shusen.lprdemo/HIAI_DDK_MSG: model.cpp BuildWeightMergedModelBuffer(220)::"Build success!"
09-17 22:01:00.969 11692 11692 I A0FFFF/com.shusen.lprdemo/HIAI_DDK_MSG: model_type_util.cpp GetModelType(57)::"model type: 7"
09-17 22:01:00.971 11692 11692 W C03F07/MUSL-LDSO: load libhiai_hcl_model_runtime.so failed, namespace=ndk no inherits, errno=2
09-17 22:01:00.971 11692 11692 W C03F07/MUSL-LDSO: load libhiai_hcl_model_runtime.so failed, namespace=default, errno=2
09-17 22:01:00.971 11692 11692 W C03F07/MUSL-LDSO: dlopen_impl load library header failed for libhiai_hcl_model_runtime.so
09-17 22:01:00.971 11692 11692 D A0FFFF/com.shusen.lprdemo/HIAI_DDK_MSG: hiai_model_runtime.c HIAI_ModelRuntime_LoadSo(333)::"dlopen libhiai_hcl_model_runtime.so fail: Error loading shared library libhiai_hcl_model_runtime.so: No such file or directory."
09-17 22:01:00.971 11692 11692 D A0FFFF/com.shusen.lprdemo/HIAI_DDK_MSG: hiai_model_runtime.c HIAI_ModelRuntime_LoadFromAllSymbols(218)::"Load all symbols runtime->runtimeType:2, prefix:HIAI_HCL_."
09-17 22:01:00.971 11692 11692 D A0FFFF/com.shusen.lprdemo/HIAI_DDK_MSG: hiai_model_runtime.c HIAI_ModelRuntime_LoadFromAllSymbols(224)::"HIAI_ModelRuntime_LoadFromAllSymbols success."
09-17 22:01:00.974 11692 11692 I C02150/com.shusen.lprdemo/AI_INFRA: om.cpp HandlePendingEvents(249)::"events: 0, listeners: 1, 0"
09-17 22:01:00.976 11692 11692 I C02151/com.shusen.lprdemo/AI_NPUCL: npucl_om.cc NpuclEventListener(44)::"NpuclEventListener register."
09-17 22:01:00.976 11692 11692 I C02150/com.shusen.lprdemo/AI_INFRA: om.cpp HandlePendingEvents(249)::"events: 0, listeners: 2, 0"
09-17 22:01:00.977 11692 12081 I A04510/com.shusen.lprdemo/chromium: [ohos_video_encode_accelerator.cc:44] ohos video encode accelerator create
09-17 22:01:00.978 11692 12081 I C02D07/com.shusen.lprdemo/ObserverMgr: register processor=1 exit
09-17 22:01:00.978 11692 11692 I C02153/com.shusen.lprdemo/CPUCL: cpu_backend.cpp Print(48)::"cpu core info, allCpuIds: 0 1 2 3 4 5 6 7 8 9 10 11 ."
09-17 22:01:00.978 11692 11692 I C02153/com.shusen.lprdemo/CPUCL: cpu_backend.cpp Print(49)::"cpu core info, bigCpuIds: 10 11 ."
09-17 22:01:00.978 11692 11692 I C02153/com.shusen.lprdemo/CPUCL: cpu_backend.cpp Print(50)::"cpu core info, midCpuIds: 4 5 6 7 8 9 ."
09-17 22:01:00.978 11692 11692 I C02153/com.shusen.lprdemo/CPUCL: cpu_backend.cpp Print(51)::"cpu core info, littleCpuIds: 0 1 2 3 ."
09-17 22:01:00.978 11692 12081 I C02B30/com.shusen.lprdemo/AVCodecClient: {GetAVCodecProxy} In
09-17 22:01:00.982 11692 11692 I C02154/com.shusen.lprdemo/AI_FMK: rpc_request_client.cpp Init(146)::"init success"
09-17 22:01:00.982 11692 11692 W C02160/com.shusen.lprdemo/RUNTIME: rtOpenClient:21 Direct Device open start.
09-17 22:01:00.985 11692 11692 I C02154/com.shusen.lprdemo/AI_FMK: infra_itf.cpp HIAI_MR_GetVersion(91)::"get version 108.631.120.010"
09-17 22:01:00.985 11692 12081 I A04510/com.shusen.lprdemo/chromium: [ohos_video_encode_accelerator.cc:66] OHOSVideoEncodeAccelerator::GetSupportedProfiles, maxWidth: 4096, maxHeight: 4096, maxframeRate120
09-17 22:01:00.985 11692 12081 I A04510/com.shusen.lprdemo/chromium: [ohos_video_encode_accelerator.cc:66] OHOSVideoEncodeAccelerator::GetSupportedProfiles, maxWidth: 4096, maxHeight: 4096, maxframeRate120
09-17 22:01:00.985 11692 12081 I A04510/com.shusen.lprdemo/chromium: [ohos_video_encode_accelerator.cc:196] virtual void media::OHOSVideoEncodeAccelerator::Destroy()
09-17 22:01:00.985 11692 12081 I A04510/com.shusen.lprdemo/chromium: [ohos_video_encode_accelerator.cc:49] ohos video encode accelerator destroy
09-17 22:01:00.985 11692 12277 W C02160/com.shusen.lprdemo/RUNTIME: StartReceiveThread:356 set scheduler failed:Operation not permitted
09-17 22:01:00.988 11692 11692 I C02154/com.shusen.lprdemo/AI_FMK: infra_itf.cpp HIAI_MR_GetVersion(91)::"get version 108.631.120.010"
09-17 22:01:00.992 11692 11692 I C02154/com.shusen.lprdemo/AI_FMK: omg_itf_handler.cpp GetGraphOptimizerObjs(79)::"Open ComputeLibrary so: libai_fmk_graph_optimizer.so"
09-17 22:01:00.997 11692 11692 E C02160/com.shusen.lprdemo/NPUCL: DevmmManagerInit:231 systemHeapFd open failed
09-17 22:01:00.997 11692 11692 E C02160/com.shusen.lprdemo/NPUCL: DevmmManagerInit:238 tinyHeapFd open failed
09-17 22:01:00.997 11692 11692 E C02160/com.shusen.lprdemo/NPUCL: DevmmManagerInit:245 miscHeapFd open failed
09-17 22:01:01.000 11692 11692 I C02150/com.shusen.lprdemo/AI_INFRA: om.cpp HandlePendingEvents(249)::"events: 0, listeners: 3, 0"
09-17 22:01:01.058 11692 11692 W C03F07/MUSL-LDSO: load libai_npucore_ascendc.so failed, namespace=ndk no inherits, errno=2
09-17 22:01:01.058 11692 11692 W C03F07/MUSL-LDSO: load libai_npucore_ascendc.so failed, namespace=default, errno=2
09-17 22:01:01.058 11692 11692 W C03F07/MUSL-LDSO: dlopen_impl load library header failed for libai_npucore_ascendc.so
09-17 22:01:01.058 11692 11692 W C02151/com.shusen.lprdemo/AI_NPUCL: plugin.cc RegisterLibrary(53)::"PlugIn library :libai_npucore_ascendc.so can't dlopen. errorCode: Error loading shared library libai_npucore_ascendc.so: No such file or directory"
09-17 22:01:01.069 11692 11692 E C02150/com.shusen.lprdemo/AI_INFRA: hardswish_fusion_pass.cpp ParaCheckSelfNode(210)::"alpha->GetTensorDesc().GetDataType() == DT_FLOAT" "false, return FAIL."
09-17 22:01:01.069 11692 11692 E C02150/com.shusen.lprdemo/AI_INFRA: hardswish_fusion_pass.cpp ParaCheckSelfNode(210)::"alpha->GetTensorDesc().GetDataType() == DT_FLOAT" "false, return FAIL."
09-17 22:01:01.069 11692 11692 E C02150/com.shusen.lprdemo/AI_INFRA: hardswish_fusion_pass.cpp ParaCheckSelfNode(210)::"alpha->GetTensorDesc().GetDataType() == DT_FLOAT" "false, return FAIL."
09-17 22:01:01.069 11692 11692 E C02150/com.shusen.lprdemo/AI_INFRA: hardswish_fusion_pass.cpp ParaCheckSelfNode(210)::"alpha->GetTensorDesc().GetDataType() == DT_FLOAT" "false, return FAIL."
09-17 22:01:01.069 11692 11692 E C02150/com.shusen.lprdemo/AI_INFRA: hardswish_fusion_pass.cpp ParaCheckSelfNode(210)::"alpha->GetTensorDesc().GetDataType() == DT_FLOAT" "false, return FAIL."
09-17 22:01:01.069 11692 11692 E C02150/com.shusen.lprdemo/AI_INFRA: hardswish_fusion_pass.cpp ParaCheckSelfNode(210)::"alpha->GetTensorDesc().GetDataType() == DT_FLOAT" "false, return FAIL."
09-17 22:01:01.069 11692 11692 E C02150/com.shusen.lprdemo/AI_INFRA: hardswish_fusion_pass.cpp ParaCheckSelfNode(210)::"alpha->GetTensorDesc().GetDataType() == DT_FLOAT" "false, return FAIL."
09-17 22:01:01.069 11692 11692 E C02150/com.shusen.lprdemo/AI_INFRA: hardswish_fusion_pass.cpp ParaCheckSelfNode(210)::"alpha->GetTensorDesc().GetDataType() == DT_FLOAT" "false, return FAIL."
09-17 22:01:01.069 11692 11692 E C02150/com.shusen.lprdemo/AI_INFRA: hardswish_fusion_pass.cpp ParaCheckSelfNode(210)::"alpha->GetTensorDesc().GetDataType() == DT_FLOAT" "false, return FAIL."
09-17 22:01:01.069 11692 11692 E C02150/com.shusen.lprdemo/AI_INFRA: hardswish_fusion_pass.cpp ParaCheckSelfNode(210)::"alpha->GetTensorDesc().GetDataType() == DT_FLOAT" "false, return FAIL."
09-17 22:01:01.069 11692 11692 E C02150/com.shusen.lprdemo/AI_INFRA: hardswish_fusion_pass.cpp ParaCheckSelfNode(210)::"alpha->GetTensorDesc().GetDataType() == DT_FLOAT" "false, return FAIL."
09-17 22:01:01.069 11692 11692 E C02150/com.shusen.lprdemo/AI_INFRA: hardswish_fusion_pass.cpp ParaCheckSelfNode(210)::"alpha->GetTensorDesc().GetDataType() == DT_FLOAT" "false, return FAIL."
09-17 22:01:01.069 11692 11692 E C02150/com.shusen.lprdemo/AI_INFRA: hardswish_fusion_pass.cpp ParaCheckSelfNode(210)::"alpha->GetTensorDesc().GetDataType() == DT_FLOAT" "false, return FAIL."
09-17 22:01:01.069 11692 11692 E C02150/com.shusen.lprdemo/AI_INFRA: hardswish_fusion_pass.cpp ParaCheckSelfNode(210)::"alpha->GetTensorDesc().GetDataType() == DT_FLOAT" "false, return FAIL."
09-17 22:01:01.069 11692 11692 E C02150/com.shusen.lprdemo/AI_INFRA: hardswish_fusion_pass.cpp ParaCheckSelfNode(210)::"alpha->GetTensorDesc().GetDataType() == DT_FLOAT" "false, return FAIL."
09-17 22:01:01.069 11692 11692 E C02150/com.shusen.lprdemo/AI_INFRA: hardswish_fusion_pass.cpp ParaCheckSelfNode(210)::"alpha->GetTensorDesc().GetDataType() == DT_FLOAT" "false, return FAIL."
09-17 22:01:01.069 11692 11692 E C02150/com.shusen.lprdemo/AI_INFRA: hardswish_fusion_pass.cpp ParaCheckSelfNode(210)::"alpha->GetTensorDesc().GetDataType() == DT_FLOAT" "false, return FAIL."
09-17 22:01:01.069 11692 11692 E C02150/com.shusen.lprdemo/AI_INFRA: hardswish_fusion_pass.cpp ParaCheckSelfNode(210)::"alpha->GetTensorDesc().GetDataType() == DT_FLOAT" "false, return FAIL."
09-17 22:01:01.069 11692 11692 E C02150/com.shusen.lprdemo/AI_INFRA: hardswish_fusion_pass.cpp ParaCheckSelfNode(210)::"alpha->GetTensorDesc().GetDataType() == DT_FLOAT" "false, return FAIL."
09-17 22:01:01.069 11692 11692 E C02150/com.shusen.lprdemo/AI_INFRA: hardswish_fusion_pass.cpp ParaCheckSelfNode(210)::"alpha->GetTensorDesc().GetDataType() == DT_FLOAT" "false, return FAIL."
09-17 22:01:01.069 11692 11692 E C02150/com.shusen.lprdemo/AI_INFRA: hardswish_fusion_pass.cpp ParaCheckSelfNode(210)::"alpha->GetTensorDesc().GetDataType() == DT_FLOAT" "false, return FAIL."
09-17 22:01:01.069 11692 11692 E C02150/com.shusen.lprdemo/AI_INFRA: hardswish_fusion_pass.cpp ParaCheckSelfNode(210)::"alpha->GetTensorDesc().GetDataType() == DT_FLOAT" "false, return FAIL."
09-17 22:01:01.069 11692 11692 E C02150/com.shusen.lprdemo/AI_INFRA: hardswish_fusion_pass.cpp ParaCheckSelfNode(210)::"alpha->GetTensorDesc().GetDataType() == DT_FLOAT" "false, return FAIL."
09-17 22:01:01.069 11692 11692 E C02150/com.shusen.lprdemo/AI_INFRA: hardswish_fusion_pass.cpp ParaCheckSelfNode(210)::"alpha->GetTensorDesc().GetDataType() == DT_FLOAT" "false, return FAIL."
09-17 22:01:01.069 11692 11692 E C02150/com.shusen.lprdemo/AI_INFRA: hardswish_fusion_pass.cpp ParaCheckSelfNode(210)::"alpha->GetTensorDesc().GetDataType() == DT_FLOAT" "false, return FAIL."
09-17 22:01:01.069 11692 11692 E C02150/com.shusen.lprdemo/AI_INFRA: hardswish_fusion_pass.cpp ParaCheckSelfNode(210)::"alpha->GetTensorDesc().GetDataType() == DT_FLOAT" "false, return FAIL."
09-17 22:01:01.069 11692 11692 E C02150/com.shusen.lprdemo/AI_INFRA: hardswish_fusion_pass.cpp ParaCheckSelfNode(210)::"alpha->GetTensorDesc().GetDataType() == DT_FLOAT" "false, return FAIL."
09-17 22:01:01.072 11692 11692 E C02150/com.shusen.lprdemo/AI_INFRA: hardswish_fusion_pass.cpp ParaCheckSelfNode(210)::"alpha->GetTensorDesc().GetDataType() == DT_FLOAT" "false, return FAIL."
09-17 22:01:01.072 11692 11692 E C02150/com.shusen.lprdemo/AI_INFRA: hardswish_fusion_pass.cpp ParaCheckSelfNode(210)::"alpha->GetTensorDesc().GetDataType() == DT_FLOAT" "false, return FAIL."
09-17 22:01:01.072 11692 11692 E C02150/com.shusen.lprdemo/AI_INFRA: hardswish_fusion_pass.cpp ParaCheckSelfNode(210)::"alpha->GetTensorDesc().GetDataType() == DT_FLOAT" "false, return FAIL."
09-17 22:01:01.072 11692 11692 E C02150/com.shusen.lprdemo/AI_INFRA: hardswish_fusion_pass.cpp ParaCheckSelfNode(210)::"alpha->GetTensorDesc().GetDataType() == DT_FLOAT" "false, return FAIL."
09-17 22:01:01.072 11692 11692 E C02150/com.shusen.lprdemo/AI_INFRA: hardswish_fusion_pass.cpp ParaCheckSelfNode(210)::"alpha->GetTensorDesc().GetDataType() == DT_FLOAT" "false, return FAIL."
09-17 22:01:01.072 11692 11692 E C02150/com.shusen.lprdemo/AI_INFRA: hardswish_fusion_pass.cpp ParaCheckSelfNode(210)::"alpha->GetTensorDesc().GetDataType() == DT_FLOAT" "false, return FAIL."
09-17 22:01:01.072 11692 11692 E C02150/com.shusen.lprdemo/AI_INFRA: hardswish_fusion_pass.cpp ParaCheckSelfNode(210)::"alpha->GetTensorDesc().GetDataType() == DT_FLOAT" "false, return FAIL."
09-17 22:01:01.072 11692 11692 E C02150/com.shusen.lprdemo/AI_INFRA: hardswish_fusion_pass.cpp ParaCheckSelfNode(210)::"alpha->GetTensorDesc().GetDataType() == DT_FLOAT" "false, return FAIL."
09-17 22:01:01.072 11692 11692 E C02150/com.shusen.lprdemo/AI_INFRA: hardswish_fusion_pass.cpp ParaCheckSelfNode(210)::"alpha->GetTensorDesc().GetDataType() == DT_FLOAT" "false, return FAIL."
09-17 22:01:01.072 11692 11692 E C02150/com.shusen.lprdemo/AI_INFRA: hardswish_fusion_pass.cpp ParaCheckSelfNode(210)::"alpha->GetTensorDesc().GetDataType() == DT_FLOAT" "false, return FAIL."
09-17 22:01:01.072 11692 11692 E C02150/com.shusen.lprdemo/AI_INFRA: hardswish_fusion_pass.cpp ParaCheckSelfNode(210)::"alpha->GetTensorDesc().GetDataType() == DT_FLOAT" "false, return FAIL."
09-17 22:01:01.072 11692 11692 E C02150/com.shusen.lprdemo/AI_INFRA: hardswish_fusion_pass.cpp ParaCheckSelfNode(210)::"alpha->GetTensorDesc().GetDataType() == DT_FLOAT" "false, return FAIL."
09-17 22:01:01.072 11692 11692 E C02150/com.shusen.lprdemo/AI_INFRA: hardswish_fusion_pass.cpp ParaCheckSelfNode(210)::"alpha->GetTensorDesc().GetDataType() == DT_FLOAT" "false, return FAIL."
09-17 22:01:01.072 11692 11692 E C02150/com.shusen.lprdemo/AI_INFRA: hardswish_fusion_pass.cpp ParaCheckSelfNode(210)::"alpha->GetTensorDesc().GetDataType() == DT_FLOAT" "false, return FAIL."
09-17 22:01:01.072 11692 11692 E C02150/com.shusen.lprdemo/AI_INFRA: hardswish_fusion_pass.cpp ParaCheckSelfNode(210)::"alpha->GetTensorDesc().GetDataType() == DT_FLOAT" "false, return FAIL."
09-17 22:01:01.072 11692 11692 E C02150/com.shusen.lprdemo/AI_INFRA: hardswish_fusion_pass.cpp ParaCheckSelfNode(210)::"alpha->GetTensorDesc().GetDataType() == DT_FLOAT" "false, return FAIL."
09-17 22:01:01.072 11692 11692 E C02150/com.shusen.lprdemo/AI_INFRA: hardswish_fusion_pass.cpp ParaCheckSelfNode(210)::"alpha->GetTensorDesc().GetDataType() == DT_FLOAT" "false, return FAIL."
09-17 22:01:01.072 11692 11692 E C02150/com.shusen.lprdemo/AI_INFRA: hardswish_fusion_pass.cpp ParaCheckSelfNode(210)::"alpha->GetTensorDesc().GetDataType() == DT_FLOAT" "false, return FAIL."
09-17 22:01:01.072 11692 11692 E C02150/com.shusen.lprdemo/AI_INFRA: hardswish_fusion_pass.cpp ParaCheckSelfNode(210)::"alpha->GetTensorDesc().GetDataType() == DT_FLOAT" "false, return FAIL."
09-17 22:01:01.072 11692 11692 E C02150/com.shusen.lprdemo/AI_INFRA: hardswish_fusion_pass.cpp ParaCheckSelfNode(210)::"alpha->GetTensorDesc().GetDataType() == DT_FLOAT" "false, return FAIL."
09-17 22:01:01.072 11692 11692 E C02150/com.shusen.lprdemo/AI_INFRA: hardswish_fusion_pass.cpp ParaCheckSelfNode(210)::"alpha->GetTensorDesc().GetDataType() == DT_FLOAT" "false, return FAIL."
09-17 22:01:01.072 11692 11692 E C02150/com.shusen.lprdemo/AI_INFRA: hardswish_fusion_pass.cpp ParaCheckSelfNode(210)::"alpha->GetTensorDesc().GetDataType() == DT_FLOAT" "false, return FAIL."
09-17 22:01:01.072 11692 11692 E C02150/com.shusen.lprdemo/AI_INFRA: hardswish_fusion_pass.cpp ParaCheckSelfNode(210)::"alpha->GetTensorDesc().GetDataType() == DT_FLOAT" "false, return FAIL."
09-17 22:01:01.072 11692 11692 E C02150/com.shusen.lprdemo/AI_INFRA: hardswish_fusion_pass.cpp ParaCheckSelfNode(210)::"alpha->GetTensorDesc().GetDataType() == DT_FLOAT" "false, return FAIL."
09-17 22:01:01.072 11692 11692 E C02150/com.shusen.lprdemo/AI_INFRA: hardswish_fusion_pass.cpp ParaCheckSelfNode(210)::"alpha->GetTensorDesc().GetDataType() == DT_FLOAT" "false, return FAIL."
09-17 22:01:01.072 11692 11692 E C02150/com.shusen.lprdemo/AI_INFRA: hardswish_fusion_pass.cpp ParaCheckSelfNode(210)::"alpha->GetTensorDesc().GetDataType() == DT_FLOAT" "false, return FAIL."
09-17 22:01:01.072 11692 11692 E C02150/com.shusen.lprdemo/AI_INFRA: hardswish_fusion_pass.cpp ParaCheckSelfNode(210)::"alpha->GetTensorDesc().GetDataType() == DT_FLOAT" "false, return FAIL."
09-17 22:01:01.073 11692 11692 W C02154/com.shusen.lprdemo/AI_FMK: copy_shared_const_op_pass.cpp CopyConstOp(110)::"ConstOp /neck/encoder/svtr_block.0/mixer/Constant_1 has less than or equal to one group, no need to copy const op."
09-17 22:01:01.074 11692 11692 W C02154/com.shusen.lprdemo/AI_FMK: copy_shared_const_op_pass.cpp CopyConstOp(110)::"ConstOp /backbone/conv1/_conv/Constant has less than or equal to one group, no need to copy const op."
09-17 22:01:01.074 11692 11692 W C02154/com.shusen.lprdemo/AI_FMK: copy_shared_const_op_pass.cpp CopyConstOp(110)::"ConstOp /neck/encoder/Constant has less than or equal to one group, no need to copy const op."
09-17 22:01:01.087 11692 11692 E C02151/com.shusen.lprdemo/AI_NPUCL: reshape_check_support.cc ReshapeCheckFunc(41)::check reshape dimInfo fail
09-17 22:01:01.087 11692 11692 W C02151/com.shusen.lprdemo/AI_NPUCL: fe_sub_stores_manager.cc CheckSupported(314)::"CheckSupported: the op name [/neck/encoder/svtr_block.0/mixer/Reshape] type [Reshape] is not supported in npucl store [elementary_lib]"
09-17 22:01:01.087 11692 11692 E C02151/com.shusen.lprdemo/AI_NPUCL: permute_check_support.cc IsSupport(21)::realdimCnt > 4
09-17 22:01:01.087 11692 11692 W C02151/com.shusen.lprdemo/AI_NPUCL: fe_sub_stores_manager.cc CheckSupported(314)::"CheckSupported: the op name [/neck/encoder/svtr_block.0/mixer/Transpose] type [Permute] is not supported in npucl store [elementary_lib]"
09-17 22:01:01.088 11692 11692 E C02151/com.shusen.lprdemo/AI_NPUCL: reshape_check_support.cc ReshapeCheckFunc(41)::check reshape dimInfo fail
09-17 22:01:01.088 11692 11692 W C02151/com.shusen.lprdemo/AI_NPUCL: fe_sub_stores_manager.cc CheckSupported(314)::"CheckSupported: the op name [/neck/encoder/svtr_block.1/mixer/Reshape] type [Reshape] is not supported in npucl store [elementary_lib]"
09-17 22:01:01.088 11692 11692 E C02151/com.shusen.lprdemo/AI_NPUCL: permute_check_support.cc IsSupport(21)::realdimCnt > 4
09-17 22:01:01.088 11692 11692 W C02151/com.shusen.lprdemo/AI_NPUCL: fe_sub_stores_manager.cc CheckSupported(314)::"CheckSupported: the op name [/neck/encoder/svtr_block.1/mixer/Transpose] type [Permute] is not supported in npucl store [elementary_lib]"
09-17 22:01:01.088 11692 11692 W C02151/com.shusen.lprdemo/AI_NPUCL: fe_sub_stores_manager.cc CheckSupported(314)::"CheckSupported: the op name [/neck/encoder/svtr_block.0/mixer/Reshape] type [Reshape] is not supported in npucl store [fe_lib]"
09-17 22:01:01.088 11692 11692 W C02151/com.shusen.lprdemo/AI_NPUCL: fe_sub_stores_manager.cc CheckSupported(314)::"CheckSupported: the op name [/neck/encoder/svtr_block.0/mixer/Transpose] type [Permute] is not supported in npucl store [fe_lib]"
09-17 22:01:01.088 11692 11692 W C02151/com.shusen.lprdemo/AI_NPUCL: fe_sub_stores_manager.cc CheckSupported(314)::"CheckSupported: the op name [/neck/encoder/svtr_block.1/mixer/Reshape] type [Reshape] is not supported in npucl store [fe_lib]"
09-17 22:01:01.088 11692 11692 W C02151/com.shusen.lprdemo/AI_NPUCL: fe_sub_stores_manager.cc CheckSupported(314)::"CheckSupported: the op name [/neck/encoder/svtr_block.1/mixer/Transpose] type [Permute] is not supported in npucl store [fe_lib]"
09-17 22:01:01.090 11692 11692 I C02154/com.shusen.lprdemo/AI_FMK: partitioner_strategy.cpp ToPartitionerList(356)::"partition type NPU:3, CPU:2, GPU:0, ISP:0."
09-17 22:01:01.090 11692 11692 E C02150/com.shusen.lprdemo/AI_INFRA: partitioner_list.cpp operator()(63)::"edge.SrcNode().ROLE(NodeSpec).Name() == constName" "false, return hiai::SUCCESS."
09-17 22:01:01.090 11692 11692 E C02150/com.shusen.lprdemo/AI_INFRA: partitioner_list.cpp operator()(63)::"edge.SrcNode().ROLE(NodeSpec).Name() == constName" "false, return hiai::SUCCESS."
09-17 22:01:01.090 11692 11692 E C02150/com.shusen.lprdemo/AI_INFRA: partitioner_list.cpp operator()(63)::"edge.SrcNode().ROLE(NodeSpec).Name() == constName" "false, return hiai::SUCCESS."
09-17 22:01:01.098 11692 11692 W C02151/com.shusen.lprdemo/AI_NPUCL: fftl_fusion_pass.cc CheckOpSupport(746)::"fftl not support Swish"
09-17 22:01:01.143 11692 11692 I C02153/com.shusen.lprdemo/CPUCL: cpu_graph_optimizer.cpp Optimize(302)::"CPUGraphOptimizer::Optimize, precisionMode:0. 0:fp32 1:fp32&fp16 fp16Flag:0"
09-17 22:01:01.143 11692 11692 I C02153/com.shusen.lprdemo/CPUCL: cpu_graph_optimizer.cpp Optimize(304)::"graph optimizer enable fp16 is:0"
09-17 22:01:01.143 11692 11692 I C02153/com.shusen.lprdemo/CPUCL: trans_conv3d_optimizer.cpp Optimize(680)::"trans conv3d to unfold and matmul."
09-17 22:01:01.143 11692 11692 I C02153/com.shusen.lprdemo/CPUCL: trans_conv3d_optimizer.cpp Optimize(696)::"no conv3d node found."
09-17 22:01:01.143 11692 11692 I C02153/com.shusen.lprdemo/CPUCL: trans_avgpool3d_optimizer.cpp Optimize(411)::"trans avgpool3d to avgpool2d."
09-17 22:01:01.143 11692 11692 I C02153/com.shusen.lprdemo/CPUCL: trans_avgpool3d_optimizer.cpp Optimize(426)::"no avgpool3d node found."
09-17 22:01:01.143 11692 11692 I C02153/com.shusen.lprdemo/CPUCL: cpu_graph_optimizer.cpp Optimize(314)::"cpucl subgrah optimize success"
09-17 22:01:01.143 11692 11692 W C02151/com.shusen.lprdemo/AI_NPUCL: op_supported_format.cc GetOpSupportedFormat(403)::The type of Data not find.
09-17 22:01:01.143 11692 11692 W C02151/com.shusen.lprdemo/AI_NPUCL: op_supported_format.cc GetOpSupportedFormat(403)::The type of Data not find.
09-17 22:01:01.143 11692 11692 W C02151/com.shusen.lprdemo/AI_NPUCL: op_supported_format.cc GetOpSupportedFormat(403)::The type of Data not find.
09-17 22:01:01.143 11692 11692 W C02151/com.shusen.lprdemo/AI_NPUCL: op_supported_format.cc GetOpSupportedFormat(403)::The type of Data not find.
09-17 22:01:01.144 11692 11692 W C02151/com.shusen.lprdemo/AI_NPUCL: fftl_fusion_pass.cc CheckOpSupport(746)::"fftl not support GatherV2D"
09-17 22:01:01.147 11692 11692 E C02151/com.shusen.lprdemo/AI_NPUCL: batchmatmul_cube_kernel_builder.cc TransformBeforeInit(22)::Double input scenario, returns success.
09-17 22:01:01.147 11692 11692 E C02151/com.shusen.lprdemo/AI_NPUCL: batchmatmul_cube_kernel_builder.cc TransformBeforeInit(22)::Double input scenario, returns success.
09-17 22:01:01.148 11692 11692 I C02153/com.shusen.lprdemo/CPUCL: cpu_graph_optimizer.cpp Optimize(302)::"CPUGraphOptimizer::Optimize, precisionMode:0. 0:fp32 1:fp32&fp16 fp16Flag:0"
09-17 22:01:01.148 11692 11692 I C02153/com.shusen.lprdemo/CPUCL: cpu_graph_optimizer.cpp Optimize(304)::"graph optimizer enable fp16 is:0"
09-17 22:01:01.148 11692 11692 I C02153/com.shusen.lprdemo/CPUCL: trans_conv3d_optimizer.cpp Optimize(680)::"trans conv3d to unfold and matmul."
09-17 22:01:01.148 11692 11692 I C02153/com.shusen.lprdemo/CPUCL: trans_conv3d_optimizer.cpp Optimize(696)::"no conv3d node found."
09-17 22:01:01.148 11692 11692 I C02153/com.shusen.lprdemo/CPUCL: trans_avgpool3d_optimizer.cpp Optimize(411)::"trans avgpool3d to avgpool2d."
09-17 22:01:01.148 11692 11692 I C02153/com.shusen.lprdemo/CPUCL: trans_avgpool3d_optimizer.cpp Optimize(426)::"no avgpool3d node found."
09-17 22:01:01.148 11692 11692 I C02153/com.shusen.lprdemo/CPUCL: cpu_graph_optimizer.cpp Optimize(314)::"cpucl subgrah optimize success"
09-17 22:01:01.149 11692 11692 E C02151/com.shusen.lprdemo/AI_NPUCL: permute_matmul_fusion_pass.cc IsMatch(91)::"PermuteMatmulFusionPass permute node:/neck/encoder_reshape/Transpose ,only support order 0132 "
09-17 22:01:01.149 11692 11692 W C02151/com.shusen.lprdemo/AI_NPUCL: op_supported_format.cc GetOpSupportedFormat(403)::The type of Data not find.
09-17 22:01:01.149 11692 11692 W C02151/com.shusen.lprdemo/AI_NPUCL: op_supported_format.cc GetOpSupportedFormat(403)::The type of Data not find.
09-17 22:01:01.149 11692 11692 W C02151/com.shusen.lprdemo/AI_NPUCL: op_supported_format.cc GetOpSupportedFormat(403)::The type of Data not find.
09-17 22:01:01.149 11692 11692 W C02151/com.shusen.lprdemo/AI_NPUCL: op_supported_format.cc GetOpSupportedFormat(403)::The type of Data not find.
09-17 22:01:01.150 11692 11692 W C02151/com.shusen.lprdemo/AI_NPUCL: fftl_fusion_pass.cc CheckOpSupport(746)::"fftl not support GatherV2D"
09-17 22:01:01.154 11692 11692 E C02151/com.shusen.lprdemo/AI_NPUCL: squeeze_graph_builder.cc RecoverShape(33)::wrong input dims
09-17 22:01:01.154 11692 11692 E C02151/com.shusen.lprdemo/AI_NPUCL: batchmatmul_cube_kernel_builder.cc TransformBeforeInit(22)::Double input scenario, returns success.
09-17 22:01:01.154 11692 11692 E C02151/com.shusen.lprdemo/AI_NPUCL: batchmatmul_cube_kernel_builder.cc TransformBeforeInit(22)::Double input scenario, returns success.
09-17 22:01:01.175 11692 11692 I C02154/com.shusen.lprdemo/AI_FMK: model_memory_assign.cpp MemoryCalculateForGraph(367)::"SeqBlockMemAssigner"
09-17 22:01:01.178 11692 11692 W C02154/com.shusen.lprdemo/AI_FMK: seq_block_mem_assigner.cpp SetOffset(409)::"not find id, id is 0."
09-17 22:01:01.178 11692 11692 W C02154/com.shusen.lprdemo/AI_FMK: seq_block_mem_assigner.cpp SetOffset(409)::"not find id, id is 0."
09-17 22:01:01.178 11692 11692 I C02154/com.shusen.lprdemo/AI_FMK: model_memory_assign.cpp MemoryCalculate(482)::" ModelMemAssign::sub graph max memory_size is 862208!"
09-17 22:01:01.196 11692 11692 I A0FFFF/com.shusen.lprdemo/HIAI_DDK_MSG: model_builder_impl.cpp BuildModel(54)::"build model success."
09-17 22:01:01.210 11692 11692 D A0FFFF/com.shusen.lprdemo/HIAI_DDK_MSG: graph_store.cpp ~GraphStore(61)::"GraphStore Destruct id[1]."
09-17 22:01:01.213 11692 11692 I A0FFFF/com.shusen.lprdemo/HIAI_DDK_MSG: hiai_model_runtime_repo.c ModelRuntimeRepo_TryRestore(173)::"DDK version is beta."
09-17 22:01:01.213 11692 11692 I C02154/com.shusen.lprdemo/AI_FMK: ai_timer_manager.cpp CloseTimer(281)::"del timerfd [4] from epoll [-1], isTimeoutCall:0"
09-17 22:01:01.214 11692 11692 I C02154/com.shusen.lprdemo/AI_FMK: general_compiled_model.cpp ParseWeightsInfo(290)::"Do not have WEIGHT_INFO partition"
09-17 22:01:01.214 11692 11692 I C02154/com.shusen.lprdemo/AI_FMK: general_compiled_model.cpp operator()(723)::"isContainKernelBin is true."
09-17 22:01:01.214 11692 11692 I C02154/com.shusen.lprdemo/AI_FMK: general_compiled_model.cpp operator()(723)::"isContainKernelBin is true."
09-17 22:01:01.214 11692 11692 I C02154/com.shusen.lprdemo/AI_FMK: general_compiled_model.cpp operator()(723)::"isContainKernelBin is true."
09-17 22:01:01.216 11692 11692 I C02154/com.shusen.lprdemo/AI_FMK: compiled_model_utils.cpp operator()(506)::"graph op name: SubGraph_0, weight size: 3493376, variable offset: 0."
09-17 22:01:01.216 11692 11692 I C02154/com.shusen.lprdemo/AI_FMK: compiled_model_utils.cpp operator()(531)::"subgraph:SubGraph_0 weight hash:0xcfe4bcac3d0f7db7."
09-17 22:01:01.216 11692 11692 I C02154/com.shusen.lprdemo/AI_FMK: compiled_model_utils.cpp operator()(506)::"graph op name: SubGraph_1, weight size: 36, variable offset: 0."
09-17 22:01:01.216 11692 11692 I C02154/com.shusen.lprdemo/AI_FMK: compiled_model_utils.cpp operator()(531)::"subgraph:SubGraph_1 weight hash:0x2a58ec33f9d5dcf1."
09-17 22:01:01.216 11692 11692 I C02154/com.shusen.lprdemo/AI_FMK: compiled_model_utils.cpp operator()(506)::"graph op name: SubGraph_2, weight size: 256000, variable offset: 0."
09-17 22:01:01.216 11692 11692 I C02154/com.shusen.lprdemo/AI_FMK: compiled_model_utils.cpp operator()(531)::"subgraph:SubGraph_2 weight hash:0x8637569e45d1e317."
09-17 22:01:01.216 11692 11692 I C02154/com.shusen.lprdemo/AI_FMK: compiled_model_utils.cpp operator()(506)::"graph op name: SubGraph_3, weight size: 36, variable offset: 0."
09-17 22:01:01.216 11692 11692 I C02154/com.shusen.lprdemo/AI_FMK: compiled_model_utils.cpp operator()(531)::"subgraph:SubGraph_3 weight hash:0x66a1a373eb0ca4f6."
09-17 22:01:01.216 11692 11692 I C02154/com.shusen.lprdemo/AI_FMK: compiled_model_utils.cpp operator()(506)::"graph op name: SubGraph_4, weight size: 1492480, variable offset: 0."
09-17 22:01:01.216 11692 11692 I C02154/com.shusen.lprdemo/AI_FMK: compiled_model_utils.cpp operator()(531)::"subgraph:SubGraph_4 weight hash:0xa908fa34718051bf."
09-17 22:01:01.220 11692 11973 W C01810/com.shusen.lprdemo/SA_CLIENT: OnLoadSaSucInner SA:303 spend 0ms
09-17 22:01:01.222 11692 11692 I C02150/com.shusen.lprdemo/AI_INFRA: dma_memory_allocator.cpp AllocateSC(374)::"save originFd:46, clientFd:183"
09-17 22:01:01.226 11692 11692 I C02154/com.shusen.lprdemo/AI_FMK: general_model_executor.cpp Init(200)::"PipeCnt:1. PID:0, ModelID:1, FM+Weights+OutMemSize: 6356648, PerfMode 3"
09-17 22:01:01.226 11692 11692 W C02151/com.shusen.lprdemo/AI_NPUCL: npu_graph_executor_client.cc Init(330)::"load model begin client id:65536"
09-17 22:01:01.226 11692 11692 W C02151/com.shusen.lprdemo/AI_NPUCL: npu_graph_executor_client.cc Init(344)::"client executor id = 65536"
09-17 22:01:01.234 11692 11692 I C02153/com.shusen.lprdemo/CPUCL: cpu_graph_executor.cpp Init(271)::"CPUGraphExecutor::Init subModelName is default_test"
09-17 22:01:01.234 11692 11692 I C02153/com.shusen.lprdemo/CPUCL: cpu_backend.cpp Init(243)::"threadNum_:3, orig.pef=300, perfmode_:1 useApprox true"
09-17 22:01:01.235 11692 11692 I C02153/com.shusen.lprdemo/CPUCL: reshape_op_execute.cpp InitVisitEdges(86)::"[name=/neck/encoder/svtr_block.0/mixer/Reshape,type=Reshape] use copy mode"
09-17 22:01:01.235 11692 12322 I C02153/com.shusen.lprdemo/CPUCL: utils.cpp SetSchedAffinity(55)::"bind tid:12322 success. [5 ]"
09-17 22:01:01.235 11692 12322 W C02153/com.shusen.lprdemo/CPUCL: utils.cpp SetCpuPriority(67)::"set scheduler failed:Operation not permitted"
09-17 22:01:01.235 11692 11692 I C02153/com.shusen.lprdemo/CPUCL: cpu_graph_executor.cpp Init(310)::"profiler_:0"
09-17 22:01:01.235 11692 11692 I C02153/com.shusen.lprdemo/CPUCL: cpu_graph_executor.cpp Init(334)::"cpucl GraphExecutor init success"
09-17 22:01:01.235 11692 11692 W C02151/com.shusen.lprdemo/AI_NPUCL: npu_graph_executor_client.cc Init(330)::"load model begin client id:65537"
09-17 22:01:01.235 11692 11692 W C02151/com.shusen.lprdemo/AI_NPUCL: npu_graph_executor_client.cc Init(344)::"client executor id = 65537"
09-17 22:01:01.236 11692 12323 I C02153/com.shusen.lprdemo/CPUCL: utils.cpp SetSchedAffinity(55)::"bind tid:12323 success. [6 ]"
09-17 22:01:01.236 11692 12323 W C02153/com.shusen.lprdemo/CPUCL: utils.cpp SetCpuPriority(67)::"set scheduler failed:Operation not permitted"
09-17 22:01:01.238 11692 11692 I C02153/com.shusen.lprdemo/CPUCL: cpu_graph_executor.cpp Init(271)::"CPUGraphExecutor::Init subModelName is default_test"
09-17 22:01:01.238 11692 11692 I C02153/com.shusen.lprdemo/CPUCL: cpu_backend.cpp Init(243)::"threadNum_:3, orig.pef=300, perfmode_:1 useApprox true"
09-17 22:01:01.238 11692 11692 I C02153/com.shusen.lprdemo/CPUCL: reshape_op_execute.cpp InitVisitEdges(86)::"[name=/neck/encoder/svtr_block.1/mixer/Reshape,type=Reshape] use copy mode"
09-17 22:01:01.238 11692 11692 I C02153/com.shusen.lprdemo/CPUCL: cpu_graph_executor.cpp Init(310)::"profiler_:0"
09-17 22:01:01.238 11692 11692 I C02153/com.shusen.lprdemo/CPUCL: cpu_graph_executor.cpp Init(334)::"cpucl GraphExecutor init success"
09-17 22:01:01.238 11692 11692 W C02151/com.shusen.lprdemo/AI_NPUCL: npu_graph_executor_client.cc Init(330)::"load model begin client id:65538"
09-17 22:01:01.239 11692 11692 W C02151/com.shusen.lprdemo/AI_NPUCL: npu_graph_executor_client.cc Init(344)::"client executor id = 65538"
09-17 22:01:01.242 11692 11692 I C02154/com.shusen.lprdemo/AI_FMK: hcl_model_executor_impl.cpp Init(485)::"LoadModelsByHcl success"
09-17 22:01:01.242 11692 11692 I C02154/com.shusen.lprdemo/AI_FMK: general_model_executor.cpp SetPriority(391)::"dynamic priority:6."
09-17 22:01:01.260 11692 11692 I C02103/com.shusen.lprdemo/MS_LITE: [lite_session.cc:2100] LoadModelAndCompileByBuf# Has successfully compiled the graph
09-17 22:01:01.260 11692 11692 I C02103/com.shusen.lprdemo/MS_LITE: [model_c.cc:219] OH_AI_ModelBuild# Built ms model successfully
09-17 22:01:01.260 11692 11692 I A0D001/com.shusen.lprdemo/LprNative: model built on NNRT:NPU_ohos.boot.hardware.kirin8020_v2_0
09-17 22:01:01.260 11692 11692 I A0D001/com.shusen.lprdemo/LprNative: loaded backend=NNRT:NPU_ohos.boot.hardware.kirin8020_v2_0 trail=[NNRT:NPU_ohos.boot.hardware.kirin8020_v2_0(ok)] in=data shape=[1,48,160,3] fmt=1 elems=23040 dtype=43 out=output elems=1560 dtype=43
09-17 22:01:01.260 11692 11692 I A0D001/com.shusen.lprdemo/LprNative: loadModel ok: ok=1;id=1;name=rec;backend=NNRT:NPU_ohos.boot.hardware.kirin8020_v2_0;attemptLog=NNRT:NPU_ohos.boot.hardware.kirin8020_v2_0(ok);inputName=data;outputName=output;inputShape=[1,48,160,3];outputShape=[1,20,78];inputFormat=NHWC;outputFormat=NHWC;inputElems=23040;outputElems=1560;error=
09-17 22:01:01.270 11692 11941 I C02D07/com.shusen.lprdemo/Config: get free size=136725950464
09-17 22:01:01.271 11692 11941 I C02D07/com.shusen.lprdemo/ObserverMgr: init watchers
09-17 22:01:01.309 11692 11692 I A0D001/com.shusen.lprdemo/LprNative: backend plan for 'cpu': 1 attempt(s)
09-17 22:01:01.309 11692 11692 I C02103/com.shusen.lprdemo/MS_LITE: [model_c.cc:197] OH_AI_ModelBuild# Start to build ms model
09-17 22:01:01.310 11692 11692 E A02102/com.shusen.lprdemo/MS_LITE: <private>:<private> "cpu's architecture is unknown."
09-17 22:01:01.310 11692 11692 I A02102/com.shusen.lprdemo/MS_LITE: <private>:<private> "set arch failed, ignoring arch."
09-17 22:01:01.311 11692 11692 I A02102/com.shusen.lprdemo/MS_LITE: <private>:<private> "ThreadInfo, Actor: [<private>], All: [<private>], CoreNum: [<private>]"
09-17 22:01:01.312 11692 11692 I A02102/com.shusen.lprdemo/MS_LITE: <private>:<private> "init task queues success."
09-17 22:01:01.312 11692 11692 I A02102/com.shusen.lprdemo/MS_LITE: <private>:<private> "ThreadInfo, Num: [<private>], CoreNum: [<private>]"
09-17 22:01:01.312 11692 11692 I A02102/com.shusen.lprdemo/MS_LITE: <private>:<private> "create kernel thread[<private>]"
09-17 22:01:01.312 11692 11692 I A02102/com.shusen.lprdemo/MS_LITE: <private>:<private> "ThreadInfo, Num: [<private>], CoreNum: [<private>]"
09-17 22:01:01.312 11692 11692 I A02102/com.shusen.lprdemo/MS_LITE: <private>:<private> "create kernel thread[<private>]"
09-17 22:01:01.312 11692 11692 I A02102/com.shusen.lprdemo/MS_LITE: <private>:<private> "create kernel thread[<private>]"
09-17 22:01:01.313 11692 11692 I A02102/com.shusen.lprdemo/MS_LITE: <private>:<private> "create kernel thread[<private>]"
09-17 22:01:01.313 11692 11692 E A02102/com.shusen.lprdemo/MS_LITE: <private>:<private> "bind id is empty"
09-17 22:01:01.313 11692 11692 E A02102/com.shusen.lprdemo/MS_LITE: <private>:<private> "bind id is empty"
09-17 22:01:01.313 11692 11692 I C02103/com.shusen.lprdemo/MS_LITE: [lite_session.cc:2065] LoadModelAndCompileByBuf# Start loading model and compiling from buffer
09-17 22:01:01.313 11692 11692 I C02103/com.shusen.lprdemo/MS_LITE: [lite_session.cc:2080] LoadModelAndCompileByBuf# Start loading model from buffer
09-17 22:01:01.313 11692 11692 I C02103/com.shusen.lprdemo/MS_LITE: [lite_session.cc:2082] LoadModelAndCompileByBuf# Successfully loaded model from buffer
09-17 22:01:01.313 11692 11692 W C03F07/MUSL-LDSO: Error loading header libdeobfuscator_lib.z.so: failed to map header
09-17 22:01:01.313 11692 11692 W C03F07/MUSL-LDSO: dlopen_impl load library header failed for libdeobfuscator_lib.z.so
09-17 22:01:01.317 11692 11692 I C02103/com.shusen.lprdemo/MS_LITE: [lite_session.cc:2098] LoadModelAndCompileByBuf# Start to compile Graph
09-17 22:01:01.319 11692 11692 I C02103/com.shusen.lprdemo/MS_LITE: [lite_session.cc:2100] LoadModelAndCompileByBuf# Has successfully compiled the graph
09-17 22:01:01.319 11692 11692 I C02103/com.shusen.lprdemo/MS_LITE: [model_c.cc:219] OH_AI_ModelBuild# Built ms model successfully
09-17 22:01:01.319 11692 11692 I A0D001/com.shusen.lprdemo/LprNative: model built on CPU
09-17 22:01:01.319 11692 11692 I A0D001/com.shusen.lprdemo/LprNative: loaded backend=CPU trail=[CPU(ok)] in=data shape=[1,96,96,3] fmt=1 elems=27648 dtype=43 out=output elems=3 dtype=43
09-17 22:01:01.319 11692 11692 I A0D001/com.shusen.lprdemo/LprNative: loadModel ok: ok=1;id=2;name=cls;backend=CPU;attemptLog=CPU(ok);inputName=data;outputName=output;inputShape=[1,96,96,3];outputShape=[1,3];inputFormat=NHWC;outputFormat=NCHW;inputElems=27648;outputElems=3;error=
09-17 22:01:01.326 11692 11692 I A0D001/com.shusen.lprdemo/LprNativeUI: NATIVE LOAD ok det=CPU  rec=NNRT:NPU_ohos.boot.hardware.kirin8020_v2_0  cls=CPU
09-17 22:01:01.326 11692 11692 I A0D001/com.shusen.lprdemo/LprNativeUI: NATIVE TRAIL det[CPU(ok)] rec[NNRT:NPU_ohos.boot.hardware.kirin8020_v2_0(ok)] cls[CPU(ok)]
09-17 22:01:01.328 11692 11692 I C02D06/com.shusen.lprdemo/XCollie: success to submit start trace
09-17 22:01:01.328 11692 11692 I C02D06/com.shusen.lprdemo/XCollie: MainThread TraceCollector Start result: 0, Duration Time: 607 ms
09-17 22:01:01.328 11692 11692 I C0391B/com.shusen.lprdemo/AceWeb: [(100000:100000:scope)] WebDelegate::EnableHardware, web id = 1
09-17 22:01:01.328 11692 11692 W C01400/com.shusen.lprdemo/Vsync: PrintRequestTs: recv vsync timeout, from:WM_11692, now:716023965887374, fromRsTs:716023396262307, timeInterval:569625067ns
09-17 22:01:01.328 11692 11935 I C02D10/com.shusen.lprdemo/HiViewRemoteService: GetHiViewRemoteService: refresh remote service instance.
09-17 22:01:01.329 11692 11692 W C03913/com.shusen.lprdemo/AceText: [(100000:100000:scope)] destroy TxtParagraph with placeholderCnt_ 0, textAlign_ 0, count 0
09-17 22:01:01.330 11692 11692 I C02D66/com.shusen.lprdemo/Hiview-PerfMonitor: ProcessJank: JankFrameMonitor::ProcessJank jank >= threshold
09-17 22:01:01.338 11692 11975 I C02B60/com.shusen.lprdemo/JPEGHWDECODER: [jpeg_hw_decoder.cpp][GetCodecManager 60] need to get ICodecImage
09-17 22:01:01.341 11692 12079 E C0470A/com.shusen.lprdemo/GameServicePerf: [(HandleBufferData:68)]GameService-graphics: game opt disable
09-17 22:01:01.342 11692 11975 I C01401/com.shusen.lprdemo/Bufferqueue: <surface_buffer_impl.cpp:167-InitMemMgrMembers>: InitMemMgrMembers succeed
09-17 22:01:01.346 11692 11975 I C02B60/com.shusen.lprdemo/JPEGHWDECODER: [jpeg_hw_decoder.cpp][GetCompressedDataStart 381] input stream size:394396 compress data size:393677
09-17 22:01:01.361 11692 11975 I C02B61/com.shusen.lprdemo/ImageSource: CreatePixelMap success, id:1789653661327365,dSize:(0,0),srcSize: (1920,1080),dHdr:1,sHdr:1,memType: 4,cost 20411 us
09-17 22:01:01.361 11692 11975 I C014C0/com.shusen.lprdemo/GRALLOC: Gralloc init log flag: 0x0(0)
09-17 22:01:01.411 11692 11692 I C02D66/com.shusen.lprdemo/Hiview-PerfMonitor: ProcessJank: JankFrameMonitor::ProcessJank jank >= threshold
09-17 22:01:01.421 11692 11692 I A0D001/com.shusen.lprdemo/LprNativeUI: NATIVE DECODE assets/samples/hlpr-test.jpg 1920x1080
09-17 22:01:01.475 11692 11692 I A0D001/com.shusen.lprdemo/LprNative: PIPE BACKENDS mode=0 det=CPU rec=NNRT:NPU_ohos.boot.hardware.kirin8020_v2_0 cls=CPU
09-17 22:01:01.475 11692 11692 I A0D001/com.shusen.lprdemo/LprStages: E2E preprocess begin ncnn=0 vulkan=0
09-17 22:01:01.565 11692 11935 I C02D06/com.shusen.lprdemo/XCollie: Start to open trace result: 1203, interval: 237 ms
09-17 22:01:01.567 11692 11692 I A0D001/com.shusen.lprdemo/LprStages: E2E detector returned tensors=3
09-17 22:01:01.584 11692 11692 I A0FFFF/com.shusen.lprdemo/HIAI_DDK_MSG: hiai_foundation_dl_helper.c HIAI_Foundation_IsNpuSupport(121)::"support NPU"
09-17 22:01:01.584 11692 11692 I C02154/com.shusen.lprdemo/AI_FMK: ion_tensor_buffer.cpp Create(61)::"alloc consis mem."
09-17 22:01:01.585 11692 12271 I C02154/com.shusen.lprdemo/AI_FMK: ion_tensor_buffer.cpp Create(61)::"alloc consis mem."
09-17 22:01:01.586 11692 12271 I C02101/com.shusen.lprdemo/DLSA: AddSessionId ret = 1
09-17 22:01:01.590 11692 12271 I C02153/com.shusen.lprdemo/CPUCL: utils.cpp SetSchedAffinity(55)::"bind tid:12271 success. [4 7 8 9 ]"
09-17 22:01:01.590 11692 12271 I C02153/com.shusen.lprdemo/CPUCL: cpu_graph_executor.cpp Execute(657)::"[Stats]cpu_runtime: 151us"
09-17 22:01:01.590 11692 12271 I C02153/com.shusen.lprdemo/CPUCL: utils.cpp SetSchedAffinity(55)::"bind tid:12271 success. [4 7 8 9 ]"
09-17 22:01:01.590 11692 12271 I C02153/com.shusen.lprdemo/CPUCL: cpu_graph_executor.cpp Execute(657)::"[Stats]cpu_runtime: 76us"
09-17 22:01:01.592 11692 11692 I A0D001/com.shusen.lprdemo/LprStages: E2E recogniser returned code=鑻廍D5172
09-17 22:01:01.605 11692 11692 I A0D001/com.shusen.lprdemo/LprNative: pipeline: ok=1;count=1;totalMs=129.3331;error=;p0=鑻廍D5172,0.7273,0.7366,0,1751|747|1879|855,78|123,0.0001|0.9998|0.0001,鑻弢E|D|5|1|7|2,0.7227|0.7969|0.5762|0.9941|0.7832|0.7168|0.5664,94.1931|12.2859|9.6745|5.0813,2773473;
09-17 22:01:01.678 11692 11692 I A0D001/com.shusen.lprdemo/LprNativeUI: NATIVE PIPE code=鑻廍D5172 colour=钃濈墝 count=1 total=129.3331 stages=94.1931|12.2859|9.6745|5.0813 cropSum=2773473
09-17 22:01:01.678 11692 11692 I A0D001/com.shusen.lprdemo/LprNativeUI: BACKEND E2E BEGIN v1 expected=鑻廍D5172 det=CPU  rec=NNRT:NPU_ohos.boot.hardware.kirin8020_v2_0  cls=CPU
09-17 22:01:01.678 11692 11692 I C02D06/com.shusen.lprdemo/XCollie: Application is in starting period.
09-17 22:01:01.679 11692 11692 I A04510/com.shusen.lprdemo/chromium: [arkweb_page_load_metrics_observer.cc:245] [WebLoadTracker] PageFirstMeaningfulPaintInMainFrameDocument navigationId:1 FMP:440ms
09-17 22:01:01.679 11692 11692 I A04510/com.shusen.lprdemo/chromium: [nweb_handler_delegate.cc:1943] NWebHandlerDelegate::OnFirstMeaningfulPaint
09-17 22:01:01.679 11692 11692 I C0391B/com.shusen.lprdemo/AceWeb: [(100000:100000:scope)] WebDelegate::OnFirstMeaningfulPaint, web id = 1
09-17 22:01:01.683 11692 11975 I C02B60/com.shusen.lprdemo/JPEGHWDECODER: [jpeg_hw_decoder.cpp][GetCompressedDataStart 381] input stream size:394396 compress data size:393677
09-17 22:01:01.694 11692 11975 I C02B61/com.shusen.lprdemo/ImageSource: CreatePixelMap success, id:1789653661678747,dSize:(0,0),srcSize: (1920,1080),dHdr:1,sHdr:1,memType: 4,cost 14135 us
09-17 22:01:01.706 11692 11692 I A0D001/com.shusen.lprdemo/LprNativeUI: NATIVE DECODE assets/samples/hlpr-test.jpg 1920x1080
09-17 22:01:01.734 11692 11692 I C02103/com.shusen.lprdemo/MS_LITE: [context_c.cc:392] OH_AI_GetAllNNRTDeviceDescs# NNRTDeviceDesc sorted, 1npu devices found, 1other devices found.
09-17 22:01:01.734 11692 11692 I A0D001/com.shusen.lprdemo/LprNative: backend plan for 'nnrt': 3 attempt(s)
09-17 22:01:01.735 11692 11692 I C02103/com.shusen.lprdemo/MS_LITE: [context_c.cc:392] OH_AI_GetAllNNRTDeviceDescs# NNRTDeviceDesc sorted, 1npu devices found, 1other devices found.
09-17 22:01:01.735 11692 11692 I C02103/com.shusen.lprdemo/MS_LITE: [model_c.cc:197] OH_AI_ModelBuild# Start to build ms model
09-17 22:01:01.735 11692 11692 I C02103/com.shusen.lprdemo/MS_LITE: [model_impl.cc:1038] CreateLiteSession# loaded nnrt library at OH_NNModel_HasCache
09-17 22:01:01.735 11692 11692 E A02102/com.shusen.lprdemo/MS_LITE: <private>:<private> "cpu's architecture is unknown."
09-17 22:01:01.735 11692 11692 I A02102/com.shusen.lprdemo/MS_LITE: <private>:<private> "set arch failed, ignoring arch."
09-17 22:01:01.736 11692 11692 I A02102/com.shusen.lprdemo/MS_LITE: <private>:<private> "ThreadInfo, Actor: [<private>], All: [<private>], CoreNum: [<private>]"
09-17 22:01:01.737 11692 11692 I A02102/com.shusen.lprdemo/MS_LITE: <private>:<private> "init task queues success."
09-17 22:01:01.737 11692 11692 I A02102/com.shusen.lprdemo/MS_LITE: <private>:<private> "ThreadInfo, Num: [<private>], CoreNum: [<private>]"
09-17 22:01:01.737 11692 11692 I A02102/com.shusen.lprdemo/MS_LITE: <private>:<private> "create kernel thread[<private>]"
09-17 22:01:01.737 11692 11692 I A02102/com.shusen.lprdemo/MS_LITE: <private>:<private> "ThreadInfo, Num: [<private>], CoreNum: [<private>]"
09-17 22:01:01.737 11692 11692 I A02102/com.shusen.lprdemo/MS_LITE: <private>:<private> "create kernel thread[<private>]"
09-17 22:01:01.737 11692 11692 I C02103/com.shusen.lprdemo/MS_LITE: [lite_session.cc:2065] LoadModelAndCompileByBuf# Start loading model and compiling from buffer
09-17 22:01:01.737 11692 11692 I C02103/com.shusen.lprdemo/MS_LITE: [lite_session.cc:2080] LoadModelAndCompileByBuf# Start loading model from buffer
09-17 22:01:01.738 11692 11692 I C02103/com.shusen.lprdemo/MS_LITE: [lite_session.cc:2082] LoadModelAndCompileByBuf# Successfully loaded model from buffer
09-17 22:01:01.738 11692 11692 W C03F07/MUSL-LDSO: Error loading header libdeobfuscator_lib.z.so: failed to map header
09-17 22:01:01.738 11692 11692 W C03F07/MUSL-LDSO: dlopen_impl load library header failed for libdeobfuscator_lib.z.so
09-17 22:01:01.741 11692 11692 I C02103/com.shusen.lprdemo/MS_LITE: [lite_session.cc:2098] LoadModelAndCompileByBuf# Start to compile Graph
09-17 22:01:01.743 11692 11692 I C02103/com.shusen.lprdemo/MS_LITE: [nnrt_delegate.cc:118] BuildKirinNPUModel# loaded nnrt library at OH_NNModel_Construct
09-17 22:01:01.744 11692 11692 W C02103/com.shusen.lprdemo/MS_LITE: [nnrt_delegate.cc:102] CheckNPUPrefix# strncmp: 13306020061847651998 failed, device_name: NPU_ohos.boot.hardware.kirin8020_v2_0
09-17 22:01:01.744 11692 11692 W C02103/com.shusen.lprdemo/MS_LITE: [nnrt_delegate.cc:638] InitNNCompilation# hiai_foundation is nullptr.
09-17 22:01:01.744 11692 11692 E C02101/com.shusen.lprdemo/NNRt: [NNCompiler] RestoreFromCacheFile failed, path is empty.
09-17 22:01:01.744 11692 11692 I A0FFFF/com.shusen.lprdemo/HIAI_DDK_MSG: model_manager_impl.cpp CreateModelManager(525)::"DDK pipe is HCL."
09-17 22:01:01.748 11692 11692 I C02101/com.shusen.lprdemo/NNRt_HiAIAdapter: [nodict]0813 the tensorName is input
09-17 22:01:01.752 11692 11692 D A0FFFF/com.shusen.lprdemo/HIAI_DDK_MSG: graph_store.cpp GraphStore(56)::"GraphStore Construct id[2]."
09-17 22:01:01.759 11692 11692 I A0FFFF/com.shusen.lprdemo/HIAI_DDK_MSG: model.cpp BuildWeightMergedModelBuffer(220)::"Build success!"
09-17 22:01:01.760 11692 11692 I A0FFFF/com.shusen.lprdemo/HIAI_DDK_MSG: model_type_util.cpp GetModelType(57)::"model type: 7"
09-17 22:01:01.760 11692 11692 I C02154/com.shusen.lprdemo/AI_FMK: infra_itf.cpp HIAI_MR_GetVersion(91)::"get version 108.631.120.010"
09-17 22:01:01.764 11692 11692 I C02154/com.shusen.lprdemo/AI_FMK: infra_itf.cpp HIAI_MR_GetVersion(91)::"get version 108.631.120.010"
09-17 22:01:01.778 11692 11692 I C02154/com.shusen.lprdemo/AI_FMK: reshape_transpose_reshape_fusion_pass.cpp Fusion(46)::"Begin ReshapeTransposeReshapeFusionPass!"
09-17 22:01:01.778 11692 11692 I C02154/com.shusen.lprdemo/AI_FMK: reshape_transpose_reshape_fusion_pass.cpp Fusion(77)::"ReshapeTransposeReshapeFusionPass success!"
09-17 22:01:01.778 11692 11692 I C02154/com.shusen.lprdemo/AI_FMK: reshape_transpose_reshape_fusion_pass.cpp Fusion(46)::"Begin ReshapeTransposeReshapeFusionPass!"
09-17 22:01:01.778 11692 11692 I C02154/com.shusen.lprdemo/AI_FMK: reshape_transpose_reshape_fusion_pass.cpp Fusion(77)::"ReshapeTransposeReshapeFusionPass success!"
09-17 22:01:01.778 11692 11692 I C02154/com.shusen.lprdemo/AI_FMK: reshape_transpose_reshape_fusion_pass.cpp Fusion(46)::"Begin ReshapeTransposeReshapeFusionPass!"
09-17 22:01:01.778 11692 11692 I C02154/com.shusen.lprdemo/AI_FMK: reshape_transpose_reshape_fusion_pass.cpp Fusion(77)::"ReshapeTransposeReshapeFusionPass success!"
09-17 22:01:01.778 11692 11692 I C02154/com.shusen.lprdemo/AI_FMK: reshape_transpose_reshape_fusion_pass.cpp Fusion(46)::"Begin ReshapeTransposeReshapeFusionPass!"
09-17 22:01:01.778 11692 11692 I C02154/com.shusen.lprdemo/AI_FMK: reshape_transpose_reshape_fusion_pass.cpp Fusion(77)::"ReshapeTransposeReshapeFusionPass success!"
09-17 22:01:01.778 11692 11692 I C02154/com.shusen.lprdemo/AI_FMK: reshape_transpose_reshape_fusion_pass.cpp Fusion(46)::"Begin ReshapeTransposeReshapeFusionPass!"
09-17 22:01:01.778 11692 11692 I C02154/com.shusen.lprdemo/AI_FMK: reshape_transpose_reshape_fusion_pass.cpp Fusion(77)::"ReshapeTransposeReshapeFusionPass success!"
09-17 22:01:01.778 11692 11692 I C02154/com.shusen.lprdemo/AI_FMK: reshape_transpose_reshape_fusion_pass.cpp Fusion(46)::"Begin ReshapeTransposeReshapeFusionPass!"
09-17 22:01:01.778 11692 11692 I C02154/com.shusen.lprdemo/AI_FMK: reshape_transpose_reshape_fusion_pass.cpp Fusion(77)::"ReshapeTransposeReshapeFusionPass success!"
09-17 22:01:01.778 11692 11692 I C02154/com.shusen.lprdemo/AI_FMK: reshape_transpose_reshape_fusion_pass.cpp Fusion(46)::"Begin ReshapeTransposeReshapeFusionPass!"
09-17 22:01:01.778 11692 11692 I C02154/com.shusen.lprdemo/AI_FMK: reshape_transpose_reshape_fusion_pass.cpp Fusion(77)::"ReshapeTransposeReshapeFusionPass success!"
09-17 22:01:01.778 11692 11692 I C02154/com.shusen.lprdemo/AI_FMK: reshape_transpose_reshape_fusion_pass.cpp Fusion(46)::"Begin ReshapeTransposeReshapeFusionPass!"
09-17 22:01:01.778 11692 11692 I C02154/com.shusen.lprdemo/AI_FMK: reshape_transpose_reshape_fusion_pass.cpp Fusion(77)::"ReshapeTransposeReshapeFusionPass success!"
09-17 22:01:01.778 11692 11692 I C02154/com.shusen.lprdemo/AI_FMK: reshape_transpose_reshape_fusion_pass.cpp Fusion(46)::"Begin ReshapeTransposeReshapeFusionPass!"
09-17 22:01:01.778 11692 11692 I C02154/com.shusen.lprdemo/AI_FMK: reshape_transpose_reshape_fusion_pass.cpp Fusion(77)::"ReshapeTransposeReshapeFusionPass success!"
09-17 22:01:01.778 11692 11692 I C02154/com.shusen.lprdemo/AI_FMK: reshape_transpose_reshape_fusion_pass.cpp Fusion(46)::"Begin ReshapeTransposeReshapeFusionPass!"
09-17 22:01:01.778 11692 11692 I C02154/com.shusen.lprdemo/AI_FMK: reshape_transpose_reshape_fusion_pass.cpp Fusion(77)::"ReshapeTransposeReshapeFusionPass success!"
09-17 22:01:01.778 11692 11692 I C02154/com.shusen.lprdemo/AI_FMK: reshape_transpose_reshape_fusion_pass.cpp Fusion(46)::"Begin ReshapeTransposeReshapeFusionPass!"
09-17 22:01:01.778 11692 11692 I C02154/com.shusen.lprdemo/AI_FMK: reshape_transpose_reshape_fusion_pass.cpp Fusion(77)::"ReshapeTransposeReshapeFusionPass success!"
09-17 22:01:01.778 11692 11692 I C02154/com.shusen.lprdemo/AI_FMK: reshape_transpose_reshape_fusion_pass.cpp Fusion(46)::"Begin ReshapeTransposeReshapeFusionPass!"
09-17 22:01:01.778 11692 11692 I C02154/com.shusen.lprdemo/AI_FMK: reshape_transpose_reshape_fusion_pass.cpp Fusion(77)::"ReshapeTransposeReshapeFusionPass success!"
09-17 22:01:01.778 11692 11692 I C02154/com.shusen.lprdemo/AI_FMK: reshape_transpose_reshape_fusion_pass.cpp Fusion(46)::"Begin ReshapeTransposeReshapeFusionPass!"
09-17 22:01:01.778 11692 11692 I C02154/com.shusen.lprdemo/AI_FMK: reshape_transpose_reshape_fusion_pass.cpp Fusion(77)::"ReshapeTransposeReshapeFusionPass success!"
09-17 22:01:01.778 11692 11692 I C02154/com.shusen.lprdemo/AI_FMK: reshape_transpose_reshape_fusion_pass.cpp Fusion(46)::"Begin ReshapeTransposeReshapeFusionPass!"
09-17 22:01:01.778 11692 11692 I C02154/com.shusen.lprdemo/AI_FMK: reshape_transpose_reshape_fusion_pass.cpp Fusion(77)::"ReshapeTransposeReshapeFusionPass success!"
09-17 22:01:01.778 11692 11692 I C02154/com.shusen.lprdemo/AI_FMK: reshape_transpose_reshape_fusion_pass.cpp Fusion(46)::"Begin ReshapeTransposeReshapeFusionPass!"
09-17 22:01:01.778 11692 11692 I C02154/com.shusen.lprdemo/AI_FMK: reshape_transpose_reshape_fusion_pass.cpp Fusion(77)::"ReshapeTransposeReshapeFusionPass success!"
09-17 22:01:01.778 11692 11692 I C02154/com.shusen.lprdemo/AI_FMK: reshape_transpose_reshape_fusion_pass.cpp Fusion(46)::"Begin ReshapeTransposeReshapeFusionPass!"
09-17 22:01:01.778 11692 11692 I C02154/com.shusen.lprdemo/AI_FMK: reshape_transpose_reshape_fusion_pass.cpp Fusion(77)::"ReshapeTransposeReshapeFusionPass success!"
09-17 22:01:01.779 11692 11692 I C02154/com.shusen.lprdemo/AI_FMK: copy_shared_const_op_pass.cpp CreateConstOpDesc(102)::"add const op: 425_copy_notshare_1"
09-17 22:01:01.779 11692 11692 I C02154/com.shusen.lprdemo/AI_FMK: copy_shared_const_op_pass.cpp CreateConstOpDesc(102)::"add const op: 425_copy_notshare_10"
09-17 22:01:01.779 11692 11692 I C02154/com.shusen.lprdemo/AI_FMK: copy_shared_const_op_pass.cpp CreateConstOpDesc(102)::"add const op: 425_copy_notshare_11"
09-17 22:01:01.779 11692 11692 I C02154/com.shusen.lprdemo/AI_FMK: copy_shared_const_op_pass.cpp CreateConstOpDesc(102)::"add const op: 425_copy_notshare_12"
09-17 22:01:01.779 11692 11692 I C02154/com.shusen.lprdemo/AI_FMK: copy_shared_const_op_pass.cpp CreateConstOpDesc(102)::"add const op: 425_copy_notshare_13"
09-17 22:01:01.779 11692 11692 I C02154/com.shusen.lprdemo/AI_FMK: copy_shared_const_op_pass.cpp CreateConstOpDesc(102)::"add const op: 425_copy_notshare_14"
09-17 22:01:01.779 11692 11692 I C02154/com.shusen.lprdemo/AI_FMK: copy_shared_const_op_pass.cpp CreateConstOpDesc(102)::"add const op: 425_copy_notshare_15"
09-17 22:01:01.779 11692 11692 I C02154/com.shusen.lprdemo/AI_FMK: copy_shared_const_op_pass.cpp CreateConstOpDesc(102)::"add const op: 425_copy_notshare_16"
09-17 22:01:01.779 11692 11692 I C02154/com.shusen.lprdemo/AI_FMK: copy_shared_const_op_pass.cpp CreateConstOpDesc(102)::"add const op: 425_copy_notshare_17"
09-17 22:01:01.779 11692 11692 I C02154/com.shusen.lprdemo/AI_FMK: copy_shared_const_op_pass.cpp CreateConstOpDesc(102)::"add const op: 425_copy_notshare_18"
09-17 22:01:01.779 11692 11692 I C02154/com.shusen.lprdemo/AI_FMK: copy_shared_const_op_pass.cpp CreateConstOpDesc(102)::"add const op: 425_copy_notshare_19"
09-17 22:01:01.779 11692 11692 I C02154/com.shusen.lprdemo/AI_FMK: copy_shared_const_op_pass.cpp CreateConstOpDesc(102)::"add const op: 425_copy_notshare_2"
09-17 22:01:01.779 11692 11692 I C02154/com.shusen.lprdemo/AI_FMK: copy_shared_const_op_pass.cpp CreateConstOpDesc(102)::"add const op: 425_copy_notshare_20"
09-17 22:01:01.779 11692 11692 I C02154/com.shusen.lprdemo/AI_FMK: copy_shared_const_op_pass.cpp CreateConstOpDesc(102)::"add const op: 425_copy_notshare_21"
09-17 22:01:01.779 11692 11692 I C02154/com.shusen.lprdemo/AI_FMK: copy_shared_const_op_pass.cpp CreateConstOpDesc(102)::"add const op: 425_copy_notshare_22"
09-17 22:01:01.779 11692 11692 I C02154/com.shusen.lprdemo/AI_FMK: copy_shared_const_op_pass.cpp CreateConstOpDesc(102)::"add const op: 425_copy_notshare_23"
09-17 22:01:01.779 11692 11692 I C02154/com.shusen.lprdemo/AI_FMK: copy_shared_const_op_pass.cpp CreateConstOpDesc(102)::"add const op: 425_copy_notshare_24"
09-17 22:01:01.779 11692 11692 I C02154/com.shusen.lprdemo/AI_FMK: copy_shared_const_op_pass.cpp CreateConstOpDesc(102)::"add const op: 425_copy_notshare_25"
09-17 22:01:01.779 11692 11692 I C02154/com.shusen.lprdemo/AI_FMK: copy_shared_const_op_pass.cpp CreateConstOpDesc(102)::"add const op: 425_copy_notshare_3"
09-17 22:01:01.779 11692 11692 I C02154/com.shusen.lprdemo/AI_FMK: copy_shared_const_op_pass.cpp CreateConstOpDesc(102)::"add const op: 425_copy_notshare_4"
09-17 22:01:01.779 11692 11692 I C02154/com.shusen.lprdemo/AI_FMK: copy_shared_const_op_pass.cpp CreateConstOpDesc(102)::"add const op: 425_copy_notshare_5"
09-17 22:01:01.779 11692 11692 I C02154/com.shusen.lprdemo/AI_FMK: copy_shared_const_op_pass.cpp CreateConstOpDesc(102)::"add const op: 425_copy_notshare_6"
09-17 22:01:01.779 11692 11692 I C02154/com.shusen.lprdemo/AI_FMK: copy_shared_const_op_pass.cpp CreateConstOpDesc(102)::"add const op: 425_copy_notshare_7"
09-17 22:01:01.779 11692 11692 I C02154/com.shusen.lprdemo/AI_FMK: copy_shared_const_op_pass.cpp CreateConstOpDesc(102)::"add const op: 425_copy_notshare_8"
09-17 22:01:01.779 11692 11692 I C02154/com.shusen.lprdemo/AI_FMK: copy_shared_const_op_pass.cpp CreateConstOpDesc(102)::"add const op: 425_copy_notshare_9"
09-17 22:01:01.780 11692 11692 I C02154/com.shusen.lprdemo/AI_FMK: copy_shared_const_op_pass.cpp CreateConstOpDesc(102)::"add const op: 427_copy_notshare_1"
09-17 22:01:01.780 11692 11692 I C02154/com.shusen.lprdemo/AI_FMK: copy_shared_const_op_pass.cpp CreateConstOpDesc(102)::"add const op: 427_copy_notshare_10"
09-17 22:01:01.780 11692 11692 I C02154/com.shusen.lprdemo/AI_FMK: copy_shared_const_op_pass.cpp CreateConstOpDesc(102)::"add const op: 427_copy_notshare_11"
09-17 22:01:01.780 11692 11692 I C02154/com.shusen.lprdemo/AI_FMK: copy_shared_const_op_pass.cpp CreateConstOpDesc(102)::"add const op: 427_copy_notshare_12"
09-17 22:01:01.780 11692 11692 I C02154/com.shusen.lprdemo/AI_FMK: copy_shared_const_op_pass.cpp CreateConstOpDesc(102)::"add const op: 427_copy_notshare_2"
09-17 22:01:01.780 11692 11692 I C02154/com.shusen.lprdemo/AI_FMK: copy_shared_const_op_pass.cpp CreateConstOpDesc(102)::"add const op: 427_copy_notshare_3"
09-17 22:01:01.780 11692 11692 I C02154/com.shusen.lprdemo/AI_FMK: copy_shared_const_op_pass.cpp CreateConstOpDesc(102)::"add const op: 427_copy_notshare_4"
09-17 22:01:01.780 11692 11692 I C02154/com.shusen.lprdemo/AI_FMK: copy_shared_const_op_pass.cpp CreateConstOpDesc(102)::"add const op: 427_copy_notshare_5"
09-17 22:01:01.780 11692 11692 I C02154/com.shusen.lprdemo/AI_FMK: copy_shared_const_op_pass.cpp CreateConstOpDesc(102)::"add const op: 427_copy_notshare_6"
09-17 22:01:01.780 11692 11692 I C02154/com.shusen.lprdemo/AI_FMK: copy_shared_const_op_pass.cpp CreateConstOpDesc(102)::"add const op: 427_copy_notshare_7"
09-17 22:01:01.780 11692 11692 I C02154/com.shusen.lprdemo/AI_FMK: copy_shared_const_op_pass.cpp CreateConstOpDesc(102)::"add const op: 427_copy_notshare_8"
09-17 22:01:01.780 11692 11692 I C02154/com.shusen.lprdemo/AI_FMK: copy_shared_const_op_pass.cpp CreateConstOpDesc(102)::"add const op: 427_copy_notshare_9"
09-17 22:01:01.780 11692 11692 I C02154/com.shusen.lprdemo/AI_FMK: copy_shared_const_op_pass.cpp CreateConstOpDesc(102)::"add const op: 463_copy_notshare_1"
09-17 22:01:01.780 11692 11692 I C02154/com.shusen.lprdemo/AI_FMK: copy_shared_const_op_pass.cpp CreateConstOpDesc(102)::"add const op: 493_copy_notshare_1"
09-17 22:01:01.780 11692 11692 I C02154/com.shusen.lprdemo/AI_FMK: copy_shared_const_op_pass.cpp CreateConstOpDesc(102)::"add const op: 545_copy_notshare_1"
09-17 22:01:01.780 11692 11692 I C02154/com.shusen.lprdemo/AI_FMK: copy_shared_const_op_pass.cpp CreateConstOpDesc(102)::"add const op: 725_copy_notshare_1"
09-17 22:01:01.780 11692 11692 I C02154/com.shusen.lprdemo/AI_FMK: copy_shared_const_op_pass.cpp CreateConstOpDesc(102)::"add const op: 695_copy_notshare_1"
09-17 22:01:01.780 11692 11692 I C02154/com.shusen.lprdemo/AI_FMK: copy_shared_const_op_pass.cpp CreateConstOpDesc(102)::"add const op: 665_copy_notshare_1"
09-17 22:01:01.780 11692 11692 I C02154/com.shusen.lprdemo/AI_FMK: copy_shared_const_op_pass.cpp CreateConstOpDesc(102)::"add const op: 635_copy_notshare_1"
09-17 22:01:01.780 11692 11692 I C02154/com.shusen.lprdemo/AI_FMK: copy_shared_const_op_pass.cpp CreateConstOpDesc(102)::"add const op: 605_copy_notshare_1"
09-17 22:01:01.780 11692 11692 I C02154/com.shusen.lprdemo/AI_FMK: copy_shared_const_op_pass.cpp CreateConstOpDesc(102)::"add const op: 575_copy_notshare_1"
09-17 22:01:01.780 11692 11692 I C02154/com.shusen.lprdemo/AI_FMK: copy_shared_const_op_pass.cpp CreateConstOpDesc(102)::"add const op: 777_copy_notshare_1"
09-17 22:01:01.780 11692 11692 I C02154/com.shusen.lprdemo/AI_FMK: copy_shared_const_op_pass.cpp CreateConstOpDesc(102)::"add const op: 807_copy_notshare_1"
09-17 22:01:01.780 11692 11692 I C02154/com.shusen.lprdemo/AI_FMK: copy_shared_const_op_pass.cpp CreateConstOpDesc(102)::"add const op: 433_copy_notshare_1"
09-17 22:01:01.780 11692 11692 I C02154/com.shusen.lprdemo/AI_FMK: copy_shared_const_op_pass.cpp CreateConstOpDesc(102)::"add const op: 837_copy_notshare_1"
09-17 22:01:01.793 11692 11692 E C02151/com.shusen.lprdemo/AI_NPUCL: strided_slice_get_format.cc IsDimThreeNdCase(150)::inputDim.size() 4 dimC 64 dimH 40
09-17 22:01:01.793 11692 11692 E C02151/com.shusen.lprdemo/AI_NPUCL: strided_slice_get_format.cc IsDimThreeNdCase(150)::inputDim.size() 4 dimC 64 dimH 40
09-17 22:01:01.793 11692 11692 E C02151/com.shusen.lprdemo/AI_NPUCL: strided_slice_get_format.cc IsDimThreeNdCase(150)::inputDim.size() 4 dimC 64 dimH 40
09-17 22:01:01.793 11692 11692 E C02151/com.shusen.lprdemo/AI_NPUCL: strided_slice_get_format.cc IsDimThreeNdCase(150)::inputDim.size() 4 dimC 64 dimH 40
09-17 22:01:01.793 11692 11692 E C02151/com.shusen.lprdemo/AI_NPUCL: strided_slice_get_format.cc IsDimThreeNdCase(150)::inputDim.size() 4 dimC 64 dimH 40
09-17 22:01:01.793 11692 11692 E C02151/com.shusen.lprdemo/AI_NPUCL: strided_slice_get_format.cc IsDimThreeNdCase(150)::inputDim.size() 4 dimC 64 dimH 40
09-17 22:01:01.793 11692 11692 E C02151/com.shusen.lprdemo/AI_NPUCL: strided_slice_get_format.cc IsDimThreeNdCase(150)::inputDim.size() 4 dimC 128 dimH 20
09-17 22:01:01.793 11692 11692 E C02151/com.shusen.lprdemo/AI_NPUCL: strided_slice_get_format.cc IsDimThreeNdCase(150)::inputDim.size() 4 dimC 128 dimH 20
09-17 22:01:01.793 11692 11692 E C02151/com.shusen.lprdemo/AI_NPUCL: strided_slice_get_format.cc IsDimThreeNdCase(150)::inputDim.size() 4 dimC 128 dimH 20
09-17 22:01:01.793 11692 11692 E C02151/com.shusen.lprdemo/AI_NPUCL: strided_slice_get_format.cc IsDimThreeNdCase(150)::inputDim.size() 4 dimC 128 dimH 20
09-17 22:01:01.793 11692 11692 E C02151/com.shusen.lprdemo/AI_NPUCL: strided_slice_get_format.cc IsDimThreeNdCase(150)::inputDim.size() 4 dimC 128 dimH 20
09-17 22:01:01.793 11692 11692 E C02151/com.shusen.lprdemo/AI_NPUCL: strided_slice_get_format.cc IsDimThreeNdCase(150)::inputDim.size() 4 dimC 128 dimH 20
09-17 22:01:01.793 11692 11692 E C02151/com.shusen.lprdemo/AI_NPUCL: strided_slice_get_format.cc IsDimThreeNdCase(150)::inputDim.size() 4 dimC 128 dimH 20
09-17 22:01:01.794 11692 11692 E C02151/com.shusen.lprdemo/AI_NPUCL: strided_slice_get_format.cc IsDimThreeNdCase(150)::inputDim.size() 4 dimC 128 dimH 20
09-17 22:01:01.794 11692 11692 E C02151/com.shusen.lprdemo/AI_NPUCL: strided_slice_get_format.cc IsDimThreeNdCase(150)::inputDim.size() 4 dimC 128 dimH 20
09-17 22:01:01.794 11692 11692 E C02151/com.shusen.lprdemo/AI_NPUCL: strided_slice_get_format.cc IsDimThreeNdCase(150)::inputDim.size() 4 dimC 128 dimH 20
09-17 22:01:01.794 11692 11692 E C02151/com.shusen.lprdemo/AI_NPUCL: strided_slice_get_format.cc IsDimThreeNdCase(150)::inputDim.size() 4 dimC 128 dimH 20
09-17 22:01:01.794 11692 11692 E C02151/com.shusen.lprdemo/AI_NPUCL: strided_slice_get_format.cc IsDimThreeNdCase(150)::inputDim.size() 4 dimC 128 dimH 20
09-17 22:01:01.794 11692 11692 E C02151/com.shusen.lprdemo/AI_NPUCL: strided_slice_get_format.cc IsDimThreeNdCase(150)::inputDim.size() 4 dimC 128 dimH 20
09-17 22:01:01.794 11692 11692 E C02151/com.shusen.lprdemo/AI_NPUCL: strided_slice_get_format.cc IsDimThreeNdCase(150)::inputDim.size() 4 dimC 128 dimH 20
09-17 22:01:01.794 11692 11692 E C02151/com.shusen.lprdemo/AI_NPUCL: strided_slice_get_format.cc IsDimThreeNdCase(150)::inputDim.size() 4 dimC 256 dimH 10
09-17 22:01:01.794 11692 11692 E C02151/com.shusen.lprdemo/AI_NPUCL: strided_slice_get_format.cc IsDimThreeNdCase(150)::inputDim.size() 4 dimC 256 dimH 10
09-17 22:01:01.794 11692 11692 E C02151/com.shusen.lprdemo/AI_NPUCL: strided_slice_get_format.cc IsDimThreeNdCase(150)::inputDim.size() 4 dimC 256 dimH 10
09-17 22:01:01.794 11692 11692 E C02151/com.shusen.lprdemo/AI_NPUCL: strided_slice_get_format.cc IsDimThreeNdCase(150)::inputDim.size() 4 dimC 256 dimH 10
09-17 22:01:01.794 11692 11692 E C02151/com.shusen.lprdemo/AI_NPUCL: strided_slice_get_format.cc IsDimThreeNdCase(150)::inputDim.size() 4 dimC 256 dimH 10
09-17 22:01:01.794 11692 11692 E C02151/com.shusen.lprdemo/AI_NPUCL: strided_slice_get_format.cc IsDimThreeNdCase(150)::inputDim.size() 4 dimC 256 dimH 10
09-17 22:01:01.801 11692 11692 I C02154/com.shusen.lprdemo/AI_FMK: partitioner_strategy.cpp ToPartitionerList(356)::"partition type NPU:1, CPU:0, GPU:0, ISP:0."
09-17 22:01:01.813 11692 11692 W C02151/com.shusen.lprdemo/AI_NPUCL: fftl_fusion_pass.cc CheckOpSupport(746)::"fftl not support Swish"
09-17 22:01:01.825 11692 11692 E C02151/com.shusen.lprdemo/AI_NPUCL: strided_slice_get_format.cc IsDimThreeNdCase(150)::inputDim.size() 4 dimC 64 dimH 40
09-17 22:01:01.825 11692 11692 E C02151/com.shusen.lprdemo/AI_NPUCL: strided_slice_get_format.cc IsDimThreeNdCase(150)::inputDim.size() 4 dimC 64 dimH 40
09-17 22:01:01.825 11692 11692 E C02151/com.shusen.lprdemo/AI_NPUCL: strided_slice_get_format.cc IsDimThreeNdCase(150)::inputDim.size() 4 dimC 64 dimH 40
09-17 22:01:01.825 11692 11692 E C02151/com.shusen.lprdemo/AI_NPUCL: strided_slice_get_format.cc IsDimThreeNdCase(150)::inputDim.size() 4 dimC 64 dimH 40
09-17 22:01:01.826 11692 11692 E C02151/com.shusen.lprdemo/AI_NPUCL: strided_slice_get_format.cc IsDimThreeNdCase(150)::inputDim.size() 4 dimC 64 dimH 40
09-17 22:01:01.826 11692 11692 E C02151/com.shusen.lprdemo/AI_NPUCL: strided_slice_get_format.cc IsDimThreeNdCase(150)::inputDim.size() 4 dimC 64 dimH 40
09-17 22:01:01.826 11692 11692 E C02151/com.shusen.lprdemo/AI_NPUCL: strided_slice_get_format.cc IsDimThreeNdCase(150)::inputDim.size() 4 dimC 128 dimH 20
09-17 22:01:01.826 11692 11692 E C02151/com.shusen.lprdemo/AI_NPUCL: strided_slice_get_format.cc IsDimThreeNdCase(150)::inputDim.size() 4 dimC 128 dimH 20
09-17 22:01:01.826 11692 11692 E C02151/com.shusen.lprdemo/AI_NPUCL: strided_slice_get_format.cc IsDimThreeNdCase(150)::inputDim.size() 4 dimC 128 dimH 20
09-17 22:01:01.826 11692 11692 E C02151/com.shusen.lprdemo/AI_NPUCL: strided_slice_get_format.cc IsDimThreeNdCase(150)::inputDim.size() 4 dimC 128 dimH 20
09-17 22:01:01.826 11692 11692 E C02151/com.shusen.lprdemo/AI_NPUCL: strided_slice_get_format.cc IsDimThreeNdCase(150)::inputDim.size() 4 dimC 128 dimH 20
09-17 22:01:01.826 11692 11692 E C02151/com.shusen.lprdemo/AI_NPUCL: strided_slice_get_format.cc IsDimThreeNdCase(150)::inputDim.size() 4 dimC 128 dimH 20
09-17 22:01:01.826 11692 11692 E C02151/com.shusen.lprdemo/AI_NPUCL: strided_slice_get_format.cc IsDimThreeNdCase(150)::inputDim.size() 4 dimC 128 dimH 20
09-17 22:01:01.826 11692 11692 E C02151/com.shusen.lprdemo/AI_NPUCL: strided_slice_get_format.cc IsDimThreeNdCase(150)::inputDim.size() 4 dimC 128 dimH 20
09-17 22:01:01.826 11692 11692 E C02151/com.shusen.lprdemo/AI_NPUCL: strided_slice_get_format.cc IsDimThreeNdCase(150)::inputDim.size() 4 dimC 128 dimH 20
09-17 22:01:01.826 11692 11692 E C02151/com.shusen.lprdemo/AI_NPUCL: strided_slice_get_format.cc IsDimThreeNdCase(150)::inputDim.size() 4 dimC 128 dimH 20
09-17 22:01:01.826 11692 11692 E C02151/com.shusen.lprdemo/AI_NPUCL: strided_slice_get_format.cc IsDimThreeNdCase(150)::inputDim.size() 4 dimC 128 dimH 20
09-17 22:01:01.827 11692 11692 E C02151/com.shusen.lprdemo/AI_NPUCL: strided_slice_get_format.cc IsDimThreeNdCase(150)::inputDim.size() 4 dimC 128 dimH 20
09-17 22:01:01.827 11692 11692 E C02151/com.shusen.lprdemo/AI_NPUCL: strided_slice_get_format.cc IsDimThreeNdCase(150)::inputDim.size() 4 dimC 128 dimH 20
09-17 22:01:01.827 11692 11692 E C02151/com.shusen.lprdemo/AI_NPUCL: strided_slice_get_format.cc IsDimThreeNdCase(150)::inputDim.size() 4 dimC 128 dimH 20
09-17 22:01:01.827 11692 11692 E C02151/com.shusen.lprdemo/AI_NPUCL: strided_slice_get_format.cc IsDimThreeNdCase(150)::inputDim.size() 4 dimC 256 dimH 10
09-17 22:01:01.827 11692 11692 E C02151/com.shusen.lprdemo/AI_NPUCL: strided_slice_get_format.cc IsDimThreeNdCase(150)::inputDim.size() 4 dimC 256 dimH 10
09-17 22:01:01.827 11692 11692 E C02151/com.shusen.lprdemo/AI_NPUCL: strided_slice_get_format.cc IsDimThreeNdCase(150)::inputDim.size() 4 dimC 256 dimH 10
09-17 22:01:01.827 11692 11692 E C02151/com.shusen.lprdemo/AI_NPUCL: strided_slice_get_format.cc IsDimThreeNdCase(150)::inputDim.size() 4 dimC 256 dimH 10
09-17 22:01:01.827 11692 11692 E C02151/com.shusen.lprdemo/AI_NPUCL: strided_slice_get_format.cc IsDimThreeNdCase(150)::inputDim.size() 4 dimC 256 dimH 10
09-17 22:01:01.827 11692 11692 E C02151/com.shusen.lprdemo/AI_NPUCL: strided_slice_get_format.cc IsDimThreeNdCase(150)::inputDim.size() 4 dimC 256 dimH 10
09-17 22:01:01.870 11692 11692 W C02151/com.shusen.lprdemo/AI_NPUCL: resize_nearest_neighbor_kernel_feature_support.h IsPerfSupport(17)::find resize_nn_perf kernel
09-17 22:01:01.871 11692 11692 W C02151/com.shusen.lprdemo/AI_NPUCL: resize_nearest_neighbor_kernel_feature_support.h IsPerfSupport(17)::find resize_nn_perf kernel
09-17 22:01:01.907 11692 11692 I C02154/com.shusen.lprdemo/AI_FMK: model_memory_assign.cpp MemoryCalculateForGraph(367)::"SeqBlockMemAssigner"
09-17 22:01:01.911 11692 11692 I C02154/com.shusen.lprdemo/AI_FMK: model_memory_assign.cpp MemoryCalculate(482)::" ModelMemAssign::sub graph max memory_size is 2049024!"
09-17 22:01:01.925 11692 11692 W C02151/com.shusen.lprdemo/AI_NPUCL: resize_nearest_neighbor_kernel_feature_support.h IsPerfSupport(17)::find resize_nn_perf kernel
09-17 22:01:01.925 11692 11692 W C02151/com.shusen.lprdemo/AI_NPUCL: resize_nearest_neighbor_kernel_feature_support.h IsPerfSupport(17)::find resize_nn_perf kernel
09-17 22:01:01.929 11692 11692 I A0FFFF/com.shusen.lprdemo/HIAI_DDK_MSG: model_builder_impl.cpp BuildModel(54)::"build model success."
09-17 22:01:01.939 11692 11692 D A0FFFF/com.shusen.lprdemo/HIAI_DDK_MSG: graph_store.cpp ~GraphStore(61)::"GraphStore Destruct id[2]."
09-17 22:01:01.942 11692 11692 I A0FFFF/com.shusen.lprdemo/HIAI_DDK_MSG: hiai_model_runtime_repo.c ModelRuntimeRepo_TryRestore(173)::"DDK version is beta."
09-17 22:01:01.943 11692 11692 I C02154/com.shusen.lprdemo/AI_FMK: general_compiled_model.cpp ParseWeightsInfo(290)::"Do not have WEIGHT_INFO partition"
09-17 22:01:01.943 11692 11692 I C02154/com.shusen.lprdemo/AI_FMK: general_compiled_model.cpp operator()(723)::"isContainKernelBin is true."
09-17 22:01:01.943 11692 11692 I C02154/com.shusen.lprdemo/AI_FMK: compiled_model_utils.cpp operator()(506)::"graph op name: SubGraph_0, weight size: 1053696, variable offset: 0."
09-17 22:01:01.943 11692 11692 I C02154/com.shusen.lprdemo/AI_FMK: compiled_model_utils.cpp operator()(531)::"subgraph:SubGraph_0 weight hash:0xa2e6e0a819c1c62e."
09-17 22:01:01.946 11692 11692 I C02150/com.shusen.lprdemo/AI_INFRA: dma_memory_allocator.cpp AllocateSC(374)::"save originFd:61, clientFd:195"
09-17 22:01:01.947 11692 11692 I C02154/com.shusen.lprdemo/AI_FMK: general_model_executor.cpp Init(200)::"PipeCnt:1. PID:0, ModelID:2, FM+Weights+OutMemSize: 3717152, PerfMode 3"
09-17 22:01:01.947 11692 11692 W C02151/com.shusen.lprdemo/AI_NPUCL: npu_graph_executor_client.cc Init(330)::"load model begin client id:131075"
09-17 22:01:01.947 11692 11692 W C02151/com.shusen.lprdemo/AI_NPUCL: npu_graph_executor_client.cc Init(344)::"client executor id = 131075"
09-17 22:01:01.955 11692 11692 I C02154/com.shusen.lprdemo/AI_FMK: hcl_model_executor_impl.cpp Init(485)::"LoadModelsByHcl success"
09-17 22:01:01.955 11692 11692 I C02154/com.shusen.lprdemo/AI_FMK: general_model_executor.cpp SetPriority(391)::"dynamic priority:6."
09-17 22:01:01.959 11692 11692 I C02103/com.shusen.lprdemo/MS_LITE: [lite_session.cc:2100] LoadModelAndCompileByBuf# Has successfully compiled the graph
09-17 22:01:01.959 11692 11692 I C02103/com.shusen.lprdemo/MS_LITE: [model_c.cc:219] OH_AI_ModelBuild# Built ms model successfully
09-17 22:01:01.959 11692 11692 I A0D001/com.shusen.lprdemo/LprNative: model built on NNRT:NPU_ohos.boot.hardware.kirin8020_v2_0
09-17 22:01:01.959 11692 11692 I A0D001/com.shusen.lprdemo/LprNative: loaded backend=NNRT:NPU_ohos.boot.hardware.kirin8020_v2_0 trail=[NNRT:NPU_ohos.boot.hardware.kirin8020_v2_0(ok)] in=input shape=[1,320,320,3] fmt=1 elems=307200 dtype=43 out=948 elems=72000 dtype=43
09-17 22:01:01.959 11692 11692 I A0D001/com.shusen.lprdemo/LprNative: loadModel ok: ok=1;id=3;name=e2e_det_nnrt;backend=NNRT:NPU_ohos.boot.hardware.kirin8020_v2_0;attemptLog=NNRT:NPU_ohos.boot.hardware.kirin8020_v2_0(ok);inputName=input;outputName=948;inputShape=[1,320,320,3];outputShape=[1,45,40,40];inputFormat=NHWC;outputFormat=NCHW;inputElems=307200;outputElems=72000;error=
09-17 22:01:01.975 11692 11692 I A0D001/com.shusen.lprdemo/LprNativeUI: BACKEND E2E NPU LOAD ok=1;id=3;name=e2e_det_nnrt;backend=NNRT:NPU_ohos.boot.hardware.kirin8020_v2_0;attemptLog=NNRT:NPU_ohos.boot.hardware.kirin8020_v2_0(ok);inputName=input;outputName=948;inputShape=[1,320,320,3];outputShape=[1,45,40,40];inputFormat=NHWC;outputFormat=NCHW;inputElems=307200;outputElems=72000;error=
09-17 22:01:02.028 11692 11692 I A0D001/com.shusen.lprdemo/LprNative: PIPE BACKENDS mode=0 det=CPU rec=NNRT:NPU_ohos.boot.hardware.kirin8020_v2_0 cls=CPU
09-17 22:01:02.028 11692 11692 I A0D001/com.shusen.lprdemo/LprStages: E2E preprocess begin ncnn=0 vulkan=0
09-17 22:01:02.093 11692 11692 I A0D001/com.shusen.lprdemo/LprStages: E2E detector returned tensors=3
09-17 22:01:02.111 11692 12271 I C02153/com.shusen.lprdemo/CPUCL: cpu_graph_executor.cpp Execute(657)::"[Stats]cpu_runtime: 38us"
09-17 22:01:02.111 11692 12271 I C02153/com.shusen.lprdemo/CPUCL: cpu_graph_executor.cpp Execute(657)::"[Stats]cpu_runtime: 23us"
09-17 22:01:02.112 11692 11692 I A0D001/com.shusen.lprdemo/LprStages: E2E recogniser returned code=鑻廍D5172
09-17 22:01:02.121 11692 11692 I A0D001/com.shusen.lprdemo/LprNative: pipeline: ok=1;count=1;totalMs=92.5770;error=;p0=鑻廍D5172,0.7273,0.7366,0,1751|747|1879|855,78|123,0.0001|0.9998|0.0001,鑻弢E|D|5|1|7|2,0.7227|0.7969|0.5762|0.9941|0.7832|0.7168|0.5664,66.6759|12.1537|5.1658|2.9884,2773473;
09-17 22:01:02.194 11692 11692 I A0D001/com.shusen.lprdemo/LprNativeUI: BACKEND E2E RESULT mode=ms-cpu rep=0 match=1 ok=1;count=1;totalMs=92.5770;error=;p0=鑻廍D5172,0.7273,0.7366,0,1751|747|1879|855,78|123,0.0001|0.9998|0.0001,鑻弢E|D|5|1|7|2,0.7227|0.7969|0.5762|0.9941|0.7832|0.7168|0.5664,66.6759|12.1537|5.1658|2.9884,2773473;
09-17 22:01:02.247 11692 11692 I A0D001/com.shusen.lprdemo/LprNative: PIPE BACKENDS mode=0 det=CPU rec=NNRT:NPU_ohos.boot.hardware.kirin8020_v2_0 cls=CPU
09-17 22:01:02.247 11692 11692 I A0D001/com.shusen.lprdemo/LprStages: E2E preprocess begin ncnn=0 vulkan=0
09-17 22:01:02.309 11692 11692 I A0D001/com.shusen.lprdemo/LprStages: E2E detector returned tensors=3
09-17 22:01:02.328 11692 12271 I C02153/com.shusen.lprdemo/CPUCL: cpu_graph_executor.cpp Execute(657)::"[Stats]cpu_runtime: 125us"
09-17 22:01:02.329 11692 12271 I C02153/com.shusen.lprdemo/CPUCL: cpu_graph_executor.cpp Execute(657)::"[Stats]cpu_runtime: 93us"
09-17 22:01:02.330 11692 11692 I A0D001/com.shusen.lprdemo/LprStages: E2E recogniser returned code=鑻廍D5172
09-17 22:01:02.339 11692 11692 I A0D001/com.shusen.lprdemo/LprNative: pipeline: ok=1;count=1;totalMs=91.6900;error=;p0=鑻廍D5172,0.7273,0.7366,0,1751|747|1879|855,78|123,0.0001|0.9998|0.0001,鑻弢E|D|5|1|7|2,0.7227|0.7969|0.5762|0.9941|0.7832|0.7168|0.5664,64.5055|12.2452|6.2934|2.8895,2773473;
09-17 22:01:02.412 11692 11692 I A0D001/com.shusen.lprdemo/LprNativeUI: BACKEND E2E RESULT mode=ms-cpu rep=1 match=1 ok=1;count=1;totalMs=91.6900;error=;p0=鑻廍D5172,0.7273,0.7366,0,1751|747|1879|855,78|123,0.0001|0.9998|0.0001,鑻弢E|D|5|1|7|2,0.7227|0.7969|0.5762|0.9941|0.7832|0.7168|0.5664,64.5055|12.2452|6.2934|2.8895,2773473;
09-17 22:01:02.464 11692 11692 I A0D001/com.shusen.lprdemo/LprNative: PIPE BACKENDS mode=0 det=CPU rec=NNRT:NPU_ohos.boot.hardware.kirin8020_v2_0 cls=CPU
09-17 22:01:02.464 11692 11692 I A0D001/com.shusen.lprdemo/LprStages: E2E preprocess begin ncnn=0 vulkan=0
09-17 22:01:02.530 11692 11692 I A0D001/com.shusen.lprdemo/LprStages: E2E detector returned tensors=3
09-17 22:01:02.548 11692 12271 I C02153/com.shusen.lprdemo/CPUCL: cpu_graph_executor.cpp Execute(657)::"[Stats]cpu_runtime: 35us"
09-17 22:01:02.549 11692 12271 I C02153/com.shusen.lprdemo/CPUCL: cpu_graph_executor.cpp Execute(657)::"[Stats]cpu_runtime: 25us"
09-17 22:01:02.549 11692 11692 I A0D001/com.shusen.lprdemo/LprStages: E2E recogniser returned code=鑻廍D5172
09-17 22:01:02.558 11692 11692 I A0D001/com.shusen.lprdemo/LprNative: pipeline: ok=1;count=1;totalMs=94.3939;error=;p0=鑻廍D5172,0.7273,0.7366,0,1751|747|1879|855,78|123,0.0001|0.9998|0.0001,鑻弢E|D|5|1|7|2,0.7227|0.7969|0.5762|0.9941|0.7832|0.7168|0.5664,68.5123|12.0920|5.0958|3.0898,2773473;
09-17 22:01:02.631 11692 11692 I A0D001/com.shusen.lprdemo/LprNativeUI: BACKEND E2E RESULT mode=ms-cpu rep=2 match=1 ok=1;count=1;totalMs=94.3939;error=;p0=鑻廍D5172,0.7273,0.7366,0,1751|747|1879|855,78|123,0.0001|0.9998|0.0001,鑻弢E|D|5|1|7|2,0.7227|0.7969|0.5762|0.9941|0.7832|0.7168|0.5664,68.5123|12.0920|5.0958|3.0898,2773473;
09-17 22:01:02.683 11692 11692 I A0D001/com.shusen.lprdemo/LprNative: PIPE BACKENDS mode=0 det=NNRT:NPU_ohos.boot.hardware.kirin8020_v2_0 rec=NNRT:NPU_ohos.boot.hardware.kirin8020_v2_0 cls=CPU
09-17 22:01:02.683 11692 11692 I A0D001/com.shusen.lprdemo/LprStages: E2E preprocess begin ncnn=0 vulkan=0
09-17 22:01:02.733 11692 11692 I C02154/com.shusen.lprdemo/AI_FMK: ion_tensor_buffer.cpp Create(61)::"alloc consis mem."
09-17 22:01:02.734 11692 12374 I C02154/com.shusen.lprdemo/AI_FMK: ion_tensor_buffer.cpp Create(61)::"alloc consis mem."
09-17 22:01:02.735 11692 12374 I C02154/com.shusen.lprdemo/AI_FMK: ion_tensor_buffer.cpp Create(61)::"alloc consis mem."
09-17 22:01:02.736 11692 12374 I C02154/com.shusen.lprdemo/AI_FMK: ion_tensor_buffer.cpp Create(61)::"alloc consis mem."
09-17 22:01:02.736 11692 12374 I C02101/com.shusen.lprdemo/DLSA: AddSessionId ret = 1
09-17 22:01:02.745 11692 11692 I A0D001/com.shusen.lprdemo/LprStages: E2E detector returned tensors=3
09-17 22:01:02.764 11692 12271 I C02153/com.shusen.lprdemo/CPUCL: cpu_graph_executor.cpp Execute(657)::"[Stats]cpu_runtime: 34us"
09-17 22:01:02.765 11692 12271 I C02153/com.shusen.lprdemo/CPUCL: cpu_graph_executor.cpp Execute(657)::"[Stats]cpu_runtime: 24us"
09-17 22:01:02.766 11692 11692 I A0D001/com.shusen.lprdemo/LprStages: E2E recogniser returned code=鑻廍05172
09-17 22:01:02.776 11692 11692 I A0D001/com.shusen.lprdemo/LprNative: pipeline: ok=1;count=1;totalMs=93.4733;error=;p0=鑻廍05172,0.7230,0.7628,0,1751|747|1879|855,78|123,0.0001|0.9997|0.0002,鑻弢E|0|5|1|7|2,0.8223|0.6484|0.5352|0.9980|0.8359|0.7969|0.7031,64.8323|13.1494|4.9828|4.1566,2763123;
09-17 22:01:02.848 11692 11692 I A0D001/com.shusen.lprdemo/LprNativeUI: BACKEND E2E RESULT mode=ms-nnrt rep=0 match=0 ok=1;count=1;totalMs=93.4733;error=;p0=鑻廍05172,0.7230,0.7628,0,1751|747|1879|855,78|123,0.0001|0.9997|0.0002,鑻弢E|0|5|1|7|2,0.8223|0.6484|0.5352|0.9980|0.8359|0.7969|0.7031,64.8323|13.1494|4.9828|4.1566,2763123;
09-17 22:01:02.899 11692 11692 I A0D001/com.shusen.lprdemo/LprNative: PIPE BACKENDS mode=0 det=NNRT:NPU_ohos.boot.hardware.kirin8020_v2_0 rec=NNRT:NPU_ohos.boot.hardware.kirin8020_v2_0 cls=CPU
09-17 22:01:02.899 11692 11692 I A0D001/com.shusen.lprdemo/LprStages: E2E preprocess begin ncnn=0 vulkan=0
09-17 22:01:02.958 11692 11692 I A0D001/com.shusen.lprdemo/LprStages: E2E detector returned tensors=3
09-17 22:01:02.976 11692 12271 I C02153/com.shusen.lprdemo/CPUCL: cpu_graph_executor.cpp Execute(657)::"[Stats]cpu_runtime: 45us"
09-17 22:01:02.976 11692 12271 I C02153/com.shusen.lprdemo/CPUCL: cpu_graph_executor.cpp Execute(657)::"[Stats]cpu_runtime: 35us"
09-17 22:01:02.977 11692 11692 I A0D001/com.shusen.lprdemo/LprStages: E2E recogniser returned code=鑻廍05172
09-17 22:01:02.986 11692 11692 I A0D001/com.shusen.lprdemo/LprNative: pipeline: ok=1;count=1;totalMs=86.7720;error=;p0=鑻廍05172,0.7230,0.7628,0,1751|747|1879|855,78|123,0.0001|0.9997|0.0002,鑻弢E|0|5|1|7|2,0.8223|0.6484|0.5352|0.9980|0.8359|0.7969|0.7031,61.2319|11.9355|5.0916|2.8641,2763123;
09-17 22:01:03.059 11692 11692 I A0D001/com.shusen.lprdemo/LprNativeUI: BACKEND E2E RESULT mode=ms-nnrt rep=1 match=0 ok=1;count=1;totalMs=86.7720;error=;p0=鑻廍05172,0.7230,0.7628,0,1751|747|1879|855,78|123,0.0001|0.9997|0.0002,鑻弢E|0|5|1|7|2,0.8223|0.6484|0.5352|0.9980|0.8359|0.7969|0.7031,61.2319|11.9355|5.0916|2.8641,2763123;
09-17 22:01:03.110 11692 11692 I A0D001/com.shusen.lprdemo/LprNative: PIPE BACKENDS mode=0 det=NNRT:NPU_ohos.boot.hardware.kirin8020_v2_0 rec=NNRT:NPU_ohos.boot.hardware.kirin8020_v2_0 cls=CPU
09-17 22:01:03.110 11692 11692 I A0D001/com.shusen.lprdemo/LprStages: E2E preprocess begin ncnn=0 vulkan=0
09-17 22:01:03.168 11692 11692 I A0D001/com.shusen.lprdemo/LprStages: E2E detector returned tensors=3
09-17 22:01:03.186 11692 12271 I C02153/com.shusen.lprdemo/CPUCL: cpu_graph_executor.cpp Execute(657)::"[Stats]cpu_runtime: 59us"
09-17 22:01:03.187 11692 12271 I C02153/com.shusen.lprdemo/CPUCL: cpu_graph_executor.cpp Execute(657)::"[Stats]cpu_runtime: 49us"
09-17 22:01:03.188 11692 11692 I A0D001/com.shusen.lprdemo/LprStages: E2E recogniser returned code=鑻廍05172
09-17 22:01:03.197 11692 11692 I A0D001/com.shusen.lprdemo/LprNative: pipeline: ok=1;count=1;totalMs=86.9983;error=;p0=鑻廍05172,0.7230,0.7628,0,1751|747|1879|855,78|123,0.0001|0.9997|0.0002,鑻弢E|0|5|1|7|2,0.8223|0.6484|0.5352|0.9980|0.8359|0.7969|0.7031,60.1761|12.1273|5.3503|3.7153,2763123;
09-17 22:01:03.268 11692 11692 I A0D001/com.shusen.lprdemo/LprNativeUI: BACKEND E2E RESULT mode=ms-nnrt rep=2 match=0 ok=1;count=1;totalMs=86.9983;error=;p0=鑻廍05172,0.7230,0.7628,0,1751|747|1879|855,78|123,0.0001|0.9997|0.0002,鑻弢E|0|5|1|7|2,0.8223|0.6484|0.5352|0.9980|0.8359|0.7969|0.7031,60.1761|12.1273|5.3503|3.7153,2763123;
09-17 22:01:03.290 11692 11692 W C03F07/MUSL-LDSO: load libarcher.so failed, namespace=ndk no inherits, errno=2
09-17 22:01:03.290 11692 11692 W C03F07/MUSL-LDSO: load libarcher.so failed, namespace=moduleNs_default, errno=2
09-17 22:01:03.290 11692 11692 W C03F07/MUSL-LDSO: dlopen_impl load library header failed for libarcher.so
09-17 22:01:03.290 11692 11692 W C03F07/MUSL-LDSO: load libmemkind.so failed, namespace=ndk no inherits, errno=2
09-17 22:01:03.290 11692 11692 W C03F07/MUSL-LDSO: load libmemkind.so failed, namespace=moduleNs_default, errno=2
09-17 22:01:03.290 11692 11692 W C03F07/MUSL-LDSO: dlopen_impl load library header failed for libmemkind.so
09-17 22:01:03.293 11692 11692 I A0D001/com.shusen.lprdemo/LprNative: ncnnLoad: ok=1;layers=218;inputs=in0;outputs=out0|out1|out2;requestedVulkan=0;effectiveVulkan=0;gpuProbe=not requested
09-17 22:01:03.300 11692 11692 I A0D001/com.shusen.lprdemo/LprNativeUI: BACKEND E2E LOAD ncnn-cpu ok=1;layers=218;inputs=in0;outputs=out0|out1|out2;requestedVulkan=0;effectiveVulkan=0;gpuProbe=not requested
09-17 22:01:03.352 11692 11692 I A0D001/com.shusen.lprdemo/LprNative: PIPE BACKENDS mode=1 det=ncnn rec=NNRT:NPU_ohos.boot.hardware.kirin8020_v2_0 cls=CPU
09-17 22:01:03.352 11692 11692 I A0D001/com.shusen.lprdemo/LprStages: E2E preprocess begin ncnn=1 vulkan=0
09-17 22:01:03.417 11692 11692 I A0D001/com.shusen.lprdemo/LprStages: E2E detector returned tensors=3
09-17 22:01:03.435 11692 12271 I C02153/com.shusen.lprdemo/CPUCL: cpu_graph_executor.cpp Execute(657)::"[Stats]cpu_runtime: 39us"
09-17 22:01:03.435 11692 12271 I C02153/com.shusen.lprdemo/CPUCL: cpu_graph_executor.cpp Execute(657)::"[Stats]cpu_runtime: 28us"
09-17 22:01:03.437 11692 11692 I A0D001/com.shusen.lprdemo/LprStages: E2E recogniser returned code=鑻廍D5172
09-17 22:01:03.446 11692 11692 I A0D001/com.shusen.lprdemo/LprNative: pipeline: ok=1;count=1;totalMs=93.7150;error=;p0=鑻廍D5172,0.7244,0.7366,0,1751|747|1879|855,78|123,0.0001|0.9998|0.0001,鑻弢E|D|5|1|7|2,0.7227|0.7969|0.5762|0.9941|0.7832|0.7168|0.5664,67.6653|11.9042|5.0694|3.3187,2773473;
09-17 22:01:03.517 11692 11692 I A0D001/com.shusen.lprdemo/LprNativeUI: BACKEND E2E RESULT mode=ncnn-cpu rep=0 match=1 ok=1;count=1;totalMs=93.7150;error=;p0=鑻廍D5172,0.7244,0.7366,0,1751|747|1879|855,78|123,0.0001|0.9998|0.0001,鑻弢E|D|5|1|7|2,0.7227|0.7969|0.5762|0.9941|0.7832|0.7168|0.5664,67.6653|11.9042|5.0694|3.3187,2773473;
09-17 22:01:03.569 11692 11692 I A0D001/com.shusen.lprdemo/LprNative: PIPE BACKENDS mode=1 det=ncnn rec=NNRT:NPU_ohos.boot.hardware.kirin8020_v2_0 cls=CPU
09-17 22:01:03.569 11692 11692 I A0D001/com.shusen.lprdemo/LprStages: E2E preprocess begin ncnn=1 vulkan=0
09-17 22:01:03.633 11692 11692 I A0D001/com.shusen.lprdemo/LprStages: E2E detector returned tensors=3
09-17 22:01:03.651 11692 12271 I C02153/com.shusen.lprdemo/CPUCL: cpu_graph_executor.cpp Execute(657)::"[Stats]cpu_runtime: 37us"
09-17 22:01:03.651 11692 12271 I C02153/com.shusen.lprdemo/CPUCL: cpu_graph_executor.cpp Execute(657)::"[Stats]cpu_runtime: 28us"
09-17 22:01:03.653 11692 11692 I A0D001/com.shusen.lprdemo/LprStages: E2E recogniser returned code=鑻廍D5172
09-17 22:01:03.661 11692 11692 I A0D001/com.shusen.lprdemo/LprNative: pipeline: ok=1;count=1;totalMs=92.0798;error=;p0=鑻廍D5172,0.7244,0.7366,0,1751|747|1879|855,78|123,0.0001|0.9998|0.0001,鑻弢E|D|5|1|7|2,0.7227|0.7969|0.5762|0.9941|0.7832|0.7168|0.5664,66.1562|12.1439|5.2795|3.0370,2773473;
09-17 22:01:03.732 11692 11692 I A0D001/com.shusen.lprdemo/LprNativeUI: BACKEND E2E RESULT mode=ncnn-cpu rep=1 match=1 ok=1;count=1;totalMs=92.0798;error=;p0=鑻廍D5172,0.7244,0.7366,0,1751|747|1879|855,78|123,0.0001|0.9998|0.0001,鑻弢E|D|5|1|7|2,0.7227|0.7969|0.5762|0.9941|0.7832|0.7168|0.5664,66.1562|12.1439|5.2795|3.0370,2773473;
09-17 22:01:03.784 11692 11692 I A0D001/com.shusen.lprdemo/LprNative: PIPE BACKENDS mode=1 det=ncnn rec=NNRT:NPU_ohos.boot.hardware.kirin8020_v2_0 cls=CPU
09-17 22:01:03.784 11692 11692 I A0D001/com.shusen.lprdemo/LprStages: E2E preprocess begin ncnn=1 vulkan=0
09-17 22:01:03.850 11692 11692 I A0D001/com.shusen.lprdemo/LprStages: E2E detector returned tensors=3
09-17 22:01:03.868 11692 12271 I C02153/com.shusen.lprdemo/CPUCL: cpu_graph_executor.cpp Execute(657)::"[Stats]cpu_runtime: 37us"
09-17 22:01:03.868 11692 12271 I C02153/com.shusen.lprdemo/CPUCL: cpu_graph_executor.cpp Execute(657)::"[Stats]cpu_runtime: 29us"
09-17 22:01:03.870 11692 11692 I A0D001/com.shusen.lprdemo/LprStages: E2E recogniser returned code=鑻廍D5172
09-17 22:01:03.879 11692 11692 I A0D001/com.shusen.lprdemo/LprNative: pipeline: ok=1;count=1;totalMs=95.1423;error=;p0=鑻廍D5172,0.7244,0.7366,0,1751|747|1879|855,78|123,0.0001|0.9998|0.0001,鑻弢E|D|5|1|7|2,0.7227|0.7969|0.5762|0.9941|0.7832|0.7168|0.5664,68.5680|11.9780|5.9173|3.0616,2773473;
09-17 22:01:03.950 11692 11692 I A0D001/com.shusen.lprdemo/LprNativeUI: BACKEND E2E RESULT mode=ncnn-cpu rep=2 match=1 ok=1;count=1;totalMs=95.1423;error=;p0=鑻廍D5172,0.7244,0.7366,0,1751|747|1879|855,78|123,0.0001|0.9998|0.0001,鑻弢E|D|5|1|7|2,0.7227|0.7969|0.5762|0.9941|0.7832|0.7168|0.5664,68.5680|11.9780|5.9173|3.0616,2773473;
09-17 22:01:03.957 11692 11692 W C01490/com.shusen.lprdemo/VK_DEVICE: [nodict]<HM_GPU> #  Device init, apimode 0, sys64
09-17 22:01:03.960 11692 11692 I C02C03/PARAM_WATCHER: Add watcher keyPrefix persist.graphic.profiler.beta_dfx remoteWatcherId 21031 success
09-17 22:01:03.967 11692 11692 W C01490/com.shusen.lprdemo/VK: [nodict]<HM_GPU> #  Create pipeline cache
09-17 22:01:03.971 11692 11692 W C01490/com.shusen.lprdemo/VK: [nodict]<HM_GPU> #  Create pipeline cache
09-17 22:01:04.179 11692 11913 I C02D06/com.shusen.lprdemo/XCollie: success to submit dump trace
09-17 22:01:04.179 11692 11913 I C02D06/com.shusen.lprdemo/XCollie: Detect collect trace task complete.
09-17 22:01:04.179 11692 11935 I C02D06/com.shusen.lprdemo/XCollie: Start to dump trace failed, openTrace result: 1203
09-17 22:01:04.631 11692 12088 I A04510/com.shusen.lprdemo/chromium: [res_parallel_preload_ctrler.h:21] PRPPreload.ResParallelPreloadCtrler::~ResParallelPreloadCtrler
09-17 22:01:04.631 11692 12088 I A04510/com.shusen.lprdemo/chromium: [disk_cache_file.h:88] PRPPreload.DiskCacheFile::~DiskCacheFile
09-17 22:01:05.549 11692 11692 I A0D001/com.shusen.lprdemo/LprNative: ncnnLoad: ok=1;layers=218;inputs=in0;outputs=out0|out1|out2;requestedVulkan=1;effectiveVulkan=1;gpuProbe=ok=1;count=1;name=Maleoon 920C;driver=Maleoon 920C;api=4206867;fp16=111
09-17 22:01:05.557 11692 11692 I A0D001/com.shusen.lprdemo/LprNativeUI: BACKEND E2E LOAD ncnn-vulkan ok=1;layers=218;inputs=in0;outputs=out0|out1|out2;requestedVulkan=1;effectiveVulkan=1;gpuProbe=ok=1;count=1;name=Maleoon 920C;driver=Maleoon 920C;api=4206867;fp16=111
09-17 22:01:05.610 11692 11692 I A0D001/com.shusen.lprdemo/LprNative: PIPE BACKENDS mode=2 det=ncnn rec=NNRT:NPU_ohos.boot.hardware.kirin8020_v2_0 cls=CPU
09-17 22:01:05.610 11692 11692 I A0D001/com.shusen.lprdemo/LprStages: E2E preprocess begin ncnn=1 vulkan=1
09-17 22:01:05.730 11692 11692 I A0D001/com.shusen.lprdemo/LprStages: E2E detector returned tensors=3
09-17 22:01:05.750 11692 12271 I C02153/com.shusen.lprdemo/CPUCL: cpu_graph_executor.cpp Execute(657)::"[Stats]cpu_runtime: 184us"
09-17 22:01:05.751 11692 12271 I C02153/com.shusen.lprdemo/CPUCL: cpu_graph_executor.cpp Execute(657)::"[Stats]cpu_runtime: 44us"
09-17 22:01:05.752 11692 11692 I A0D001/com.shusen.lprdemo/LprStages: E2E recogniser returned code=鑻廍D5172
09-17 22:01:05.761 11692 11692 I A0D001/com.shusen.lprdemo/LprNative: pipeline: ok=1;count=1;totalMs=150.5134;error=;p0=鑻廍D5172,0.7244,0.7366,0,1751|747|1879|855,78|123,0.0001|0.9998|0.0001,鑻弢E|D|5|1|7|2,0.7227|0.7969|0.5762|0.9941|0.7832|0.7168|0.5664,122.2116|12.5958|7.3380|2.7362,2773473;
09-17 22:01:05.834 11692 11692 I A0D001/com.shusen.lprdemo/LprNativeUI: BACKEND E2E RESULT mode=ncnn-vulkan rep=0 match=1 ok=1;count=1;totalMs=150.5134;error=;p0=鑻廍D5172,0.7244,0.7366,0,1751|747|1879|855,78|123,0.0001|0.9998|0.0001,鑻弢E|D|5|1|7|2,0.7227|0.7969|0.5762|0.9941|0.7832|0.7168|0.5664,122.2116|12.5958|7.3380|2.7362,2773473;
09-17 22:01:05.885 11692 11692 I A0D001/com.shusen.lprdemo/LprNative: PIPE BACKENDS mode=2 det=ncnn rec=NNRT:NPU_ohos.boot.hardware.kirin8020_v2_0 cls=CPU
09-17 22:01:05.885 11692 11692 I A0D001/com.shusen.lprdemo/LprStages: E2E preprocess begin ncnn=1 vulkan=1
09-17 22:01:05.972 11692 11692 I A0D001/com.shusen.lprdemo/LprStages: E2E detector returned tensors=3
09-17 22:01:05.995 11692 12271 I C02153/com.shusen.lprdemo/CPUCL: cpu_graph_executor.cpp Execute(657)::"[Stats]cpu_runtime: 37us"
09-17 22:01:05.995 11692 12271 I C02153/com.shusen.lprdemo/CPUCL: cpu_graph_executor.cpp Execute(657)::"[Stats]cpu_runtime: 26us"
09-17 22:01:05.996 11692 11692 I A0D001/com.shusen.lprdemo/LprStages: E2E recogniser returned code=鑻廍D5172
09-17 22:01:06.008 11692 11692 I A0D001/com.shusen.lprdemo/LprNative: pipeline: ok=1;count=1;totalMs=122.7322;error=;p0=鑻廍D5172,0.7244,0.7366,0,1751|747|1879|855,78|123,0.0001|0.9998|0.0001,鑻弢E|D|5|1|7|2,0.7227|0.7969|0.5762|0.9941|0.7832|0.7168|0.5664,89.2341|16.5517|5.1438|5.9887,2773473;
09-17 22:01:06.081 11692 11692 I A0D001/com.shusen.lprdemo/LprNativeUI: BACKEND E2E RESULT mode=ncnn-vulkan rep=1 match=1 ok=1;count=1;totalMs=122.7322;error=;p0=鑻廍D5172,0.7244,0.7366,0,1751|747|1879|855,78|123,0.0001|0.9998|0.0001,鑻弢E|D|5|1|7|2,0.7227|0.7969|0.5762|0.9941|0.7832|0.7168|0.5664,89.2341|16.5517|5.1438|5.9887,2773473;
09-17 22:01:06.133 11692 11692 I A0D001/com.shusen.lprdemo/LprNative: PIPE BACKENDS mode=2 det=ncnn rec=NNRT:NPU_ohos.boot.hardware.kirin8020_v2_0 cls=CPU
09-17 22:01:06.133 11692 11692 I A0D001/com.shusen.lprdemo/LprStages: E2E preprocess begin ncnn=1 vulkan=1
09-17 22:01:06.217 11692 11692 I A0D001/com.shusen.lprdemo/LprStages: E2E detector returned tensors=3
09-17 22:01:06.237 11692 12271 I C02153/com.shusen.lprdemo/CPUCL: cpu_graph_executor.cpp Execute(657)::"[Stats]cpu_runtime: 113us"
09-17 22:01:06.238 11692 12271 I C02153/com.shusen.lprdemo/CPUCL: cpu_graph_executor.cpp Execute(657)::"[Stats]cpu_runtime: 103us"
09-17 22:01:06.239 11692 11692 I A0D001/com.shusen.lprdemo/LprStages: E2E recogniser returned code=鑻廍D5172
09-17 22:01:06.248 11692 11692 I A0D001/com.shusen.lprdemo/LprNative: pipeline: ok=1;count=1;totalMs=115.2803;error=;p0=鑻廍D5172,0.7244,0.7366,0,1751|747|1879|855,78|123,0.0001|0.9998|0.0001,鑻弢E|D|5|1|7|2,0.7227|0.7969|0.5762|0.9941|0.7832|0.7168|0.5664,86.5419|13.1920|6.5459|3.1027,2773473;
09-17 22:01:06.321 11692 11692 I A0D001/com.shusen.lprdemo/LprNativeUI: BACKEND E2E RESULT mode=ncnn-vulkan rep=2 match=1 ok=1;count=1;totalMs=115.2803;error=;p0=鑻廍D5172,0.7244,0.7366,0,1751|747|1879|855,78|123,0.0001|0.9998|0.0001,鑻弢E|D|5|1|7|2,0.7227|0.7969|0.5762|0.9941|0.7832|0.7168|0.5664,86.5419|13.1920|6.5459|3.1027,2773473;
09-17 22:01:06.322 11692 11692 I A0D001/com.shusen.lprdemo/LprNativeUI: BACKEND E2E END v1
09-17 22:01:06.322 11692 11692 I C02D06/com.shusen.lprdemo/XCollie: BlockMonitor event name: uvLoopTask, Duration Time: 4126 ms
09-17 22:01:06.914 11692 11939 I C03F00/com.shusen.lprdemo/ArkCompiler: [gc] SmartGC: app cold start finished
09-17 22:01:07.324 11692 11692 I A04510/com.shusen.lprdemo/chromium: [extension_updater.cc:397] Starting update check 0
09-17 22:01:07.325 11692 11692 I A04510/com.shusen.lprdemo/chromium: [extension_updater.cc:336] Extension ahfgeienlihckogmohjhadlkjgocpleb is not auto updateable
09-17 22:01:07.325 11692 11692 I A04510/com.shusen.lprdemo/chromium: [extension_updater.cc:336] Extension mhjfbmdgcfjbbpaeojofohoefgiehjai is not auto updateable
09-17 22:01:07.325 11692 11692 I A04510/com.shusen.lprdemo/chromium: [extension_updater.cc:904] Finished update check 0
09-17 22:01:07.431 11692 11692 I C03F00/com.shusen.lprdemo/ArkCompiler: [gc] IdleGCTrigger: trigger local remark
09-17 22:01:13.307 11692 11935 I A04510/com.shusen.lprdemo/chromium: [battery_mgr_client_adapter_impl.cpp:91] receive capacity 100  plugType 2
09-17 22:01:13.307 11692 11935 I A04510/com.shusen.lprdemo/chromium: [battery_status_manager_ohos.cc:104] recive battery changed11
09-17 22:01:44.035 11692 12576 I A04510/com.shusen.lprdemo/chromium: [battery_mgr_client_adapter_impl.cpp:91] receive capacity 100  plugType 2
09-17 22:01:44.035 11692 12576 I A04510/com.shusen.lprdemo/chromium: [battery_status_manager_ohos.cc:104] recive battery changed11
09-17 22:02:00.800 11692 12696 I C04707/com.shusen.lprdemo/HaAppEvent: OnEvents, 1
09-17 22:02:00.809 11692 12696 I C04707/com.shusen.lprdemo/HaEcc: set app freq, *o*_*u*w*i*h*o*_*d*_*c*: quota: 50, minutes: 5
09-17 22:02:00.809 11692 12696 I C04707/com.shusen.lprdemo/HaEcc: consumeQueue_ = 0 0 0 0 0 
09-17 22:02:00.813 11692 12696 I C02D07/com.shusen.lprdemo/EventMappingDao: delete 1 records, observerSeq=1, ret=0
09-17 22:02:00.814 11692 12696 I C02D07/com.shusen.lprdemo/EventDao: delete 1 records, ret=0
09-17 22:02:00.815 11692 12696 I C02D07/com.shusen.lprdemo/Store: delete 0 params unused
09-17 22:02:00.820 11692 12696 I C04707/com.shusen.lprdemo/HaAppEvent: OnEvents, 1
09-17 22:02:00.822 11692 12696 I C02D07/com.shusen.lprdemo/EventMappingDao: delete 1 records, observerSeq=1, ret=0
09-17 22:02:00.825 11692 12696 I C02D07/com.shusen.lprdemo/EventDao: delete 1 records, ret=0
09-17 22:02:00.825 11692 12696 I C02D07/com.shusen.lprdemo/Store: delete 0 params unused
09-17 22:02:00.828 11692 12696 I C04707/com.shusen.lprdemo/HaAppEvent: OnEvents, 1
09-17 22:02:00.830 11692 12696 I C02D07/com.shusen.lprdemo/EventMappingDao: delete 1 records, observerSeq=1, ret=0
09-17 22:02:00.831 11692 12696 I C02D07/com.shusen.lprdemo/EventDao: delete 1 records, ret=0
09-17 22:02:00.831 11692 12696 I C02D07/com.shusen.lprdemo/Store: delete 0 params unused
09-17 22:02:14.756 11692 12870 I A04510/com.shusen.lprdemo/chromium: [battery_mgr_client_adapter_impl.cpp:91] receive capacity 100  plugType 2
09-17 22:02:14.756 11692 12870 I A04510/com.shusen.lprdemo/chromium: [battery_status_manager_ohos.cc:104] recive battery changed11
09-17 22:02:31.311 11692 12988 I C02D07/com.shusen.lprdemo/ProcessorProxy: end to take data from observer=ha_app_event, seq=1, size=2
09-17 22:02:31.311 11692 12988 I C04707/com.shusen.lprdemo/HaAppEvent: OnEvents, 2
09-17 22:02:31.317 11692 12988 I C02D07/com.shusen.lprdemo/EventMappingDao: delete 2 records, observerSeq=1, ret=0
09-17 22:02:31.320 11692 12988 I C02D07/com.shusen.lprdemo/EventDao: delete 2 records, ret=0
09-17 22:02:31.320 11692 12988 I C02D07/com.shusen.lprdemo/Store: delete 0 params unused
09-17 22:02:45.483 11692 12988 I A04510/com.shusen.lprdemo/chromium: [battery_mgr_client_adapter_impl.cpp:91] receive capacity 100  plugType 2
09-17 22:02:45.483 11692 12988 I A04510/com.shusen.lprdemo/chromium: [battery_status_manager_ohos.cc:104] recive battery changed11
09-17 22:03:16.196 11692 13316 I A04510/com.shusen.lprdemo/chromium: [battery_mgr_client_adapter_impl.cpp:91] receive capacity 100  plugType 2
09-17 22:03:16.196 11692 13316 I A04510/com.shusen.lprdemo/chromium: [battery_status_manager_ohos.cc:104] recive battery changed11
