E2EMATRIX LOAD role=cls backend=nnrt ok=1;id=13;cached=0;name=models/litemodel_cls_96x_r1.ms;backend=CPU;requested=nnrt;fallbackFrom=NNRT:NPU_ohos.boot.hardware.kirin8020_v2_0;attemptLog=NNRT:NPU_ohos.boot.hardware.kirin8020_v2_0(fail) NNRT:HIAI_F(fail) CPU(ok);inputName=data;outputName=output;inputShape=[1,96,96,3];outputShape=[1,3];inputFormat=NHWC;outputFormat=NCHW;inputElems=27648;outputElems=3;error=
E2EMATRIX RESULT role=cls backend=nnrt LANDED=CPU engine=ms req=nnrt fallback=NNRT:NPU_ohos.boot.hardware.kirin8020_v2_0 rep=0 match=1 code=苏ED5172 total=34.8228 stages=27.6764|1.8934|4.0294|1.2066 trail=NNRT:NPU_ohos.boot.hardware.kirin8020_v2_0(fail) NNRT:HIAI_F(fail) CPU(ok)
E2EMATRIX RESULT role=cls backend=nnrt LANDED=CPU engine=ms req=nnrt fallback=NNRT:NPU_ohos.boot.hardware.kirin8020_v2_0 rep=1 match=1 code=苏ED5172 total=32.6547 stages=25.3248|1.9175|3.7506|1.6389 trail=NNRT:NPU_ohos.boot.hardware.kirin8020_v2_0(fail) NNRT:HIAI_F(fail) CPU(ok)
E2EMATRIX RESULT role=cls backend=nnrt LANDED=CPU engine=ms req=nnrt fallback=NNRT:NPU_ohos.boot.hardware.kirin8020_v2_0 rep=2 match=1 code=苏ED5172 total=50.3602 stages=42.9739|2.3181|3.8873|1.1620 trail=NNRT:NPU_ohos.boot.hardware.kirin8020_v2_0(fail) NNRT:HIAI_F(fail) CPU(ok)
E2EMATRIX LOAD role=cls backend=nnrt_fp32 ok=1;id=14;cached=0;name=models/litemodel_cls_96x_r1.ms;backend=CPU;requested=nnrt_fp32;fallbackFrom=NNRT:NPU_ohos.boot.hardware.kirin8020_v2_0#fp32;attemptLog=NNRT:NPU_ohos.boot.hardware.kirin8020_v2_0#fp32(fail) NNRT:HIAI_F#fp32(fail) CPU(ok);inputName=data;outputName=output;inputShape=[1,96,96,3];outputShape=[1,3];inputFormat=NHWC;outputFormat=NCHW;inputElems=27648;outputElems=3;error=
E2EMATRIX RESULT role=cls backend=nnrt_fp32 LANDED=CPU engine=ms req=nnrt_fp32 fallback=NNRT:NPU_ohos.boot.hardware.kirin8020_v2_0#fp32 rep=0 match=1 code=苏ED5172 total=55.6681 stages=47.5850|2.7242|3.7503|1.5884 trail=NNRT:NPU_ohos.boot.hardware.kirin8020_v2_0#fp32(fail) NNRT:HIAI_F#fp32(fail) CPU(ok)
E2EMATRIX RESULT role=cls backend=nnrt_fp32 LANDED=CPU engine=ms req=nnrt_fp32 fallback=NNRT:NPU_ohos.boot.hardware.kirin8020_v2_0#fp32 rep=1 match=1 code=苏ED5172 total=42.2266 stages=34.0994|2.0639|3.7000|2.3333 trail=NNRT:NPU_ohos.boot.hardware.kirin8020_v2_0#fp32(fail) NNRT:HIAI_F#fp32(fail) CPU(ok)
E2EMATRIX RESULT role=cls backend=nnrt_fp32 LANDED=CPU engine=ms req=nnrt_fp32 fallback=NNRT:NPU_ohos.boot.hardware.kirin8020_v2_0#fp32 rep=2 match=1 code=苏ED5172 total=42.2578 stages=34.4162|2.5742|3.5991|1.6464 trail=NNRT:NPU_ohos.boot.hardware.kirin8020_v2_0#fp32(fail) NNRT:HIAI_F#fp32(fail) CPU(ok)
E2EMATRIX LOAD role=cls backend=nnrt_fp16 ok=1;id=15;cached=0;name=models/litemodel_cls_96x_r1.ms;backend=CPU;requested=nnrt_fp16;fallbackFrom=NNRT:NPU_ohos.boot.hardware.kirin8020_v2_0;attemptLog=NNRT:NPU_ohos.boot.hardware.kirin8020_v2_0(fail) NNRT:HIAI_F(fail) CPU(ok);inputName=data;outputName=output;inputShape=[1,96,96,3];outputShape=[1,3];inputFormat=NHWC;outputFormat=NCHW;inputElems=27648;outputElems=3;error=
E2EMATRIX RESULT role=cls backend=nnrt_fp16 LANDED=CPU engine=ms req=nnrt_fp16 fallback=NNRT:NPU_ohos.boot.hardware.kirin8020_v2_0 rep=0 match=1 code=苏ED5172 total=33.6195 stages=25.4406|3.0711|3.7669|1.3250 trail=NNRT:NPU_ohos.boot.hardware.kirin8020_v2_0(fail) NNRT:HIAI_F(fail) CPU(ok)
E2EMATRIX RESULT role=cls backend=nnrt_fp16 LANDED=CPU engine=ms req=nnrt_fp16 fallback=NNRT:NPU_ohos.boot.hardware.kirin8020_v2_0 rep=1 match=1 code=苏ED5172 total=44.5766 stages=35.7672|1.9175|5.3806|1.4814 trail=NNRT:NPU_ohos.boot.hardware.kirin8020_v2_0(fail) NNRT:HIAI_F(fail) CPU(ok)
E2EMATRIX RESULT role=cls backend=nnrt_fp16 LANDED=CPU engine=ms req=nnrt_fp16 fallback=NNRT:NPU_ohos.boot.hardware.kirin8020_v2_0 rep=2 match=1 code=苏ED5172 total=39.9177 stages=32.8727|1.8691|4.0784|1.0827 trail=NNRT:NPU_ohos.boot.hardware.kirin8020_v2_0(fail) NNRT:HIAI_F(fail) CPU(ok)
E2EMATRIX LOAD role=cls backend=gpu ok=1;id=16;cached=0;name=models/litemodel_cls_96x_r1.ms;backend=CPU;requested=gpu;fallbackFrom=GPU:fp16;attemptLog=GPU:fp16(fail) GPU:fp32(fail) CPU(ok);inputName=data;outputName=output;inputShape=[1,96,96,3];outputShape=[1,3];inputFormat=NHWC;outputFormat=NCHW;inputElems=27648;outputElems=3;error=
E2EMATRIX RESULT role=cls backend=gpu LANDED=CPU engine=ms req=gpu fallback=GPU:fp16 rep=0 match=1 code=苏ED5172 total=50.3355 stages=41.8342|2.8694|4.0550|1.5584 trail=GPU:fp16(fail) GPU:fp32(fail) CPU(ok)
E2EMATRIX RESULT role=cls backend=gpu LANDED=CPU engine=ms req=gpu fallback=GPU:fp16 rep=1 match=1 code=苏ED5172 total=40.2564 stages=33.1230|2.3020|3.4377|1.3787 trail=GPU:fp16(fail) GPU:fp32(fail) CPU(ok)
E2EMATRIX RESULT role=cls backend=gpu LANDED=CPU engine=ms req=gpu fallback=GPU:fp16 rep=2 match=1 code=苏ED5172 total=36.1700 stages=28.8300|2.3942|3.6733|1.2567 trail=GPU:fp16(fail) GPU:fp32(fail) CPU(ok)
E2EMATRIX LOAD role=cls backend=kirin ok=1;id=17;cached=0;name=models/litemodel_cls_96x_r1.ms;backend=CPU;requested=kirin;fallbackFrom=KIRIN_NPU;attemptLog=KIRIN_NPU(fail) CPU(ok);inputName=data;outputName=output;inputShape=[1,96,96,3];outputShape=[1,3];inputFormat=NHWC;outputFormat=NCHW;inputElems=27648;outputElems=3;error=
E2EMATRIX RESULT role=cls backend=kirin LANDED=CPU engine=ms req=kirin fallback=KIRIN_NPU rep=0 match=1 code=苏ED5172 total=39.7989 stages=32.7011|1.8262|3.9148|1.3341 trail=KIRIN_NPU(fail) CPU(ok)
E2EMATRIX RESULT role=cls backend=kirin LANDED=CPU engine=ms req=kirin fallback=KIRIN_NPU rep=1 match=1 code=苏ED5172 total=46.3959 stages=37.9069|2.8136|4.0228|1.6281 trail=KIRIN_NPU(fail) CPU(ok)
E2EMATRIX RESULT role=cls backend=kirin LANDED=CPU engine=ms req=kirin fallback=KIRIN_NPU rep=2 match=1 code=苏ED5172 total=59.2169 stages=52.3988|1.8281|3.7180|1.2581 trail=KIRIN_NPU(fail) CPU(ok)
E2EMATRIX LOAD role=cls-fp32 backend=cpu ok=1;id=18;cached=0;name=models/litemodel_cls_96x_r1_fp32.ms;backend=CPU;requested=cpu;fallbackFrom=;attemptLog=CPU(ok);inputName=data;outputName=output;inputShape=[1,96,96,3];outputShape=[1,3];inputFormat=NHWC;outputFormat=NCHW;inputElems=27648;outputElems=3;error=
E2EMATRIX RESULT role=cls-fp32 backend=cpu LANDED=CPU engine=ms req=cpu fallback= rep=0 match=1 code=苏ED5172 total=47.9219 stages=41.1963|1.8961|3.3684|1.4452 trail=CPU(ok)
E2EMATRIX RESULT role=cls-fp32 backend=cpu LANDED=CPU engine=ms req=cpu fallback= rep=1 match=1 code=苏ED5172 total=52.0263 stages=40.8150|2.0217|7.8763|1.2948 trail=CPU(ok)
E2EMATRIX RESULT role=cls-fp32 backend=cpu LANDED=CPU engine=ms req=cpu fallback= rep=2 match=1 code=苏ED5172 total=38.4778 stages=30.0594|2.7847|4.0666|1.5434 trail=CPU(ok)
E2EMATRIX LOAD role=cls-fp32 backend=nnrt ok=1;id=19;cached=0;name=models/litemodel_cls_96x_r1_fp32.ms;backend=NNRT:NPU_ohos.boot.hardware.kirin8020_v2_0;requested=nnrt;fallbackFrom=;attemptLog=NNRT:NPU_ohos.boot.hardware.kirin8020_v2_0(ok);inputName=data;outputName=output;inputShape=[1,96,96,3];outputShape=[1,3];inputFormat=NHWC;outputFormat=NCHW;inputElems=27648;outputElems=3;error=
E2EMATRIX RESULT role=cls-fp32 backend=nnrt LANDED=NNRT:NPU_ohos.boot.hardware.kirin8020_v2_0 engine=ms req=nnrt fallback= rep=0 match=1 code=苏ED5172 total=46.8089 stages=36.0270|2.7136|4.6428|3.4017 trail=NNRT:NPU_ohos.boot.hardware.kirin8020_v2_0(ok)
E2EMATRIX RESULT role=cls-fp32 backend=nnrt LANDED=NNRT:NPU_ohos.boot.hardware.kirin8020_v2_0 engine=ms req=nnrt fallback= rep=1 match=1 code=苏ED5172 total=30.2497 stages=24.0900|1.5659|3.3230|1.2573 trail=NNRT:NPU_ohos.boot.hardware.kirin8020_v2_0(ok)
E2EMATRIX RESULT role=cls-fp32 backend=nnrt LANDED=NNRT:NPU_ohos.boot.hardware.kirin8020_v2_0 engine=ms req=nnrt fallback= rep=2 match=1 code=苏ED5172 total=28.5445 stages=22.4739|1.5781|3.2447|1.2372 trail=NNRT:NPU_ohos.boot.hardware.kirin8020_v2_0(ok)
E2EMATRIX LOAD role=cls-fp32 backend=nnrt_fp32 ok=0;backend=nnrt_fp32;error=session cap 20 reached
E2EMATRIX LOAD role=cls-fp32 backend=nnrt_fp16 ok=0;backend=nnrt_fp16;error=session cap 20 reached
E2EMATRIX LOAD role=cls-fp32 backend=gpu 
E2EMATRIX LOAD role=cls-fp32 backend=kirin ok=0;backend=kirin;error=session cap 20 reached
NCNNSLOT LOAD role=rec mode=cpu 
NCNNSLOT LOAD role=rec mode=vulkan ok=1;slot=1;layers=252;inputs=in0;outputs=out0;requestedVulkan=1;effectiveVulkan=1;vkLayers=251/252;vkGpuCount=1;vkGpuName=Maleoon_920C;gpuProbe=ok=1;count=1;name=Maleoon 920C;driver=Maleoon 920C;api=4206867;fp16=111
NCNNSLOT RESULT role=rec mode=vulkan LANDED=GPU engine=ncnn vkReq=1 vk=1 vkLayers=251/252 rep=0 match=1 code=苏ED5172 colour=蓝牌 total=107.9608 stages=49.4997|2.0327|53.5058|2.8811 chars=苏|E|D|5|1|7|2 clsScores=0.0001|0.9998|0.0001
NCNNSLOT RESULT role=rec mode=vulkan LANDED=GPU engine=ncnn vkReq=1 vk=1 vkLayers=251/252 rep=1 match=1 code=苏ED5172 colour=蓝牌 total=93.1242 stages=31.5508|2.2641|56.1078|3.1702 chars=苏|E|D|5|1|7|2 clsScores=0.0001|0.9998|0.0001
NCNNSLOT RESULT role=rec mode=vulkan LANDED=GPU engine=ncnn vkReq=1 vk=1 vkLayers=251/252 rep=2 match=1 code=苏ED5172 colour=蓝牌 total=84.4909 stages=21.9672|1.9544|56.3005|4.2350 chars=苏|E|D|5|1|7|2 clsScores=0.0001|0.9998|0.0001
NCNNSLOT LOAD role=cls mode=cpu ok=1;slot=2;layers=78;inputs=in0;outputs=out0;requestedVulkan=0;effectiveVulkan=0;vkLayers=1/78;vkGpuCount=1;vkGpuName=Maleoon_920C;gpuProbe=not requested
NCNNSLOT RESULT role=cls mode=cpu LANDED=CPU engine=ncnn vkReq=0 vk=0 vkLayers=1/78 rep=0 match=1 code=苏ED5172 colour=蓝牌 total=35.7498 stages=27.1462|1.3183|5.0367|2.2292 chars=苏|E|D|5|1|7|2 clsScores=0.0001|0.9998|0.0001
NCNNSLOT RESULT role=cls mode=cpu LANDED=CPU engine=ncnn vkReq=0 vk=0 vkLayers=1/78 rep=1 match=1 code=苏ED5172 colour=蓝牌 total=24.2405 stages=16.1606|1.5722|4.2980|2.1959 chars=苏|E|D|5|1|7|2 clsScores=0.0001|0.9998|0.0001
NCNNSLOT RESULT role=cls mode=cpu LANDED=CPU engine=ncnn vkReq=0 vk=0 vkLayers=1/78 rep=2 match=1 code=苏ED5172 colour=蓝牌 total=32.5717 stages=22.1612|1.8105|6.3089|2.2759 chars=苏|E|D|5|1|7|2 clsScores=0.0001|0.9998|0.0001
NCNNSLOT LOAD role=cls mode=vulkan ok=1;slot=2;layers=78;inputs=in0;outputs=out0;requestedVulkan=1;effectiveVulkan=1;vkLayers=78/78;vkGpuCount=1;vkGpuName=Maleoon_920C;gpuProbe=ok=1;count=1;name=Maleoon 920C;driver=Maleoon 920C;api=4206867;fp16=111
NCNNSLOT RESULT role=cls mode=vulkan LANDED=GPU engine=ncnn vkReq=1 vk=1 vkLayers=78/78 rep=0 match=1 code=苏ED5172 colour=蓝牌 total=46.6886 stages=30.9427|2.3319|3.6377|9.7545 chars=苏|E|D|5|1|7|2 clsScores=0.0001|0.9998|0.0001
NCNNSLOT RESULT role=cls mode=vulkan LANDED=GPU engine=ncnn vkReq=1 vk=1 vkLayers=78/78 rep=1 match=1 code=苏ED5172 colour=蓝牌 total=40.0280 stages=27.8281|1.6673|3.3998|7.1186 chars=苏|E|D|5|1|7|2 clsScores=0.0001|0.9998|0.0001
NCNNSLOT RESULT role=cls mode=vulkan LANDED=GPU engine=ncnn vkReq=1 vk=1 vkLayers=78/78 rep=2 match=1 code=苏ED5172 colour=蓝牌 total=50.9208 stages=36.1012|2.9734|3.4181|8.4148 chars=苏|E|D|5|1|7|2 clsScores=0.0001|0.9998|0.0001
CANN ENUM ok=1;probe=nnrt+hiai;nnrt_runtime=soname;nnrt_core=soname;hiai_foundation=soname;cann_version=108.631.120.010;getAllDevices_rc=0;device_count=2;d0=id=8987859593747354028,name=HIAI_F,type=ACCELERATOR,nameRc=0,typeRc=0;d1=id=13306020061847651998,name=NPU_ohos.boot.hardware.kirin8020_v2_0,type=ACCELERATOR,nameRc=0,typeRc=0;
CANN TRY model=models/probe_hiai_imagenet.om size=2496459 ok=1;bytes=2496459;hiai_compat_code=0;hiai_compat_note=0=compatible,1=incompatible;construct=ok;picked_device=8987859593747354028;picked_device_all0=8987859593747354028;set_device_rc=0;build_rc=0;build_note=0=SUCCESS, else see OH_NN_ReturnCode;executor=ok;in_count=1;out_count=1;in0=name=data,dtype=FLOAT32,shape=[1x3x227x227];out0=name=output_0_prob_0,dtype=FLOAT32,shape=[1x1000x1x1];in_bytes=618348;out_bytes=4000;run_tensors=1in/1out;run_rc=0;run_ms_each=2.544|0.972|0.981;o0_sum=1.0005;o0_argmax=111;o0_max=0.1509;out_note=synthetic-input->argmax NOT meaningful;executor_destroyed=1;destroyed=1;
CANN TRY model=models/probe_om_lprnet.om size=916283 ok=1;bytes=916283;hiai_compat_code=0;hiai_compat_note=0=compatible,1=incompatible;construct=ok;picked_device=8987859593747354028;picked_device_all0=8987859593747354028;set_device_rc=0;build_rc=0;build_note=0=SUCCESS, else see OH_NN_ReturnCode;executor=ok;in_count=1;out_count=1;in0=name=input,dtype=FLOAT32,shape=[1x3x24x94];out0=name=output,dtype=FLOAT32,shape=[1x1x68x18];in_bytes=27072;out_bytes=4896;run_tensors=1in/1out;run_rc=0;run_ms_each=2.480|1.466|1.516;o0_sum=-62362.3169;o0_argmax=1206;o0_max=311.5000;out_note=synthetic-input->argmax NOT meaningful;executor_destroyed=1;destroyed=1;
CANN TRY model=models/probe_om_lprnet_npufix.om size=915413 ok=1;bytes=915413;hiai_compat_code=0;hiai_compat_note=0=compatible,1=incompatible;construct=ok;picked_device=8987859593747354028;picked_device_all0=8987859593747354028;set_device_rc=0;build_rc=0;build_note=0=SUCCESS, else see OH_NN_ReturnCode;executor=ok;in_count=1;out_count=1;in0=name=input,dtype=FLOAT32,shape=[1x3x24x94];out0=name=output,dtype=FLOAT32,shape=[1x1x68x18];in_bytes=27072;out_bytes=4896;run_tensors=1in/1out;run_rc=0;run_ms_each=2.099|1.334|1.210;o0_sum=-62362.3169;o0_argmax=1206;o0_max=311.5000;out_note=synthetic-input->argmax NOT meaningful;executor_destroyed=1;destroyed=1;
CANN TRY model=models/probe_om_det.om size=1948509 ok=1;bytes=1948509;hiai_compat_code=1;hiai_compat_note=0=compatible,1=incompatible;construct=ok;picked_device=8987859593747354028;picked_device_all0=8987859593747354028;set_device_rc=0;build_rc=1;build_note=0=SUCCESS, else see OH_NN_ReturnCode;destroyed=1;
CANN TRY model=models/probe_om_dethead.om size=1010950 ok=1;bytes=1010950;hiai_compat_code=0;hiai_compat_note=0=compatible,1=incompatible;construct=ok;picked_device=8987859593747354028;picked_device_all0=8987859593747354028;set_device_rc=0;build_rc=0;build_note=0=SUCCESS, else see OH_NN_ReturnCode;executor=ok;in_count=1;out_count=3;in0=name=input,dtype=FLOAT32,shape=[1x3x320x320];out0=name=948,dtype=FLOAT32,shape=[1x45x40x40];out1=name=1061,dtype=FLOAT32,shape=[1x45x20x20];out2=name=1174,dtype=FLOAT32,shape=[1x45x10x10];in_bytes=1228800;out_bytes=378000;run_tensors=1in/3out;run_rc=0;run_ms_each=5.124|4.052|4.270;o0_sum=-25055.3415;o0_argmax=28756;o0_max=6.5898;o1_sum=-11325.9309;o1_argmax=11231;o1_max=5.9961;o2_sum=-3700.2237;o2_argmax=2888;o2_max=5.0664;out_note=synthetic-input->argmax NOT meaningful;executor_destroyed=1;destroyed=1;
CANN TRY model=models/probe_om_rec.om size=5041253 ok=1;bytes=5041253;hiai_compat_code=0;hiai_compat_note=0=compatible,1=incompatible;construct=ok;picked_device=8987859593747354028;picked_device_all0=8987859593747354028;set_device_rc=0;build_rc=0;build_note=0=SUCCESS, else see OH_NN_ReturnCode;executor=ok;in_count=1;out_count=1;in0=name=data,dtype=FLOAT32,shape=[1x3x48x160];out0=name=output,dtype=FLOAT32,shape=[1x1x20x78];in_bytes=92160;out_bytes=6240;run_tensors=1in/1out;run_rc=0;run_ms_each=5.634|4.146|9.153;o0_sum=19.9978;o0_argmax=1326;o0_max=0.8359;out_note=synthetic-input->argmax NOT meaningful;executor_destroyed=1;destroyed=1;
CANN TRY model=models/probe_om_cls.om size=841728 ok=1;bytes=841728;hiai_compat_code=0;hiai_compat_note=0=compatible,1=incompatible;construct=ok;picked_device=8987859593747354028;picked_device_all0=8987859593747354028;set_device_rc=0;build_rc=0;build_note=0=SUCCESS, else see OH_NN_ReturnCode;executor=ok;in_count=1;out_count=1;in0=name=data,dtype=FLOAT32,shape=[1x3x96x96];out0=name=output,dtype=FLOAT32,shape=[1x3x1x1];in_bytes=110592;out_bytes=12;run_tensors=1in/1out;run_rc=0;run_ms_each=1.648|1.015|0.998;o0_sum=0.9981;o0_argmax=0;o0_max=0.9980;out_note=synthetic-input->argmax NOT meaningful;executor_destroyed=1;destroyed=1;
CANN TRY model=models/y5fu_320x_head_fp32.ms size=1847336 ok=1;bytes=1847336;hiai_compat_code=1;hiai_compat_note=0=compatible,1=incompatible;construct=ok;picked_device=8987859593747354028;picked_device_all0=8987859593747354028;set_device_rc=0;build_rc=1;build_note=0=SUCCESS, else see OH_NN_ReturnCode;destroyed=1;
CANN TRY model=models/rpv3_mdict_160_r3.ms size=4480304 ok=1;bytes=4480304;hiai_compat_code=1;hiai_compat_note=0=compatible,1=incompatible;construct=ok;picked_device=8987859593747354028;picked_device_all0=8987859593747354028;set_device_rc=0;build_rc=1;build_note=0=SUCCESS, else see OH_NN_ReturnCode;destroyed=1;
CANN TRY model=models/litemodel_cls_96x_r1.ms size=817432 ok=1;bytes=817432;hiai_compat_code=1;hiai_compat_note=0=compatible,1=incompatible;construct=ok;picked_device=8987859593747354028;picked_device_all0=8987859593747354028;set_device_rc=0;build_rc=1;build_note=0=SUCCESS, else see OH_NN_ReturnCode;destroyed=1;
E2EMATRIX LOAD role=det backend=cpu ok=1;id=0;cached=1;name=models/y5fu_320x_head_fp32.ms;backend=CPU;requested=cpu;fallbackFrom=;attemptLog=CPU(ok);inputName=input;outputName=948;inputShape=[1,320,320,3];outputShape=[1,45,40,40];inputFormat=NHWC;outputFormat=NCHW;inputElems=307200;outputElems=72000;error=
E2EMATRIX RESULT role=det backend=cpu LANDED=CPU engine=ms req=cpu fallback= rep=0 match=1 code=苏ED5172 total=42.6766 stages=36.4686|1.7866|3.2892|1.1194 trail=CPU(ok)
E2EMATRIX RESULT role=det backend=cpu LANDED=CPU engine=ms req=cpu fallback= rep=1 match=1 code=苏ED5172 total=41.5131 stages=34.8858|2.0081|3.4508|1.1570 trail=CPU(ok)
E2EMATRIX RESULT role=det backend=cpu LANDED=CPU engine=ms req=cpu fallback= rep=2 match=1 code=苏ED5172 total=36.4523 stages=30.2506|1.6822|3.4936|1.0170 trail=CPU(ok)
E2EMATRIX LOAD role=det backend=nnrt ok=1;id=3;cached=1;name=models/y5fu_320x_head_fp32.ms;backend=NNRT:NPU_ohos.boot.hardware.kirin8020_v2_0;requested=nnrt;fallbackFrom=;attemptLog=NNRT:NPU_ohos.boot.hardware.kirin8020_v2_0(ok);inputName=input;outputName=948;inputShape=[1,320,320,3];outputShape=[1,45,40,40];inputFormat=NHWC;outputFormat=NCHW;inputElems=307200;outputElems=72000;error=
E2EMATRIX RESULT role=det backend=nnrt LANDED=NNRT:NPU_ohos.boot.hardware.kirin8020_v2_0 engine=ms req=nnrt fallback= rep=0 match=0 code=苏E05172 total=31.0036 stages=16.2866|5.9561|4.7327|4.0127 trail=NNRT:NPU_ohos.boot.hardware.kirin8020_v2_0(ok)
E2EMATRIX RESULT role=det backend=nnrt LANDED=NNRT:NPU_ohos.boot.hardware.kirin8020_v2_0 engine=ms req=nnrt fallback= rep=1 match=0 code=苏E05172 total=30.0753 stages=15.9014|5.7617|5.3267|3.0602 trail=NNRT:NPU_ohos.boot.hardware.kirin8020_v2_0(ok)
E2EMATRIX RESULT role=det backend=nnrt LANDED=NNRT:NPU_ohos.boot.hardware.kirin8020_v2_0 engine=ms req=nnrt fallback= rep=2 match=0 code=苏E05172 total=33.8537 stages=17.0009|7.5991|5.1955|4.0287 trail=NNRT:NPU_ohos.boot.hardware.kirin8020_v2_0(ok)
E2EMATRIX LOAD role=det backend=nnrt_fp32 ok=1;id=4;cached=0;name=models/y5fu_320x_head_fp32.ms;backend=NNRT:NPU_ohos.boot.hardware.kirin8020_v2_0#fp32;requested=nnrt_fp32;fallbackFrom=;attemptLog=NNRT:NPU_ohos.boot.hardware.kirin8020_v2_0#fp32(ok);inputName=input;outputName=948;inputShape=[1,320,320,3];outputShape=[1,45,40,40];inputFormat=NHWC;outputFormat=NCHW;inputElems=307200;outputElems=72000;error=
E2EMATRIX RESULT role=det backend=nnrt_fp32 LANDED=NNRT:NPU_ohos.boot.hardware.kirin8020_v2_0#fp32 engine=ms req=nnrt_fp32 fallback= rep=0 match=0 code=苏E05172 total=17.9748 stages=9.2845|2.1431|4.0466|2.4752 trail=NNRT:NPU_ohos.boot.hardware.kirin8020_v2_0#fp32(ok)
E2EMATRIX RESULT role=det backend=nnrt_fp32 LANDED=NNRT:NPU_ohos.boot.hardware.kirin8020_v2_0#fp32 engine=ms req=nnrt_fp32 fallback= rep=1 match=0 code=苏E05172 total=35.0705 stages=18.2658|7.5961|5.0136|4.1522 trail=NNRT:NPU_ohos.boot.hardware.kirin8020_v2_0#fp32(ok)
E2EMATRIX RESULT role=det backend=nnrt_fp32 LANDED=NNRT:NPU_ohos.boot.hardware.kirin8020_v2_0#fp32 engine=ms req=nnrt_fp32 fallback= rep=2 match=0 code=苏E05172 total=36.4294 stages=19.1572|7.6708|5.4322|4.1298 trail=NNRT:NPU_ohos.boot.hardware.kirin8020_v2_0#fp32(ok)
E2EMATRIX LOAD role=det backend=nnrt_fp16 ok=1;id=5;cached=0;name=models/y5fu_320x_head_fp32.ms;backend=NNRT:NPU_ohos.boot.hardware.kirin8020_v2_0;requested=nnrt_fp16;fallbackFrom=;attemptLog=NNRT:NPU_ohos.boot.hardware.kirin8020_v2_0(ok);inputName=input;outputName=948;inputShape=[1,320,320,3];outputShape=[1,45,40,40];inputFormat=NHWC;outputFormat=NCHW;inputElems=307200;outputElems=72000;error=
E2EMATRIX RESULT role=det backend=nnrt_fp16 LANDED=NNRT:NPU_ohos.boot.hardware.kirin8020_v2_0 engine=ms req=nnrt_fp16 fallback= rep=0 match=0 code=苏E05172 total=22.0780 stages=13.2797|3.8833|3.3972|1.4981 trail=NNRT:NPU_ohos.boot.hardware.kirin8020_v2_0(ok)
E2EMATRIX RESULT role=det backend=nnrt_fp16 LANDED=NNRT:NPU_ohos.boot.hardware.kirin8020_v2_0 engine=ms req=nnrt_fp16 fallback= rep=1 match=0 code=苏E05172 total=29.3636 stages=15.9066|5.6705|4.4550|3.3061 trail=NNRT:NPU_ohos.boot.hardware.kirin8020_v2_0(ok)
E2EMATRIX RESULT role=det backend=nnrt_fp16 LANDED=NNRT:NPU_ohos.boot.hardware.kirin8020_v2_0 engine=ms req=nnrt_fp16 fallback= rep=2 match=0 code=苏E05172 total=35.3328 stages=15.6783|5.7042|4.4436|3.2356 trail=NNRT:NPU_ohos.boot.hardware.kirin8020_v2_0(ok)
E2EMATRIX LOAD role=det backend=gpu ok=1;id=6;cached=0;name=models/y5fu_320x_head_fp32.ms;backend=CPU;requested=gpu;fallbackFrom=GPU:fp16;attemptLog=GPU:fp16(fail) GPU:fp32(fail) CPU(ok);inputName=input;outputName=948;inputShape=[1,320,320,3];outputShape=[1,45,40,40];inputFormat=NHWC;outputFormat=NCHW;inputElems=307200;outputElems=72000;error=
E2EMATRIX RESULT role=det backend=gpu LANDED=CPU engine=ms req=gpu fallback=GPU:fp16 rep=0 match=1 code=苏ED5172 total=32.4044 stages=25.6102|2.1533|3.4875|1.1420 trail=GPU:fp16(fail) GPU:fp32(fail) CPU(ok)
E2EMATRIX RESULT role=det backend=gpu LANDED=CPU engine=ms req=gpu fallback=GPU:fp16 rep=1 match=1 code=苏ED5172 total=37.1766 stages=29.7995|2.4819|3.5037|1.3766 trail=GPU:fp16(fail) GPU:fp32(fail) CPU(ok)
E2EMATRIX RESULT role=det backend=gpu LANDED=CPU engine=ms req=gpu fallback=GPU:fp16 rep=2 match=1 code=苏ED5172 total=37.8400 stages=30.2059|2.1438|3.7594|1.7119 trail=GPU:fp16(fail) GPU:fp32(fail) CPU(ok)
E2EMATRIX LOAD role=det backend=kirin ok=1;id=7;cached=0;name=models/y5fu_320x_head_fp32.ms;backend=CPU;requested=kirin;fallbackFrom=KIRIN_NPU;attemptLog=KIRIN_NPU(fail) CPU(ok);inputName=input;outputName=948;inputShape=[1,320,320,3];outputShape=[1,45,40,40];inputFormat=NHWC;outputFormat=NCHW;inputElems=307200;outputElems=72000;error=
E2EMATRIX RESULT role=det backend=kirin LANDED=CPU engine=ms req=kirin fallback=KIRIN_NPU rep=0 match=1 code=苏ED5172 total=36.4972 stages=28.7313|2.5952|3.7128|1.4445 trail=KIRIN_NPU(fail) CPU(ok)
E2EMATRIX RESULT role=det backend=kirin LANDED=CPU engine=ms req=kirin fallback=KIRIN_NPU rep=1 match=1 code=苏ED5172 total=34.0270 stages=26.6014|2.2370|3.7456|1.4333 trail=KIRIN_NPU(fail) CPU(ok)
E2EMATRIX RESULT role=det backend=kirin LANDED=CPU engine=ms req=kirin fallback=KIRIN_NPU rep=2 match=1 code=苏ED5172 total=46.6516 stages=39.7539|2.1947|3.5306|1.1564 trail=KIRIN_NPU(fail) CPU(ok)
E2EMATRIX LOAD role=rec backend=cpu ok=1;id=8;cached=0;name=models/rpv3_mdict_160_r3.ms;backend=CPU;requested=cpu;fallbackFrom=;attemptLog=CPU(ok);inputName=data;outputName=output;inputShape=[1,48,160,3];outputShape=[1,20,78];inputFormat=NHWC;outputFormat=NHWC;inputElems=23040;outputElems=1560;error=
E2EMATRIX RESULT role=rec backend=cpu LANDED=CPU engine=ms req=cpu fallback= rep=0 match=1 code=苏ED5172 total=48.2850 stages=30.2383|1.5702|15.2770|1.1847 trail=CPU(ok)
E2EMATRIX RESULT role=rec backend=cpu LANDED=CPU engine=ms req=cpu fallback= rep=1 match=1 code=苏ED5172 total=50.1203 stages=31.3228|1.6767|16.0011|1.1061 trail=CPU(ok)
E2EMATRIX RESULT role=rec backend=cpu LANDED=CPU engine=ms req=cpu fallback= rep=2 match=1 code=苏ED5172 total=48.7403 stages=30.5477|1.6583|15.3764|1.1437 trail=CPU(ok)
E2EMATRIX LOAD role=rec backend=nnrt ok=1;id=1;cached=1;name=models/rpv3_mdict_160_r3.ms;backend=NNRT:NPU_ohos.boot.hardware.kirin8020_v2_0;requested=nnrt;fallbackFrom=;attemptLog=NNRT:NPU_ohos.boot.hardware.kirin8020_v2_0(ok);inputName=data;outputName=output;inputShape=[1,48,160,3];outputShape=[1,20,78];inputFormat=NHWC;outputFormat=NHWC;inputElems=23040;outputElems=1560;error=
E2EMATRIX RESULT role=rec backend=nnrt LANDED=NNRT:NPU_ohos.boot.hardware.kirin8020_v2_0 engine=ms req=nnrt fallback= rep=0 match=1 code=苏ED5172 total=36.9869 stages=31.0636|1.5573|3.4372|0.9200 trail=NNRT:NPU_ohos.boot.hardware.kirin8020_v2_0(ok)
E2EMATRIX RESULT role=rec backend=nnrt LANDED=NNRT:NPU_ohos.boot.hardware.kirin8020_v2_0 engine=ms req=nnrt fallback= rep=1 match=1 code=苏ED5172 total=43.7092 stages=38.1116|1.3617|3.2058|1.0209 trail=NNRT:NPU_ohos.boot.hardware.kirin8020_v2_0(ok)
E2EMATRIX RESULT role=rec backend=nnrt LANDED=NNRT:NPU_ohos.boot.hardware.kirin8020_v2_0 engine=ms req=nnrt fallback= rep=2 match=1 code=苏ED5172 total=40.0527 stages=33.9706|1.7259|3.2564|1.0909 trail=NNRT:NPU_ohos.boot.hardware.kirin8020_v2_0(ok)
E2EMATRIX LOAD role=rec backend=nnrt_fp32 ok=1;id=9;cached=0;name=models/rpv3_mdict_160_r3.ms;backend=NNRT:NPU_ohos.boot.hardware.kirin8020_v2_0#fp32;requested=nnrt_fp32;fallbackFrom=;attemptLog=NNRT:NPU_ohos.boot.hardware.kirin8020_v2_0#fp32(ok);inputName=data;outputName=output;inputShape=[1,48,160,3];outputShape=[1,20,78];inputFormat=NHWC;outputFormat=NHWC;inputElems=23040;outputElems=1560;error=
E2EMATRIX RESULT role=rec backend=nnrt_fp32 LANDED=NNRT:NPU_ohos.boot.hardware.kirin8020_v2_0#fp32 engine=ms req=nnrt_fp32 fallback= rep=0 match=1 code=苏ED5172 total=44.3903 stages=38.1777|1.9878|3.2589|0.9548 trail=NNRT:NPU_ohos.boot.hardware.kirin8020_v2_0#fp32(ok)
E2EMATRIX RESULT role=rec backend=nnrt_fp32 LANDED=NNRT:NPU_ohos.boot.hardware.kirin8020_v2_0#fp32 engine=ms req=nnrt_fp32 fallback= rep=1 match=1 code=苏ED5172 total=48.0916 stages=41.6219|2.0075|3.3231|1.1214 trail=NNRT:NPU_ohos.boot.hardware.kirin8020_v2_0#fp32(ok)
E2EMATRIX RESULT role=rec backend=nnrt_fp32 LANDED=NNRT:NPU_ohos.boot.hardware.kirin8020_v2_0#fp32 engine=ms req=nnrt_fp32 fallback= rep=2 match=1 code=苏ED5172 total=40.1845 stages=34.3131|1.6906|3.1673|1.0016 trail=NNRT:NPU_ohos.boot.hardware.kirin8020_v2_0#fp32(ok)
E2EMATRIX LOAD role=rec backend=nnrt_fp16 ok=1;id=10;cached=0;name=models/rpv3_mdict_160_r3.ms;backend=NNRT:NPU_ohos.boot.hardware.kirin8020_v2_0;requested=nnrt_fp16;fallbackFrom=;attemptLog=NNRT:NPU_ohos.boot.hardware.kirin8020_v2_0(ok);inputName=data;outputName=output;inputShape=[1,48,160,3];outputShape=[1,20,78];inputFormat=NHWC;outputFormat=NHWC;inputElems=23040;outputElems=1560;error=
E2EMATRIX RESULT role=rec backend=nnrt_fp16 LANDED=NNRT:NPU_ohos.boot.hardware.kirin8020_v2_0 engine=ms req=nnrt_fp16 fallback= rep=0 match=1 code=苏ED5172 total=51.1052 stages=43.0697|2.9794|3.5558|1.4412 trail=NNRT:NPU_ohos.boot.hardware.kirin8020_v2_0(ok)
E2EMATRIX RESULT role=rec backend=nnrt_fp16 LANDED=NNRT:NPU_ohos.boot.hardware.kirin8020_v2_0 engine=ms req=nnrt_fp16 fallback= rep=1 match=1 code=苏ED5172 total=36.7508 stages=30.8817|1.5856|3.2580|1.0078 trail=NNRT:NPU_ohos.boot.hardware.kirin8020_v2_0(ok)
E2EMATRIX RESULT role=rec backend=nnrt_fp16 LANDED=NNRT:NPU_ohos.boot.hardware.kirin8020_v2_0 engine=ms req=nnrt_fp16 fallback= rep=2 match=1 code=苏ED5172 total=42.1553 stages=36.0548|1.7703|3.2575|1.0617 trail=NNRT:NPU_ohos.boot.hardware.kirin8020_v2_0(ok)
E2EMATRIX LOAD role=rec backend=gpu ok=1;id=11;cached=0;name=models/rpv3_mdict_160_r3.ms;backend=CPU;requested=gpu;fallbackFrom=GPU:fp16;attemptLog=GPU:fp16(fail) GPU:fp32(fail) CPU(ok);inputName=data;outputName=output;inputShape=[1,48,160,3];outputShape=[1,20,78];inputFormat=NHWC;outputFormat=NHWC;inputElems=23040;outputElems=1560;error=
E2EMATRIX RESULT role=rec backend=gpu LANDED=CPU engine=ms req=gpu fallback=GPU:fp16 rep=0 match=1 code=苏ED5172 total=51.6995 stages=26.5414|2.2273|21.8722|1.0425 trail=GPU:fp16(fail) GPU:fp32(fail) CPU(ok)
E2EMATRIX RESULT role=rec backend=gpu LANDED=CPU engine=ms req=gpu fallback=GPU:fp16 rep=1 match=1 code=苏ED5172 total=53.1973 stages=33.8536|1.5748|16.6569|1.0966 trail=GPU:fp16(fail) GPU:fp32(fail) CPU(ok)
E2EMATRIX RESULT role=rec backend=gpu LANDED=CPU engine=ms req=gpu fallback=GPU:fp16 rep=2 match=1 code=苏ED5172 total=54.5362 stages=32.6225|2.1648|18.2902|1.4433 trail=GPU:fp16(fail) GPU:fp32(fail) CPU(ok)
E2EMATRIX LOAD role=rec backend=kirin ok=1;id=12;cached=0;name=models/rpv3_mdict_160_r3.ms;backend=CPU;requested=kirin;fallbackFrom=KIRIN_NPU;attemptLog=KIRIN_NPU(fail) CPU(ok);inputName=data;outputName=output;inputShape=[1,48,160,3];outputShape=[1,20,78];inputFormat=NHWC;outputFormat=NHWC;inputElems=23040;outputElems=1560;error=
E2EMATRIX RESULT role=rec backend=kirin LANDED=CPU engine=ms req=kirin fallback=KIRIN_NPU rep=0 match=1 code=苏ED5172 total=42.8573 stages=27.6205|1.7222|12.2527|1.2469 trail=KIRIN_NPU(fail) CPU(ok)
E2EMATRIX RESULT role=rec backend=kirin LANDED=CPU engine=ms req=kirin fallback=KIRIN_NPU rep=1 match=1 code=苏ED5172 total=55.3000 stages=32.5867|2.1564|19.2423|1.2972 trail=KIRIN_NPU(fail) CPU(ok)
E2EMATRIX RESULT role=rec backend=kirin LANDED=CPU engine=ms req=kirin fallback=KIRIN_NPU rep=2 match=1 code=苏ED5172 total=50.8319 stages=23.9536|2.1714|23.1306|1.5617 trail=KIRIN_NPU(fail) CPU(ok)
E2EMATRIX LOAD role=cls backend=cpu ok=1;id=2;cached=1;name=models/litemodel_cls_96x_r1.ms;backend=CPU;requested=cpu;fallbackFrom=;attemptLog=CPU(ok);inputName=data;outputName=output;inputShape=[1,96,96,3];outputShape=[1,3];inputFormat=NHWC;outputFormat=NCHW;inputElems=27648;outputElems=3;error=
E2EMATRIX RESULT role=cls backend=cpu LANDED=CPU engine=ms req=cpu fallback= rep=0 match=1 code=苏ED5172 total=43.0292 stages=37.0275|1.6997|3.2994|0.9933 trail=CPU(ok)
E2EMATRIX RESULT role=cls backend=cpu LANDED=CPU engine=ms req=cpu fallback= rep=1 match=1 code=苏ED5172 total=41.5509 stages=34.6637|2.1777|3.4072|1.2917 trail=CPU(ok)
E2EMATRIX RESULT role=cls backend=cpu LANDED=CPU engine=ms req=cpu fallback= rep=2 match=1 code=苏ED5172 total=44.0097 stages=37.6503|1.8831|3.3806|1.0842 trail=CPU(ok)
E2EMATRIX LOAD role=cls backend=nnrt ok=1;id=13;cached=0;name=models/litemodel_cls_96x_r1.ms;backend=CPU;requested=nnrt;fallbackFrom=NNRT:NPU_ohos.boot.hardware.kirin8020_v2_0;attemptLog=NNRT:NPU_ohos.boot.hardware.kirin8020_v2_0(fail) NNRT:HIAI_F(fail) CPU(ok);inputName=data;outputName=output;inputShape=[1,96,96,3];outputShape=[1,3];inputFormat=NHWC;outputFormat=NCHW;inputElems=27648;outputElems=3;error=
E2EMATRIX RESULT role=cls backend=nnrt LANDED=CPU engine=ms req=nnrt fallback=NNRT:NPU_ohos.boot.hardware.kirin8020_v2_0 rep=0 match=1 code=苏ED5172 total=40.4853 stages=33.5519|2.1941|3.4717|1.2506 trail=NNRT:NPU_ohos.boot.hardware.kirin8020_v2_0(fail) NNRT:HIAI_F(fail) CPU(ok)
E2EMATRIX RESULT role=cls backend=nnrt LANDED=CPU engine=ms req=nnrt fallback=NNRT:NPU_ohos.boot.hardware.kirin8020_v2_0 rep=1 match=1 code=苏ED5172 total=34.8959 stages=28.6281|1.8092|3.2883|1.1572 trail=NNRT:NPU_ohos.boot.hardware.kirin8020_v2_0(fail) NNRT:HIAI_F(fail) CPU(ok)
E2EMATRIX RESULT role=cls backend=nnrt LANDED=CPU engine=ms req=nnrt fallback=NNRT:NPU_ohos.boot.hardware.kirin8020_v2_0 rep=2 match=1 code=苏ED5172 total=28.9648 stages=21.9283|2.2444|3.5261|1.2488 trail=NNRT:NPU_ohos.boot.hardware.kirin8020_v2_0(fail) NNRT:HIAI_F(fail) CPU(ok)
E2EMATRIX LOAD role=cls backend=nnrt_fp32 ok=1;id=14;cached=0;name=models/litemodel_cls_96x_r1.ms;backend=CPU;requested=nnrt_fp32;fallbackFrom=NNRT:NPU_ohos.boot.hardware.kirin8020_v2_0#fp32;attemptLog=NNRT:NPU_ohos.boot.hardware.kirin8020_v2_0#fp32(fail) NNRT:HIAI_F#fp32(fail) CPU(ok);inputName=data;outputName=output;inputShape=[1,96,96,3];outputShape=[1,3];inputFormat=NHWC;outputFormat=NCHW;inputElems=27648;outputElems=3;error=
E2EMATRIX RESULT role=cls backend=nnrt_fp32 LANDED=CPU engine=ms req=nnrt_fp32 fallback=NNRT:NPU_ohos.boot.hardware.kirin8020_v2_0#fp32 rep=0 match=1 code=苏ED5172 total=47.9963 stages=41.2303|1.5869|4.1263|1.0405 trail=NNRT:NPU_ohos.boot.hardware.kirin8020_v2_0#fp32(fail) NNRT:HIAI_F#fp32(fail) CPU(ok)
E2EMATRIX RESULT role=cls backend=nnrt_fp32 LANDED=CPU engine=ms req=nnrt_fp32 fallback=NNRT:NPU_ohos.boot.hardware.kirin8020_v2_0#fp32 rep=1 match=1 code=苏ED5172 total=40.4095 stages=33.4348|1.8422|3.8577|1.2614 trail=NNRT:NPU_ohos.boot.hardware.kirin8020_v2_0#fp32(fail) NNRT:HIAI_F#fp32(fail) CPU(ok)
E2EMATRIX RESULT role=cls backend=nnrt_fp32 LANDED=CPU engine=ms req=nnrt_fp32 fallback=NNRT:NPU_ohos.boot.hardware.kirin8020_v2_0#fp32 rep=2 match=1 code=苏ED5172 total=29.4472 stages=21.7689|2.8312|3.4508|1.3852 trail=NNRT:NPU_ohos.boot.hardware.kirin8020_v2_0#fp32(fail) NNRT:HIAI_F#fp32(fail) CPU(ok)
E2EMATRIX LOAD role=cls backend=nnrt_fp16 ok=1;id=15;cached=0;name=models/litemodel_cls_96x_r1.ms;backend=CPU;requested=nnrt_fp16;fallbackFrom=NNRT:NPU_ohos.boot.hardware.kirin8020_v2_0;attemptLog=NNRT:NPU_ohos.boot.hardware.kirin8020_v2_0(fail) NNRT:HIAI_F(fail) CPU(ok);inputName=data;outputName=output;inputShape=[1,96,96,3];outputShape=[1,3];inputFormat=NHWC;outputFormat=NCHW;inputElems=27648;outputElems=3;error=
E2EMATRIX RESULT role=cls backend=nnrt_fp16 LANDED=CPU engine=ms req=nnrt_fp16 fallback=NNRT:NPU_ohos.boot.hardware.kirin8020_v2_0 rep=0 match=1 code=苏ED5172 total=38.9717 stages=32.9936|1.5744|3.2909|1.0683 trail=NNRT:NPU_ohos.boot.hardware.kirin8020_v2_0(fail) NNRT:HIAI_F(fail) CPU(ok)
E2EMATRIX RESULT role=cls backend=nnrt_fp16 LANDED=CPU engine=ms req=nnrt_fp16 fallback=NNRT:NPU_ohos.boot.hardware.kirin8020_v2_0 rep=1 match=1 code=苏ED5172 total=37.3017 stages=30.2138|2.1927|3.6562|1.2261 trail=NNRT:NPU_ohos.boot.hardware.kirin8020_v2_0(fail) NNRT:HIAI_F(fail) CPU(ok)
E2EMATRIX RESULT role=cls backend=nnrt_fp16 LANDED=CPU engine=ms req=nnrt_fp16 fallback=NNRT:NPU_ohos.boot.hardware.kirin8020_v2_0 rep=2 match=1 code=苏ED5172 total=39.1034 stages=31.5783|1.9994|4.3880|1.1262 trail=NNRT:NPU_ohos.boot.hardware.kirin8020_v2_0(fail) NNRT:HIAI_F(fail) CPU(ok)
E2EMATRIX LOAD role=cls backend=gpu ok=1;id=16;cached=0;name=models/litemodel_cls_96x_r1.ms;backend=CPU;requested=gpu;fallbackFrom=GPU:fp16;attemptLog=GPU:fp16(fail) GPU:fp32(fail) CPU(ok);inputName=data;outputName=output;inputShape=[1,96,96,3];outputShape=[1,3];inputFormat=NHWC;outputFormat=NCHW;inputElems=27648;outputElems=3;error=
E2EMATRIX RESULT role=cls backend=gpu LANDED=CPU engine=ms req=gpu fallback=GPU:fp16 rep=0 match=1 code=苏ED5172 total=38.2995 stages=31.6927|2.1986|3.2605|1.1322 trail=GPU:fp16(fail) GPU:fp32(fail) CPU(ok)
E2EMATRIX RESULT role=cls backend=gpu LANDED=CPU engine=ms req=gpu fallback=GPU:fp16 rep=1 match=1 code=苏ED5172 total=28.1092 stages=20.9136|2.4036|3.5370|1.2414 trail=GPU:fp16(fail) GPU:fp32(fail) CPU(ok)
E2EMATRIX RESULT role=cls backend=gpu LANDED=CPU engine=ms req=gpu fallback=GPU:fp16 rep=2 match=1 code=苏ED5172 total=50.7553 stages=44.1052|2.0358|3.3369|1.2623 trail=GPU:fp16(fail) GPU:fp32(fail) CPU(ok)
E2EMATRIX LOAD role=cls backend=kirin ok=1;id=17;cached=0;name=models/litemodel_cls_96x_r1.ms;backend=CPU;requested=kirin;fallbackFrom=KIRIN_NPU;attemptLog=KIRIN_NPU(fail) CPU(ok);inputName=data;outputName=output;inputShape=[1,96,96,3];outputShape=[1,3];inputFormat=NHWC;outputFormat=NCHW;inputElems=27648;outputElems=3;error=
E2EMATRIX RESULT role=cls backend=kirin LANDED=CPU engine=ms req=kirin fallback=KIRIN_NPU rep=0 match=1 code=苏ED5172 total=34.7905 stages=28.5470|1.8045|3.3100|1.1181 trail=KIRIN_NPU(fail) CPU(ok)
E2EMATRIX RESULT role=cls backend=kirin LANDED=CPU engine=ms req=kirin fallback=KIRIN_NPU rep=1 match=1 code=苏ED5172 total=35.7917 stages=28.8888|2.3545|3.3998|1.1352 trail=KIRIN_NPU(fail) CPU(ok)
E2EMATRIX RESULT role=cls backend=kirin LANDED=CPU engine=ms req=kirin fallback=KIRIN_NPU rep=2 match=1 code=苏ED5172 total=41.3472 stages=34.3728|2.1734|3.4972|1.2914 trail=KIRIN_NPU(fail) CPU(ok)
E2EMATRIX LOAD role=cls-fp32 backend=cpu ok=1;id=18;cached=0;name=models/litemodel_cls_96x_r1_fp32.ms;backend=CPU;requested=cpu;fallbackFrom=;attemptLog=CPU(ok);inputName=data;outputName=output;inputShape=[1,96,96,3];outputShape=[1,3];inputFormat=NHWC;outputFormat=NCHW;inputElems=27648;outputElems=3;error=
E2EMATRIX RESULT role=cls-fp32 backend=cpu LANDED=CPU engine=ms req=cpu fallback= rep=0 match=1 code=苏ED5172 total=41.7506 stages=35.8911|1.5728|3.2495|1.0272 trail=CPU(ok)
E2EMATRIX RESULT role=cls-fp32 backend=cpu LANDED=CPU engine=ms req=cpu fallback= rep=1 match=1 code=苏ED5172 total=36.5145 stages=30.4959|1.6064|3.4041|1.0013 trail=CPU(ok)
E2EMATRIX RESULT role=cls-fp32 backend=cpu LANDED=CPU engine=ms req=cpu fallback= rep=2 match=1 code=苏ED5172 total=40.8933 stages=34.1608|2.1734|3.4767|1.0747 trail=CPU(ok)
E2EMATRIX LOAD role=cls-fp32 backend=nnrt ok=1;id=19;cached=0;name=models/litemodel_cls_96x_r1_fp32.ms;backend=NNRT:NPU_ohos.boot.hardware.kirin8020_v2_0;requested=nnrt;fallbackFrom=;attemptLog=NNRT:NPU_ohos.boot.hardware.kirin8020_v2_0(ok);inputName=data;outputName=output;inputShape=[1,96,96,3];outputShape=[1,3];inputFormat=NHWC;outputFormat=NCHW;inputElems=27648;outputElems=3;error=
E2EMATRIX RESULT role=cls-fp32 backend=nnrt LANDED=NNRT:NPU_ohos.boot.hardware.kirin8020_v2_0 engine=ms req=nnrt fallback= rep=0 match=1 code=苏ED5172 total=39.5169 stages=32.6305|2.1842|3.4139|1.2756 trail=NNRT:NPU_ohos.boot.hardware.kirin8020_v2_0(ok)
E2EMATRIX RESULT role=cls-fp32 backend=nnrt LANDED=NNRT:NPU_ohos.boot.hardware.kirin8020_v2_0 engine=ms req=nnrt fallback= rep=1 match=1 code=苏ED5172 total=34.1577 stages=28.0541|1.5827|3.3531|1.1619 trail=NNRT:NPU_ohos.boot.hardware.kirin8020_v2_0(ok)
E2EMATRIX RESULT role=cls-fp32 backend=nnrt LANDED=NNRT:NPU_ohos.boot.hardware.kirin8020_v2_0 engine=ms req=nnrt fallback= rep=2 match=1 code=苏ED5172 total=32.9794 stages=26.0830|2.2136|3.4489|1.2255 trail=NNRT:NPU_ohos.boot.hardware.kirin8020_v2_0(ok)
E2EMATRIX LOAD role=cls-fp32 backend=nnrt_fp32 ok=0;backend=nnrt_fp32;error=session cap 20 reached
E2EMATRIX LOAD role=cls-fp32 backend=nnrt_fp16 ok=0;backend=nnrt_fp16;error=session cap 20 reached
E2EMATRIX LOAD role=cls-fp32 backend=gpu ok=0;backend=gpu;error=session cap 20 reached
E2EMATRIX LOAD role=cls-fp32 backend=kirin ok=0;backend=kirin;error=session cap 20 reached
NCNNSLOT LOAD role=rec mode=cpu ok=1;slot=1;layers=252;inputs=in0;outputs=out0;requestedVulkan=0;effectiveVulkan=0;vkLayers=1/252;vkGpuCount=1;vkGpuName=Maleoon_920C;gpuProbe=not requested
NCNNSLOT RESULT role=rec mode=cpu LANDED=CPU engine=ncnn vkReq=0 vk=0 vkLayers=1/252 rep=0 match=1 code=苏ED5172 colour=蓝牌 total=49.5456 stages=36.8009|1.5742|10.0114|1.1459 chars=苏|E|D|5|1|7|2 clsScores=0.0001|0.9998|0.0001
NCNNSLOT RESULT role=rec mode=cpu LANDED=CPU engine=ncnn vkReq=0 vk=0 vkLayers=1/252 rep=1 match=1 code=苏ED5172 colour=蓝牌 total=45.1248 stages=31.6217|1.6006|10.6831|1.2081 chars=苏|E|D|5|1|7|2 clsScores=0.0001|0.9998|0.0001
NCNNSLOT RESULT role=rec mode=cpu LANDED=CPU engine=ncnn vkReq=0 vk=0 vkLayers=1/252 rep=2 match=1 code=苏ED5172 colour=蓝牌 total=42.1503 stages=27.8672|1.6083|11.3825|1.2781 chars=苏|E|D|5|1|7|2 clsScores=0.0001|0.9998|0.0001
NCNNSLOT LOAD role=rec mode=vulkan ok=1;slot=1;layers=252;inputs=in0;outputs=out0;requestedVulkan=1;effectiveVulkan=1;vkLayers=251/252;vkGpuCount=1;vkGpuName=Maleoon_920C;gpuProbe=ok=1;count=1;name=Maleoon 920C;driver=Maleoon 920C;api=4206867;fp16=111
NCNNSLOT RESULT role=rec mode=vulkan LANDED=GPU engine=ncnn vkReq=1 vk=1 vkLayers=251/252 rep=0 match=1 code=苏ED5172 colour=蓝牌 total=100.4708 stages=43.7831|1.4402|49.6598|5.5111 chars=苏|E|D|5|1|7|2 clsScores=0.0001|0.9998|0.0001
NCNNSLOT RESULT role=rec mode=vulkan LANDED=GPU engine=ncnn vkReq=1 vk=1 vkLayers=251/252 rep=1 match=1 code=苏ED5172 colour=蓝牌 total=105.0405 stages=47.7041|2.2175|50.6667|4.4169 chars=苏|E|D|5|1|7|2 clsScores=0.0001|0.9998|0.0001
NCNNSLOT RESULT role=rec mode=vulkan LANDED=GPU engine=ncnn vkReq=1 vk=1 vkLayers=251/252 rep=2 match=1 code=苏ED5172 colour=蓝牌 total=98.0617 stages=32.9659|2.0155|55.5755|7.4528 chars=苏|E|D|5|1|7|2 clsScores=0.0001|0.9998|0.0001
NCNNSLOT LOAD role=cls mode=cpu ok=1;slot=2;layers=78;inputs=in0;outputs=out0;requestedVulkan=0;effectiveVulkan=0;vkLayers=1/78;vkGpuCount=1;vkGpuName=Maleoon_920C;gpuProbe=not requested
NCNNSLOT RESULT role=cls mode=cpu LANDED=CPU engine=ncnn vkReq=0 vk=0 vkLayers=1/78 rep=0 match=1 code=苏ED5172 colour=蓝牌 total=34.0403 stages=27.2666|2.0470|3.4172|1.3031 chars=苏|E|D|5|1|7|2 clsScores=0.0001|0.9998|0.0001
NCNNSLOT RESULT role=cls mode=cpu LANDED=CPU engine=ncnn vkReq=0 vk=0 vkLayers=1/78 rep=1 match=1 code=苏ED5172 colour=蓝牌 total=38.5252 stages=31.4811|2.0738|3.3383|1.6237 chars=苏|E|D|5|1|7|2 clsScores=0.0001|0.9998|0.0001
NCNNSLOT RESULT role=cls mode=cpu LANDED=CPU engine=ncnn vkReq=0 vk=0 vkLayers=1/78 rep=2 match=1 code=苏ED5172 colour=蓝牌 total=34.1166 stages=27.4150|1.7084|3.4772|1.5078 chars=苏|E|D|5|1|7|2 clsScores=0.0001|0.9998|0.0001
NCNNSLOT LOAD role=cls mode=vulkan ok=1;slot=2;layers=78;inputs=in0;outputs=out0;requestedVulkan=1;effectiveVulkan=1;vkLayers=78/78;vkGpuCount=1;vkGpuName=Maleoon_920C;gpuProbe=ok=1;count=1;name=Maleoon 920C;driver=Maleoon 920C;api=4206867;fp16=111
NCNNSLOT RESULT role=cls mode=vulkan LANDED=GPU engine=ncnn vkReq=1 vk=1 vkLayers=78/78 rep=0 match=1 code=苏ED5172 colour=蓝牌 total=53.8183 stages=37.1923|3.5455|3.8544|9.1903 chars=苏|E|D|5|1|7|2 clsScores=0.0001|0.9998|0.0001
NCNNSLOT RESULT role=cls mode=vulkan LANDED=GPU engine=ncnn vkReq=1 vk=1 vkLayers=78/78 rep=1 match=1 code=苏ED5172 colour=蓝牌 total=45.2206 stages=33.2986|1.7202|3.2687|6.8945 chars=苏|E|D|5|1|7|2 clsScores=0.0001|0.9998|0.0001
NCNNSLOT RESULT role=cls mode=vulkan LANDED=GPU engine=ncnn vkReq=1 vk=1 vkLayers=78/78 rep=2 match=1 code=苏ED5172 colour=蓝牌 total=44.0838 stages=31.8847|1.8244|3.4002|6.9686 chars=苏|E|D|5|1|7|2 clsScores=0.0001|0.9998|0.0001
CANN ENUM ok=1;probe=nnrt+hiai;nnrt_runtime=soname;nnrt_core=soname;hiai_foundation=soname;cann_version=108.631.120.010;getAllDevices_rc=0;device_count=2;d0=id=8987859593747354028,name=HIAI_F,type=ACCELERATOR,nameRc=0,typeRc=0;d1=id=13306020061847651998,name=NPU_ohos.boot.hardware.kirin8020_v2_0,type=ACCELERATOR,nameRc=0,typeRc=0;
CANN TRY model=models/probe_hiai_imagenet.om size=2496459 ok=1;bytes=2496459;hiai_compat_code=0;hiai_compat_note=0=compatible,1=incompatible;construct=ok;picked_device=8987859593747354028;picked_device_all0=8987859593747354028;set_device_rc=0;build_rc=0;build_note=0=SUCCESS, else see OH_NN_ReturnCode;executor=ok;in_count=1;out_count=1;in0=name=data,dtype=FLOAT32,shape=[1x3x227x227];out0=name=output_0_prob_0,dtype=FLOAT32,shape=[1x1000x1x1];in_bytes=618348;out_bytes=4000;run_tensors=1in/1out;run_rc=0;run_ms_each=3.687|0.954|1.162;o0_sum=1.0005;o0_argmax=111;o0_max=0.1509;out_note=synthetic-input->argmax NOT meaningful;executor_destroyed=1;destroyed=1;
CANN TRY model=models/probe_om_lprnet.om size=916283 ok=1;bytes=916283;hiai_compat_code=0;hiai_compat_note=0=compatible,1=incompatible;construct=ok;picked_device=8987859593747354028;picked_device_all0=8987859593747354028;set_device_rc=0;build_rc=0;build_note=0=SUCCESS, else see OH_NN_ReturnCode;executor=ok;in_count=1;out_count=1;in0=name=input,dtype=FLOAT32,shape=[1x3x24x94];out0=name=output,dtype=FLOAT32,shape=[1x1x68x18];in_bytes=27072;out_bytes=4896;run_tensors=1in/1out;run_rc=0;run_ms_each=2.035|1.380|1.358;o0_sum=-62362.3169;o0_argmax=1206;o0_max=311.5000;out_note=synthetic-input->argmax NOT meaningful;executor_destroyed=1;destroyed=1;
CANN TRY model=models/probe_om_lprnet_npufix.om size=915413 ok=1;bytes=915413;hiai_compat_code=0;hiai_compat_note=0=compatible,1=incompatible;construct=ok;picked_device=8987859593747354028;picked_device_all0=8987859593747354028;set_device_rc=0;build_rc=0;build_note=0=SUCCESS, else see OH_NN_ReturnCode;executor=ok;in_count=1;out_count=1;in0=name=input,dtype=FLOAT32,shape=[1x3x24x94];out0=name=output,dtype=FLOAT32,shape=[1x1x68x18];in_bytes=27072;out_bytes=4896;run_tensors=1in/1out;run_rc=0;run_ms_each=2.877|1.653|2.024;o0_sum=-62362.3169;o0_argmax=1206;o0_max=311.5000;out_note=synthetic-input->argmax NOT meaningful;executor_destroyed=1;destroyed=1;
CANN TRY model=models/probe_om_det.om size=1948509 ok=1;bytes=1948509;hiai_compat_code=1;hiai_compat_note=0=compatible,1=incompatible;construct=ok;picked_device=8987859593747354028;picked_device_all0=8987859593747354028;set_device_rc=0;build_rc=1;build_note=0=SUCCESS, else see OH_NN_ReturnCode;destroyed=1;
CANN TRY model=models/probe_om_dethead.om size=1010950 ok=1;bytes=1010950;hiai_compat_code=0;hiai_compat_note=0=compatible,1=incompatible;construct=ok;picked_device=8987859593747354028;picked_device_all0=8987859593747354028;set_device_rc=0;build_rc=0;build_note=0=SUCCESS, else see OH_NN_ReturnCode;executor=ok;in_count=1;out_count=3;in0=name=input,dtype=FLOAT32,shape=[1x3x320x320];out0=name=948,dtype=FLOAT32,shape=[1x45x40x40];out1=name=1061,dtype=FLOAT32,shape=[1x45x20x20];out2=name=1174,dtype=FLOAT32,shape=[1x45x10x10];in_bytes=1228800;out_bytes=378000;run_tensors=1in/3out;run_rc=0;run_ms_each=6.352|4.099|4.776;o0_sum=-25055.3415;o0_argmax=28756;o0_max=6.5898;o1_sum=-11325.9309;o1_argmax=11231;o1_max=5.9961;o2_sum=-3700.2237;o2_argmax=2888;o2_max=5.0664;out_note=synthetic-input->argmax NOT meaningful;executor_destroyed=1;destroyed=1;
CANN TRY model=models/probe_om_rec.om size=5041253 ok=1;bytes=5041253;hiai_compat_code=0;hiai_compat_note=0=compatible,1=incompatible;construct=ok;picked_device=8987859593747354028;picked_device_all0=8987859593747354028;set_device_rc=0;build_rc=0;build_note=0=SUCCESS, else see OH_NN_ReturnCode;executor=ok;in_count=1;out_count=1;in0=name=data,dtype=FLOAT32,shape=[1x3x48x160];out0=name=output,dtype=FLOAT32,shape=[1x1x20x78];in_bytes=92160;out_bytes=6240;run_tensors=1in/1out;run_rc=0;run_ms_each=4.719|4.136|5.626;o0_sum=19.9978;o0_argmax=1326;o0_max=0.8359;out_note=synthetic-input->argmax NOT meaningful;executor_destroyed=1;destroyed=1;
CANN TRY model=models/probe_om_cls.om size=841728 ok=1;bytes=841728;hiai_compat_code=0;hiai_compat_note=0=compatible,1=incompatible;construct=ok;picked_device=8987859593747354028;picked_device_all0=8987859593747354028;set_device_rc=0;build_rc=0;build_note=0=SUCCESS, else see OH_NN_ReturnCode;executor=ok;in_count=1;out_count=1;in0=name=data,dtype=FLOAT32,shape=[1x3x96x96];out0=name=output,dtype=FLOAT32,shape=[1x3x1x1];in_bytes=110592;out_bytes=12;run_tensors=1in/1out;run_rc=0;run_ms_each=1.726|0.959|0.805;o0_sum=0.9981;o0_argmax=0;o0_max=0.9980;out_note=synthetic-input->argmax NOT meaningful;executor_destroyed=1;destroyed=1;
CANN TRY model=models/y5fu_320x_head_fp32.ms size=1847336 ok=1;bytes=1847336;hiai_compat_code=1;hiai_compat_note=0=compatible,1=incompatible;construct=ok;picked_device=8987859593747354028;picked_device_all0=8987859593747354028;set_device_rc=0;build_rc=1;build_note=0=SUCCESS, else see OH_NN_ReturnCode;destroyed=1;
CANN TRY model=models/rpv3_mdict_160_r3.ms size=4480304 ok=1;bytes=4480304;hiai_compat_code=1;hiai_compat_note=0=compatible,1=incompatible;construct=ok;picked_device=8987859593747354028;picked_device_all0=8987859593747354028;set_device_rc=0;build_rc=1;build_note=0=SUCCESS, else see OH_NN_ReturnCode;destroyed=1;
CANN TRY model=models/litemodel_cls_96x_r1.ms size=817432 ok=1;bytes=817432;hiai_compat_code=1;hiai_compat_note=0=compatible,1=incompatible;construct=ok;picked_device=8987859593747354028;picked_device_all0=8987859593747354028;set_device_rc=0;build_rc=1;build_note=0=SUCCESS, else see OH_NN_ReturnCode;destroyed=1;
E2EMATRIX LOAD role=det backend=cpu ok=1;id=0;cached=1;name=models/y5fu_320x_head_fp32.ms;backend=CPU;requested=cpu;fallbackFrom=;attemptLog=CPU(ok);inputName=input;outputName=948;inputShape=[1,320,320,3];outputShape=[1,45,40,40];inputFormat=NHWC;outputFormat=NCHW;inputElems=307200;outputElems=72000;error=
E2EMATRIX RESULT role=det backend=cpu LANDED=CPU engine=ms req=cpu fallback= rep=0 match=1 code=苏ED5172 total=38.1094 stages=30.9322|2.4186|3.3948|1.3508 trail=CPU(ok)
E2EMATRIX RESULT role=det backend=cpu LANDED=CPU engine=ms req=cpu fallback= rep=1 match=1 code=苏ED5172 total=37.0964 stages=30.2420|2.1736|3.4677|1.1988 trail=CPU(ok)
E2EMATRIX RESULT role=det backend=cpu LANDED=CPU engine=ms req=cpu fallback= rep=2 match=1 code=苏ED5172 total=61.1395 stages=44.1156|7.7817|5.2491|3.9645 trail=CPU(ok)
E2EMATRIX LOAD role=det backend=nnrt ok=1;id=3;cached=1;name=models/y5fu_320x_head_fp32.ms;backend=NNRT:NPU_ohos.boot.hardware.kirin8020_v2_0;requested=nnrt;fallbackFrom=;attemptLog=NNRT:NPU_ohos.boot.hardware.kirin8020_v2_0(ok);inputName=input;outputName=948;inputShape=[1,320,320,3];outputShape=[1,45,40,40];inputFormat=NHWC;outputFormat=NCHW;inputElems=307200;outputElems=72000;error=
E2EMATRIX RESULT role=det backend=nnrt LANDED=NNRT:NPU_ohos.boot.hardware.kirin8020_v2_0 engine=ms req=nnrt fallback= rep=0 match=0 code=苏E05172 total=36.3195 stages=19.1758|7.7422|5.1669|4.2042 trail=NNRT:NPU_ohos.boot.hardware.kirin8020_v2_0(ok)
E2EMATRIX RESULT role=det backend=nnrt LANDED=NNRT:NPU_ohos.boot.hardware.kirin8020_v2_0 engine=ms req=nnrt fallback= rep=1 match=0 code=苏E05172 total=26.0764 stages=16.5675|4.9575|3.2439|1.2969 trail=NNRT:NPU_ohos.boot.hardware.kirin8020_v2_0(ok)
E2EMATRIX RESULT role=det backend=nnrt LANDED=NNRT:NPU_ohos.boot.hardware.kirin8020_v2_0 engine=ms req=nnrt fallback= rep=2 match=0 code=苏E05172 total=33.1650 stages=16.2869|7.5898|5.2252|4.0347 trail=NNRT:NPU_ohos.boot.hardware.kirin8020_v2_0(ok)
E2EMATRIX LOAD role=det backend=nnrt_fp32 ok=1;id=4;cached=0;name=models/y5fu_320x_head_fp32.ms;backend=NNRT:NPU_ohos.boot.hardware.kirin8020_v2_0#fp32;requested=nnrt_fp32;fallbackFrom=;attemptLog=NNRT:NPU_ohos.boot.hardware.kirin8020_v2_0#fp32(ok);inputName=input;outputName=948;inputShape=[1,320,320,3];outputShape=[1,45,40,40];inputFormat=NHWC;outputFormat=NCHW;inputElems=307200;outputElems=72000;error=
E2EMATRIX RESULT role=det backend=nnrt_fp32 LANDED=NNRT:NPU_ohos.boot.hardware.kirin8020_v2_0#fp32 engine=ms req=nnrt_fp32 fallback= rep=0 match=0 code=苏E05172 total=17.6036 stages=9.1306|2.1531|3.7816|2.5188 trail=NNRT:NPU_ohos.boot.hardware.kirin8020_v2_0#fp32(ok)
E2EMATRIX RESULT role=det backend=nnrt_fp32 LANDED=NNRT:NPU_ohos.boot.hardware.kirin8020_v2_0#fp32 engine=ms req=nnrt_fp32 fallback= rep=1 match=0 code=苏E05172 total=33.3220 stages=16.9814|6.1436|5.1580|4.9811 trail=NNRT:NPU_ohos.boot.hardware.kirin8020_v2_0#fp32(ok)
E2EMATRIX RESULT role=det backend=nnrt_fp32 LANDED=NNRT:NPU_ohos.boot.hardware.kirin8020_v2_0#fp32 engine=ms req=nnrt_fp32 fallback= rep=2 match=0 code=苏E05172 total=16.8839 stages=9.4441|2.1642|3.3370|1.9236 trail=NNRT:NPU_ohos.boot.hardware.kirin8020_v2_0#fp32(ok)
E2EMATRIX LOAD role=det backend=nnrt_fp16 ok=1;id=5;cached=0;name=models/y5fu_320x_head_fp32.ms;backend=NNRT:NPU_ohos.boot.hardware.kirin8020_v2_0;requested=nnrt_fp16;fallbackFrom=;attemptLog=NNRT:NPU_ohos.boot.hardware.kirin8020_v2_0(ok);inputName=input;outputName=948;inputShape=[1,320,320,3];outputShape=[1,45,40,40];inputFormat=NHWC;outputFormat=NCHW;inputElems=307200;outputElems=72000;error=
E2EMATRIX RESULT role=det backend=nnrt_fp16 LANDED=NNRT:NPU_ohos.boot.hardware.kirin8020_v2_0 engine=ms req=nnrt_fp16 fallback= rep=0 match=0 code=苏E05172 total=20.5263 stages=10.3650|3.6230|4.0905|2.4217 trail=NNRT:NPU_ohos.boot.hardware.kirin8020_v2_0(ok)
E2EMATRIX RESULT role=det backend=nnrt_fp16 LANDED=NNRT:NPU_ohos.boot.hardware.kirin8020_v2_0 engine=ms req=nnrt_fp16 fallback= rep=1 match=0 code=苏E05172 total=25.0342 stages=14.0216|4.5733|5.1184|1.3059 trail=NNRT:NPU_ohos.boot.hardware.kirin8020_v2_0(ok)
E2EMATRIX RESULT role=det backend=nnrt_fp16 LANDED=NNRT:NPU_ohos.boot.hardware.kirin8020_v2_0 engine=ms req=nnrt_fp16 fallback= rep=2 match=0 code=苏E05172 total=25.1734 stages=13.3606|5.4248|4.1783|2.1889 trail=NNRT:NPU_ohos.boot.hardware.kirin8020_v2_0(ok)
E2EMATRIX LOAD role=det backend=gpu ok=1;id=6;cached=0;name=models/y5fu_320x_head_fp32.ms;backend=CPU;requested=gpu;fallbackFrom=GPU:fp16;attemptLog=GPU:fp16(fail) GPU:fp32(fail) CPU(ok);inputName=input;outputName=948;inputShape=[1,320,320,3];outputShape=[1,45,40,40];inputFormat=NHWC;outputFormat=NCHW;inputElems=307200;outputElems=72000;error=
E2EMATRIX RESULT role=det backend=gpu LANDED=CPU engine=ms req=gpu fallback=GPU:fp16 rep=0 match=1 code=苏ED5172 total=41.4005 stages=34.3920|2.2469|3.5048|1.2469 trail=GPU:fp16(fail) GPU:fp32(fail) CPU(ok)
E2EMATRIX RESULT role=det backend=gpu LANDED=CPU engine=ms req=gpu fallback=GPU:fp16 rep=1 match=1 code=苏ED5172 total=35.7264 stages=26.3809|2.8802|5.1866|1.2655 trail=GPU:fp16(fail) GPU:fp32(fail) CPU(ok)
E2EMATRIX RESULT role=det backend=gpu LANDED=CPU engine=ms req=gpu fallback=GPU:fp16 rep=2 match=1 code=苏ED5172 total=38.1631 stages=30.8428|2.5203|3.4770|1.3105 trail=GPU:fp16(fail) GPU:fp32(fail) CPU(ok)
E2EMATRIX LOAD role=det backend=kirin ok=1;id=7;cached=0;name=models/y5fu_320x_head_fp32.ms;backend=CPU;requested=kirin;fallbackFrom=KIRIN_NPU;attemptLog=KIRIN_NPU(fail) CPU(ok);inputName=input;outputName=948;inputShape=[1,320,320,3];outputShape=[1,45,40,40];inputFormat=NHWC;outputFormat=NCHW;inputElems=307200;outputElems=72000;error=
E2EMATRIX RESULT role=det backend=kirin LANDED=CPU engine=ms req=kirin fallback=KIRIN_NPU rep=0 match=1 code=苏ED5172 total=32.2027 stages=25.4011|2.1897|3.4800|1.1198 trail=KIRIN_NPU(fail) CPU(ok)
E2EMATRIX RESULT role=det backend=kirin LANDED=CPU engine=ms req=kirin fallback=KIRIN_NPU rep=1 match=1 code=苏ED5172 total=36.7686 stages=29.8108|2.1602|3.5100|1.2777 trail=KIRIN_NPU(fail) CPU(ok)
E2EMATRIX RESULT role=det backend=kirin LANDED=CPU engine=ms req=kirin fallback=KIRIN_NPU rep=2 match=1 code=苏ED5172 total=35.8525 stages=26.2280|2.8025|3.8627|2.9441 trail=KIRIN_NPU(fail) CPU(ok)
E2EMATRIX LOAD role=rec backend=cpu ok=1;id=8;cached=0;name=models/rpv3_mdict_160_r3.ms;backend=CPU;requested=cpu;fallbackFrom=;attemptLog=CPU(ok);inputName=data;outputName=output;inputShape=[1,48,160,3];outputShape=[1,20,78];inputFormat=NHWC;outputFormat=NHWC;inputElems=23040;outputElems=1560;error=
E2EMATRIX RESULT role=rec backend=cpu LANDED=CPU engine=ms req=cpu fallback= rep=0 match=1 code=苏ED5172 total=99.1633 stages=51.8345|2.1722|43.8289|1.3084 trail=CPU(ok)
E2EMATRIX RESULT role=rec backend=cpu LANDED=CPU engine=ms req=cpu fallback= rep=1 match=1 code=苏ED5172 total=100.8805 stages=47.9316|7.7330|43.1956|2.0019 trail=CPU(ok)
E2EMATRIX RESULT role=rec backend=cpu LANDED=CPU engine=ms req=cpu fallback= rep=2 match=1 code=苏ED5172 total=84.1667 stages=48.3587|7.6884|26.5567|1.5487 trail=CPU(ok)
E2EMATRIX LOAD role=rec backend=nnrt ok=1;id=1;cached=1;name=models/rpv3_mdict_160_r3.ms;backend=NNRT:NPU_ohos.boot.hardware.kirin8020_v2_0;requested=nnrt;fallbackFrom=;attemptLog=NNRT:NPU_ohos.boot.hardware.kirin8020_v2_0(ok);inputName=data;outputName=output;inputShape=[1,48,160,3];outputShape=[1,20,78];inputFormat=NHWC;outputFormat=NHWC;inputElems=23040;outputElems=1560;error=
E2EMATRIX RESULT role=rec backend=nnrt LANDED=NNRT:NPU_ohos.boot.hardware.kirin8020_v2_0 engine=ms req=nnrt fallback= rep=0 match=1 code=苏ED5172 total=50.3203 stages=43.3464|2.1695|3.6716|1.1245 trail=NNRT:NPU_ohos.boot.hardware.kirin8020_v2_0(ok)
E2EMATRIX RESULT role=rec backend=nnrt LANDED=NNRT:NPU_ohos.boot.hardware.kirin8020_v2_0 engine=ms req=nnrt fallback= rep=1 match=1 code=苏ED5172 total=35.4078 stages=29.2400|1.7591|3.2997|1.0994 trail=NNRT:NPU_ohos.boot.hardware.kirin8020_v2_0(ok)
E2EMATRIX RESULT role=rec backend=nnrt LANDED=NNRT:NPU_ohos.boot.hardware.kirin8020_v2_0 engine=ms req=nnrt fallback= rep=2 match=1 code=苏ED5172 total=47.4398 stages=39.9712|2.0284|4.3333|1.0947 trail=NNRT:NPU_ohos.boot.hardware.kirin8020_v2_0(ok)
E2EMATRIX LOAD role=rec backend=nnrt_fp32 ok=1;id=9;cached=0;name=models/rpv3_mdict_160_r3.ms;backend=NNRT:NPU_ohos.boot.hardware.kirin8020_v2_0#fp32;requested=nnrt_fp32;fallbackFrom=;attemptLog=NNRT:NPU_ohos.boot.hardware.kirin8020_v2_0#fp32(ok);inputName=data;outputName=output;inputShape=[1,48,160,3];outputShape=[1,20,78];inputFormat=NHWC;outputFormat=NHWC;inputElems=23040;outputElems=1560;error=
E2EMATRIX RESULT role=rec backend=nnrt_fp32 LANDED=NNRT:NPU_ohos.boot.hardware.kirin8020_v2_0#fp32 engine=ms req=nnrt_fp32 fallback= rep=0 match=1 code=苏ED5172 total=44.3483 stages=38.5611|1.5641|3.2308|0.9811 trail=NNRT:NPU_ohos.boot.hardware.kirin8020_v2_0#fp32(ok)
E2EMATRIX RESULT role=rec backend=nnrt_fp32 LANDED=NNRT:NPU_ohos.boot.hardware.kirin8020_v2_0#fp32 engine=ms req=nnrt_fp32 fallback= rep=1 match=1 code=苏ED5172 total=44.1858 stages=37.7991|1.8717|3.3131|1.1852 trail=NNRT:NPU_ohos.boot.hardware.kirin8020_v2_0#fp32(ok)
E2EMATRIX RESULT role=rec backend=nnrt_fp32 LANDED=NNRT:NPU_ohos.boot.hardware.kirin8020_v2_0#fp32 engine=ms req=nnrt_fp32 fallback= rep=2 match=1 code=苏ED5172 total=39.8830 stages=34.1320|1.5639|3.1928|0.9848 trail=NNRT:NPU_ohos.boot.hardware.kirin8020_v2_0#fp32(ok)
E2EMATRIX LOAD role=rec backend=nnrt_fp16 ok=1;id=10;cached=0;name=models/rpv3_mdict_160_r3.ms;backend=NNRT:NPU_ohos.boot.hardware.kirin8020_v2_0;requested=nnrt_fp16;fallbackFrom=;attemptLog=NNRT:NPU_ohos.boot.hardware.kirin8020_v2_0(ok);inputName=data;outputName=output;inputShape=[1,48,160,3];outputShape=[1,20,78];inputFormat=NHWC;outputFormat=NHWC;inputElems=23040;outputElems=1560;error=
E2EMATRIX RESULT role=rec backend=nnrt_fp16 LANDED=NNRT:NPU_ohos.boot.hardware.kirin8020_v2_0 engine=ms req=nnrt_fp16 fallback= rep=0 match=1 code=苏ED5172 total=74.0222 stages=64.4683|2.0120|6.0422|1.4836 trail=NNRT:NPU_ohos.boot.hardware.kirin8020_v2_0(ok)
E2EMATRIX RESULT role=rec backend=nnrt_fp16 LANDED=NNRT:NPU_ohos.boot.hardware.kirin8020_v2_0 engine=ms req=nnrt_fp16 fallback= rep=1 match=1 code=苏ED5172 total=46.2381 stages=39.4284|2.1905|3.3220|1.2763 trail=NNRT:NPU_ohos.boot.hardware.kirin8020_v2_0(ok)
E2EMATRIX RESULT role=rec backend=nnrt_fp16 LANDED=NNRT:NPU_ohos.boot.hardware.kirin8020_v2_0 engine=ms req=nnrt_fp16 fallback= rep=2 match=1 code=苏ED5172 total=41.0688 stages=34.0470|2.1542|3.4823|1.3720 trail=NNRT:NPU_ohos.boot.hardware.kirin8020_v2_0(ok)
E2EMATRIX LOAD role=rec backend=gpu ok=1;id=11;cached=0;name=models/rpv3_mdict_160_r3.ms;backend=CPU;requested=gpu;fallbackFrom=GPU:fp16;attemptLog=GPU:fp16(fail) GPU:fp32(fail) CPU(ok);inputName=data;outputName=output;inputShape=[1,48,160,3];outputShape=[1,20,78];inputFormat=NHWC;outputFormat=NHWC;inputElems=23040;outputElems=1560;error=
E2EMATRIX RESULT role=rec backend=gpu LANDED=CPU engine=ms req=gpu fallback=GPU:fp16 rep=0 match=1 code=苏ED5172 total=62.7622 stages=43.5205|1.8283|16.0970|1.3025 trail=GPU:fp16(fail) GPU:fp32(fail) CPU(ok)
E2EMATRIX RESULT role=rec backend=gpu LANDED=CPU engine=ms req=gpu fallback=GPU:fp16 rep=1 match=1 code=苏ED5172 total=56.8014 stages=33.1189|2.1652|20.3234|1.1797 trail=GPU:fp16(fail) GPU:fp32(fail) CPU(ok)
E2EMATRIX RESULT role=rec backend=gpu LANDED=CPU engine=ms req=gpu fallback=GPU:fp16 rep=2 match=1 code=苏ED5172 total=57.5131 stages=35.7780|1.8908|18.6400|1.1884 trail=GPU:fp16(fail) GPU:fp32(fail) CPU(ok)
E2EMATRIX LOAD role=rec backend=kirin ok=1;id=12;cached=0;name=models/rpv3_mdict_160_r3.ms;backend=CPU;requested=kirin;fallbackFrom=KIRIN_NPU;attemptLog=KIRIN_NPU(fail) CPU(ok);inputName=data;outputName=output;inputShape=[1,48,160,3];outputShape=[1,20,78];inputFormat=NHWC;outputFormat=NHWC;inputElems=23040;outputElems=1560;error=
E2EMATRIX RESULT role=rec backend=kirin LANDED=CPU engine=ms req=kirin fallback=KIRIN_NPU rep=0 match=1 code=苏ED5172 total=60.2767 stages=41.7041|1.6886|15.8564|1.0144 trail=KIRIN_NPU(fail) CPU(ok)
E2EMATRIX RESULT role=rec backend=kirin LANDED=CPU engine=ms req=kirin fallback=KIRIN_NPU rep=1 match=1 code=苏ED5172 total=57.6631 stages=36.5069|1.8581|18.0580|1.2242 trail=KIRIN_NPU(fail) CPU(ok)
E2EMATRIX RESULT role=rec backend=kirin LANDED=CPU engine=ms req=kirin fallback=KIRIN_NPU rep=2 match=1 code=苏ED5172 total=57.1628 stages=36.9952|1.9619|17.0967|1.0941 trail=KIRIN_NPU(fail) CPU(ok)
E2EMATRIX LOAD role=cls backend=cpu ok=1;id=2;cached=1;name=models/litemodel_cls_96x_r1.ms;backend=CPU;requested=cpu;fallbackFrom=;attemptLog=CPU(ok);inputName=data;outputName=output;inputShape=[1,96,96,3];outputShape=[1,3];inputFormat=NHWC;outputFormat=NCHW;inputElems=27648;outputElems=3;error=
E2EMATRIX RESULT role=cls backend=cpu LANDED=CPU engine=ms req=cpu fallback= rep=0 match=1 code=苏ED5172 total=36.8611 stages=30.1902|2.1813|3.3792|1.1002 trail=CPU(ok)
E2EMATRIX RESULT role=cls backend=cpu LANDED=CPU engine=ms req=cpu fallback= rep=1 match=1 code=苏ED5172 total=36.6872 stages=29.9883|2.2089|3.4319|1.0464 trail=CPU(ok)
E2EMATRIX RESULT role=cls backend=cpu LANDED=CPU engine=ms req=cpu fallback= rep=2 match=1 code=苏ED5172 total=34.0669 stages=27.1816|2.0616|3.6369|1.1750 trail=CPU(ok)
E2EMATRIX LOAD role=cls backend=nnrt ok=1;id=13;cached=0;name=models/litemodel_cls_96x_r1.ms;backend=CPU;requested=nnrt;fallbackFrom=NNRT:NPU_ohos.boot.hardware.kirin8020_v2_0;attemptLog=NNRT:NPU_ohos.boot.hardware.kirin8020_v2_0(fail) NNRT:HIAI_F(fail) CPU(ok);inputName=data;outputName=output;inputShape=[1,96,96,3];outputShape=[1,3];inputFormat=NHWC;outputFormat=NCHW;inputElems=27648;outputElems=3;error=
E2EMATRIX RESULT role=cls backend=nnrt LANDED=CPU engine=ms req=nnrt fallback=NNRT:NPU_ohos.boot.hardware.kirin8020_v2_0 rep=0 match=1 code=苏ED5172 total=46.1261 stages=38.5308|2.6892|3.6853|1.2075 trail=NNRT:NPU_ohos.boot.hardware.kirin8020_v2_0(fail) NNRT:HIAI_F(fail) CPU(ok)
E2EMATRIX RESULT role=cls backend=nnrt LANDED=CPU engine=ms req=nnrt fallback=NNRT:NPU_ohos.boot.hardware.kirin8020_v2_0 rep=1 match=1 code=苏ED5172 total=66.0089 stages=48.8881|7.9631|5.4444|3.6184 trail=NNRT:NPU_ohos.boot.hardware.kirin8020_v2_0(fail) NNRT:HIAI_F(fail) CPU(ok)
E2EMATRIX RESULT role=cls backend=nnrt LANDED=CPU engine=ms req=nnrt fallback=NNRT:NPU_ohos.boot.hardware.kirin8020_v2_0 rep=2 match=1 code=苏ED5172 total=42.2445 stages=35.6345|2.0391|3.3706|1.1873 trail=NNRT:NPU_ohos.boot.hardware.kirin8020_v2_0(fail) NNRT:HIAI_F(fail) CPU(ok)
E2EMATRIX LOAD role=cls backend=nnrt_fp32 ok=1;id=14;cached=0;name=models/litemodel_cls_96x_r1.ms;backend=CPU;requested=nnrt_fp32;fallbackFrom=NNRT:NPU_ohos.boot.hardware.kirin8020_v2_0#fp32;attemptLog=NNRT:NPU_ohos.boot.hardware.kirin8020_v2_0#fp32(fail) NNRT:HIAI_F#fp32(fail) CPU(ok);inputName=data;outputName=output;inputShape=[1,96,96,3];outputShape=[1,3];inputFormat=NHWC;outputFormat=NCHW;inputElems=27648;outputElems=3;error=
E2EMATRIX RESULT role=cls backend=nnrt_fp32 LANDED=CPU engine=ms req=nnrt_fp32 fallback=NNRT:NPU_ohos.boot.hardware.kirin8020_v2_0#fp32 rep=0 match=1 code=苏ED5172 total=48.9725 stages=41.8809|2.2030|3.5277|1.3422 trail=NNRT:NPU_ohos.boot.hardware.kirin8020_v2_0#fp32(fail) NNRT:HIAI_F#fp32(fail) CPU(ok)
E2EMATRIX RESULT role=cls backend=nnrt_fp32 LANDED=CPU engine=ms req=nnrt_fp32 fallback=NNRT:NPU_ohos.boot.hardware.kirin8020_v2_0#fp32 rep=1 match=1 code=苏ED5172 total=40.1083 stages=31.6022|2.1761|3.5817|1.2820 trail=NNRT:NPU_ohos.boot.hardware.kirin8020_v2_0#fp32(fail) NNRT:HIAI_F#fp32(fail) CPU(ok)
E2EMATRIX RESULT role=cls backend=nnrt_fp32 LANDED=CPU engine=ms req=nnrt_fp32 fallback=NNRT:NPU_ohos.boot.hardware.kirin8020_v2_0#fp32 rep=2 match=1 code=苏ED5172 total=79.4714 stages=62.4194|7.6091|5.2028|4.2059 trail=NNRT:NPU_ohos.boot.hardware.kirin8020_v2_0#fp32(fail) NNRT:HIAI_F#fp32(fail) CPU(ok)
E2EMATRIX LOAD role=cls backend=nnrt_fp16 ok=1;id=15;cached=0;name=models/litemodel_cls_96x_r1.ms;backend=CPU;requested=nnrt_fp16;fallbackFrom=NNRT:NPU_ohos.boot.hardware.kirin8020_v2_0;attemptLog=NNRT:NPU_ohos.boot.hardware.kirin8020_v2_0(fail) NNRT:HIAI_F(fail) CPU(ok);inputName=data;outputName=output;inputShape=[1,96,96,3];outputShape=[1,3];inputFormat=NHWC;outputFormat=NCHW;inputElems=27648;outputElems=3;error=
E2EMATRIX RESULT role=cls backend=nnrt_fp16 LANDED=CPU engine=ms req=nnrt_fp16 fallback=NNRT:NPU_ohos.boot.hardware.kirin8020_v2_0 rep=0 match=1 code=苏ED5172 total=60.4002 stages=53.3155|2.1716|3.5553|1.3405 trail=NNRT:NPU_ohos.boot.hardware.kirin8020_v2_0(fail) NNRT:HIAI_F(fail) CPU(ok)
E2EMATRIX RESULT role=cls backend=nnrt_fp16 LANDED=CPU engine=ms req=nnrt_fp16 fallback=NNRT:NPU_ohos.boot.hardware.kirin8020_v2_0 rep=1 match=1 code=苏ED5172 total=45.8116 stages=38.8563|2.2447|3.4784|1.2216 trail=NNRT:NPU_ohos.boot.hardware.kirin8020_v2_0(fail) NNRT:HIAI_F(fail) CPU(ok)
E2EMATRIX RESULT role=cls backend=nnrt_fp16 LANDED=CPU engine=ms req=nnrt_fp16 fallback=NNRT:NPU_ohos.boot.hardware.kirin8020_v2_0 rep=2 match=1 code=苏ED5172 total=40.1539 stages=33.5408|2.0197|3.4661|1.1120 trail=NNRT:NPU_ohos.boot.hardware.kirin8020_v2_0(fail) NNRT:HIAI_F(fail) CPU(ok)
E2EMATRIX LOAD role=cls backend=gpu ok=1;id=16;cached=0;name=models/litemodel_cls_96x_r1.ms;backend=CPU;requested=gpu;fallbackFrom=GPU:fp16;attemptLog=GPU:fp16(fail) GPU:fp32(fail) CPU(ok);inputName=data;outputName=output;inputShape=[1,96,96,3];outputShape=[1,3];inputFormat=NHWC;outputFormat=NCHW;inputElems=27648;outputElems=3;error=
E2EMATRIX RESULT role=cls backend=gpu LANDED=CPU engine=ms req=gpu fallback=GPU:fp16 rep=0 match=1 code=苏ED5172 total=45.9005 stages=39.4219|1.9122|3.3622|1.1880 trail=GPU:fp16(fail) GPU:fp32(fail) CPU(ok)
E2EMATRIX RESULT role=cls backend=gpu LANDED=CPU engine=ms req=gpu fallback=GPU:fp16 rep=1 match=1 code=苏ED5172 total=39.4970 stages=33.5213|1.6612|3.2847|1.0203 trail=GPU:fp16(fail) GPU:fp32(fail) CPU(ok)
E2EMATRIX RESULT role=cls backend=gpu LANDED=CPU engine=ms req=gpu fallback=GPU:fp16 rep=2 match=1 code=苏ED5172 total=36.4487 stages=30.0064|2.0114|3.4106|1.0092 trail=GPU:fp16(fail) GPU:fp32(fail) CPU(ok)
E2EMATRIX LOAD role=cls backend=kirin ok=1;id=17;cached=0;name=models/litemodel_cls_96x_r1.ms;backend=CPU;requested=kirin;fallbackFrom=KIRIN_NPU;attemptLog=KIRIN_NPU(fail) CPU(ok);inputName=data;outputName=output;inputShape=[1,96,96,3];outputShape=[1,3];inputFormat=NHWC;outputFormat=NCHW;inputElems=27648;outputElems=3;error=
E2EMATRIX RESULT role=cls backend=kirin LANDED=CPU engine=ms req=kirin fallback=KIRIN_NPU rep=0 match=1 code=苏ED5172 total=44.2831 stages=37.8523|1.7236|3.5798|1.1169 trail=KIRIN_NPU(fail) CPU(ok)
E2EMATRIX RESULT role=cls backend=kirin LANDED=CPU engine=ms req=kirin fallback=KIRIN_NPU rep=1 match=1 code=苏ED5172 total=38.5802 stages=31.6492|1.6123|4.2919|1.0131 trail=KIRIN_NPU(fail) CPU(ok)
E2EMATRIX RESULT role=cls backend=kirin LANDED=CPU engine=ms req=kirin fallback=KIRIN_NPU rep=2 match=1 code=苏ED5172 total=34.5036 stages=27.4903|2.1700|3.4797|1.3495 trail=KIRIN_NPU(fail) CPU(ok)
E2EMATRIX LOAD role=cls-fp32 backend=cpu ok=1;id=18;cached=0;name=models/litemodel_cls_96x_r1_fp32.ms;backend=CPU;requested=cpu;fallbackFrom=;attemptLog=CPU(ok);inputName=data;outputName=output;inputShape=[1,96,96,3];outputShape=[1,3];inputFormat=NHWC;outputFormat=NCHW;inputElems=27648;outputElems=3;error=
E2EMATRIX RESULT role=cls-fp32 backend=cpu LANDED=CPU engine=ms req=cpu fallback= rep=0 match=1 code=苏ED5172 total=41.6886 stages=35.0103|2.0373|3.4363|1.1887 trail=CPU(ok)
E2EMATRIX RESULT role=cls-fp32 backend=cpu LANDED=CPU engine=ms req=cpu fallback= rep=1 match=1 code=苏ED5172 total=39.7763 stages=33.4850|1.8308|3.3438|1.1073 trail=CPU(ok)
E2EMATRIX RESULT role=cls-fp32 backend=cpu LANDED=CPU engine=ms req=cpu fallback= rep=2 match=1 code=苏ED5172 total=40.2808 stages=33.9767|1.8256|3.3644|1.1016 trail=CPU(ok)
E2EMATRIX LOAD role=cls-fp32 backend=nnrt ok=1;id=19;cached=0;name=models/litemodel_cls_96x_r1_fp32.ms;backend=NNRT:NPU_ohos.boot.hardware.kirin8020_v2_0;requested=nnrt;fallbackFrom=;attemptLog=NNRT:NPU_ohos.boot.hardware.kirin8020_v2_0(ok);inputName=data;outputName=output;inputShape=[1,96,96,3];outputShape=[1,3];inputFormat=NHWC;outputFormat=NCHW;inputElems=27648;outputElems=3;error=
E2EMATRIX RESULT role=cls-fp32 backend=nnrt LANDED=NNRT:NPU_ohos.boot.hardware.kirin8020_v2_0 engine=ms req=nnrt fallback= rep=0 match=1 code=苏ED5172 total=39.7192 stages=33.2670|1.9002|3.3666|1.1755 trail=NNRT:NPU_ohos.boot.hardware.kirin8020_v2_0(ok)
E2EMATRIX RESULT role=cls-fp32 backend=nnrt LANDED=NNRT:NPU_ohos.boot.hardware.kirin8020_v2_0 engine=ms req=nnrt fallback= rep=1 match=1 code=苏ED5172 total=37.9448 stages=31.0484|2.1830|3.4889|1.2158 trail=NNRT:NPU_ohos.boot.hardware.kirin8020_v2_0(ok)
E2EMATRIX RESULT role=cls-fp32 backend=nnrt LANDED=NNRT:NPU_ohos.boot.hardware.kirin8020_v2_0 engine=ms req=nnrt fallback= rep=2 match=1 code=苏ED5172 total=35.9723 stages=29.7298|1.6812|3.4011|1.1528 trail=NNRT:NPU_ohos.boot.hardware.kirin8020_v2_0(ok)
E2EMATRIX LOAD role=cls-fp32 backend=nnrt_fp32 ok=0;backend=nnrt_fp32;error=session cap 20 reached
E2EMATRIX LOAD role=cls-fp32 backend=nnrt_fp16 ok=0;backend=nnrt_fp16;error=session cap 20 reached
E2EMATRIX LOAD role=cls-fp32 backend=gpu ok=0;backend=gpu;error=session cap 20 reached
E2EMATRIX LOAD role=cls-fp32 backend=kirin ok=0;backend=kirin;error=session cap 20 reached
NCNNSLOT LOAD role=rec mode=cpu ok=1;slot=1;layers=252;inputs=in0;outputs=out0;requestedVulkan=0;effectiveVulkan=0;vkLayers=1/252;vkGpuCount=1;vkGpuName=Maleoon_920C;gpuProbe=not requested
NCNNSLOT RESULT role=rec mode=cpu LANDED=CPU engine=ncnn vkReq=0 vk=0 vkLayers=1/252 rep=0 match=1 code=苏ED5172 colour=蓝牌 total=47.8886 stages=34.1877|1.5800|10.9116|1.1975 chars=苏|E|D|5|1|7|2 clsScores=0.0001|0.9998|0.0001
NCNNSLOT RESULT role=rec mode=cpu LANDED=CPU engine=ncnn vkReq=0 vk=0 vkLayers=1/252 rep=1 match=1 code=苏ED5172 colour=蓝牌 total=67.8170 stages=45.9503|2.1642|18.1123|1.5752 chars=苏|E|D|5|1|7|2 clsScores=0.0001|0.9998|0.0001
NCNNSLOT RESULT role=rec mode=cpu LANDED=CPU engine=ncnn vkReq=0 vk=0 vkLayers=1/252 rep=2 match=1 code=苏ED5172 colour=蓝牌 total=46.4183 stages=33.6347|1.2048|10.0248|1.5436 chars=苏|E|D|5|1|7|2 clsScores=0.0001|0.9998|0.0001
NCNNSLOT LOAD role=rec mode=vulkan ok=1;slot=1;layers=252;inputs=in0;outputs=out0;requestedVulkan=1;effectiveVulkan=1;vkLayers=251/252;vkGpuCount=1;vkGpuName=Maleoon_920C;gpuProbe=ok=1;count=1;name=Maleoon 920C;driver=Maleoon 920C;api=4206867;fp16=111
NCNNSLOT RESULT role=rec mode=vulkan LANDED=GPU engine=ncnn vkReq=1 vk=1 vkLayers=251/252 rep=0 match=1 code=苏ED5172 colour=蓝牌 total=114.8608 stages=53.5964|2.0561|54.2445|4.9394 chars=苏|E|D|5|1|7|2 clsScores=0.0001|0.9998|0.0001
NCNNSLOT RESULT role=rec mode=vulkan LANDED=GPU engine=ncnn vkReq=1 vk=1 vkLayers=251/252 rep=1 match=1 code=苏ED5172 colour=蓝牌 total=91.0805 stages=35.0025|2.0280|51.0537|2.9650 chars=苏|E|D|5|1|7|2 clsScores=0.0001|0.9998|0.0001
NCNNSLOT RESULT role=rec mode=vulkan LANDED=GPU engine=ncnn vkReq=1 vk=1 vkLayers=251/252 rep=2 match=1 code=苏ED5172 colour=蓝牌 total=104.6061 stages=50.8575|1.5947|50.2977|1.8383 chars=苏|E|D|5|1|7|2 clsScores=0.0001|0.9998|0.0001
NCNNSLOT LOAD role=cls mode=cpu ok=1;slot=2;layers=78;inputs=in0;outputs=out0;requestedVulkan=0;effectiveVulkan=0;vkLayers=1/78;vkGpuCount=1;vkGpuName=Maleoon_920C;gpuProbe=not requested
NCNNSLOT RESULT role=cls mode=cpu LANDED=CPU engine=ncnn vkReq=0 vk=0 vkLayers=1/78 rep=0 match=1 code=苏ED5172 colour=蓝牌 total=26.3180 stages=19.1656|1.0989|3.8361|2.2013 chars=苏|E|D|5|1|7|2 clsScores=0.0001|0.9998|0.0001
NCNNSLOT RESULT role=cls mode=cpu LANDED=CPU engine=ncnn vkReq=0 vk=0 vkLayers=1/78 rep=1 match=1 code=苏ED5172 colour=蓝牌 total=23.5527 stages=15.0642|2.4395|4.2122|1.8186 chars=苏|E|D|5|1|7|2 clsScores=0.0001|0.9998|0.0001
NCNNSLOT RESULT role=cls mode=cpu LANDED=CPU engine=ncnn vkReq=0 vk=0 vkLayers=1/78 rep=2 match=1 code=苏ED5172 colour=蓝牌 total=23.5117 stages=16.6259|1.5709|3.6083|1.6920 chars=苏|E|D|5|1|7|2 clsScores=0.0001|0.9998|0.0001
NCNNSLOT LOAD role=cls mode=vulkan ok=1;slot=2;layers=78;inputs=in0;outputs=out0;requestedVulkan=1;effectiveVulkan=1;vkLayers=78/78;vkGpuCount=1;vkGpuName=Maleoon_920C;gpuProbe=ok=1;count=1;name=Maleoon 920C;driver=Maleoon 920C;api=4206867;fp16=111
NCNNSLOT RESULT role=cls mode=vulkan LANDED=GPU engine=ncnn vkReq=1 vk=1 vkLayers=78/78 rep=0 match=1 code=苏ED5172 colour=蓝牌 total=48.1997 stages=35.2828|1.7489|3.4714|7.6881 chars=苏|E|D|5|1|7|2 clsScores=0.0001|0.9998|0.0001
NCNNSLOT RESULT role=cls mode=vulkan LANDED=GPU engine=ncnn vkReq=1 vk=1 vkLayers=78/78 rep=1 match=1 code=苏ED5172 colour=蓝牌 total=72.5173 stages=46.4056|7.6011|5.4295|13.0612 chars=苏|E|D|5|1|7|2 clsScores=0.0001|0.9998|0.0001
NCNNSLOT RESULT role=cls mode=vulkan LANDED=GPU engine=ncnn vkReq=1 vk=1 vkLayers=78/78 rep=2 match=1 code=苏ED5172 colour=蓝牌 total=82.9283 stages=56.4161|7.6219|5.6847|13.1844 chars=苏|E|D|5|1|7|2 clsScores=0.0001|0.9998|0.0001
CANN ENUM ok=1;probe=nnrt+hiai;nnrt_runtime=soname;nnrt_core=soname;hiai_foundation=soname;cann_version=108.631.120.010;getAllDevices_rc=0;device_count=2;d0=id=8987859593747354028,name=HIAI_F,type=ACCELERATOR,nameRc=0,typeRc=0;d1=id=13306020061847651998,name=NPU_ohos.boot.hardware.kirin8020_v2_0,type=ACCELERATOR,nameRc=0,typeRc=0;
CANN TRY model=models/probe_hiai_imagenet.om size=2496459 ok=1;bytes=2496459;hiai_compat_code=0;hiai_compat_note=0=compatible,1=incompatible;construct=ok;picked_device=8987859593747354028;picked_device_all0=8987859593747354028;set_device_rc=0;build_rc=0;build_note=0=SUCCESS, else see OH_NN_ReturnCode;executor=ok;in_count=1;out_count=1;in0=name=data,dtype=FLOAT32,shape=[1x3x227x227];out0=name=output_0_prob_0,dtype=FLOAT32,shape=[1x1000x1x1];in_bytes=618348;out_bytes=4000;run_tensors=1in/1out;run_rc=0;run_ms_each=3.135|0.994|0.942;o0_sum=1.0005;o0_argmax=111;o0_max=0.1509;out_note=synthetic-input->argmax NOT meaningful;executor_destroyed=1;destroyed=1;
CANN TRY model=models/probe_om_lprnet.om size=916283 ok=1;bytes=916283;hiai_compat_code=0;hiai_compat_note=0=compatible,1=incompatible;construct=ok;picked_device=8987859593747354028;picked_device_all0=8987859593747354028;set_device_rc=0;build_rc=0;build_note=0=SUCCESS, else see OH_NN_ReturnCode;executor=ok;in_count=1;out_count=1;in0=name=input,dtype=FLOAT32,shape=[1x3x24x94];out0=name=output,dtype=FLOAT32,shape=[1x1x68x18];in_bytes=27072;out_bytes=4896;run_tensors=1in/1out;run_rc=0;run_ms_each=2.098|1.328|1.271;o0_sum=-62362.3169;o0_argmax=1206;o0_max=311.5000;out_note=synthetic-input->argmax NOT meaningful;executor_destroyed=1;destroyed=1;
CANN TRY model=models/probe_om_lprnet_npufix.om size=915413 ok=1;bytes=915413;hiai_compat_code=0;hiai_compat_note=0=compatible,1=incompatible;construct=ok;picked_device=8987859593747354028;picked_device_all0=8987859593747354028;set_device_rc=0;build_rc=0;build_note=0=SUCCESS, else see OH_NN_ReturnCode;executor=ok;in_count=1;out_count=1;in0=name=input,dtype=FLOAT32,shape=[1x3x24x94];out0=name=output,dtype=FLOAT32,shape=[1x1x68x18];in_bytes=27072;out_bytes=4896;run_tensors=1in/1out;run_rc=0;run_ms_each=2.696|1.347|1.381;o0_sum=-62362.3169;o0_argmax=1206;o0_max=311.5000;out_note=synthetic-input->argmax NOT meaningful;executor_destroyed=1;destroyed=1;
CANN TRY model=models/probe_om_det.om size=1948509 ok=1;bytes=1948509;hiai_compat_code=1;hiai_compat_note=0=compatible,1=incompatible;construct=ok;picked_device=8987859593747354028;picked_device_all0=8987859593747354028;set_device_rc=0;build_rc=1;build_note=0=SUCCESS, else see OH_NN_ReturnCode;destroyed=1;
CANN TRY model=models/probe_om_dethead.om size=1010950 ok=1;bytes=1010950;hiai_compat_code=0;hiai_compat_note=0=compatible,1=incompatible;construct=ok;picked_device=8987859593747354028;picked_device_all0=8987859593747354028;set_device_rc=0;build_rc=0;build_note=0=SUCCESS, else see OH_NN_ReturnCode;executor=ok;in_count=1;out_count=3;in0=name=input,dtype=FLOAT32,shape=[1x3x320x320];out0=name=948,dtype=FLOAT32,shape=[1x45x40x40];out1=name=1061,dtype=FLOAT32,shape=[1x45x20x20];out2=name=1174,dtype=FLOAT32,shape=[1x45x10x10];in_bytes=1228800;out_bytes=378000;run_tensors=1in/3out;run_rc=0;run_ms_each=4.069|3.408|3.381;o0_sum=-25055.3415;o0_argmax=28756;o0_max=6.5898;o1_sum=-11325.9309;o1_argmax=11231;o1_max=5.9961;o2_sum=-3700.2237;o2_argmax=2888;o2_max=5.0664;out_note=synthetic-input->argmax NOT meaningful;executor_destroyed=1;destroyed=1;
CANN TRY model=models/probe_om_rec.om size=5041253 ok=1;bytes=5041253;hiai_compat_code=0;hiai_compat_note=0=compatible,1=incompatible;construct=ok;picked_device=8987859593747354028;picked_device_all0=8987859593747354028;set_device_rc=0;build_rc=0;build_note=0=SUCCESS, else see OH_NN_ReturnCode;executor=ok;in_count=1;out_count=1;in0=name=data,dtype=FLOAT32,shape=[1x3x48x160];out0=name=output,dtype=FLOAT32,shape=[1x1x20x78];in_bytes=92160;out_bytes=6240;run_tensors=1in/1out;run_rc=0;run_ms_each=4.776|4.823|5.713;o0_sum=19.9978;o0_argmax=1326;o0_max=0.8359;out_note=synthetic-input->argmax NOT meaningful;executor_destroyed=1;destroyed=1;
CANN TRY model=models/probe_om_cls.om size=841728 ok=1;bytes=841728;hiai_compat_code=0;hiai_compat_note=0=compatible,1=incompatible;construct=ok;picked_device=8987859593747354028;picked_device_all0=8987859593747354028;set_device_rc=0;build_rc=0;build_note=0=SUCCESS, else see OH_NN_ReturnCode;executor=ok;in_count=1;out_count=1;in0=name=data,dtype=FLOAT32,shape=[1x3x96x96];out0=name=output,dtype=FLOAT32,shape=[1x3x1x1];in_bytes=110592;out_bytes=12;run_tensors=1in/1out;run_rc=0;run_ms_each=2.189|1.423|1.258;o0_sum=0.9981;o0_argmax=0;o0_max=0.9980;out_note=synthetic-input->argmax NOT meaningful;executor_destroyed=1;destroyed=1;
CANN TRY model=models/y5fu_320x_head_fp32.ms size=1847336 ok=1;bytes=1847336;hiai_compat_code=1;hiai_compat_note=0=compatible,1=incompatible;construct=ok;picked_device=8987859593747354028;picked_device_all0=8987859593747354028;set_device_rc=0;build_rc=1;build_note=0=SUCCESS, else see OH_NN_ReturnCode;destroyed=1;
CANN TRY model=models/rpv3_mdict_160_r3.ms size=4480304 ok=1;bytes=4480304;hiai_compat_code=1;hiai_compat_note=0=compatible,1=incompatible;construct=ok;picked_device=8987859593747354028;picked_device_all0=8987859593747354028;set_device_rc=0;build_rc=1;build_note=0=SUCCESS, else see OH_NN_ReturnCode;destroyed=1;
CANN TRY model=models/litemodel_cls_96x_r1.ms size=817432 ok=1;bytes=817432;hiai_compat_code=1;hiai_compat_note=0=compatible,1=incompatible;construct=ok;picked_device=8987859593747354028;picked_device_all0=8987859593747354028;set_device_rc=0;build_rc=1;build_note=0=SUCCESS, else see OH_NN_ReturnCode;destroyed=1;
E2EMATRIX LOAD role=det backend=cpu ok=1;id=0;cached=1;name=models/y5fu_320x_head_fp32.ms;backend=CPU;requested=cpu;fallbackFrom=;attemptLog=CPU(ok);inputName=input;outputName=948;inputShape=[1,320,320,3];outputShape=[1,45,40,40];inputFormat=NHWC;outputFormat=NCHW;inputElems=307200;outputElems=72000;error=
E2EMATRIX RESULT role=det backend=cpu LANDED=CPU engine=ms req=cpu fallback= rep=0 match=1 code=苏ED5172 total=31.7628 stages=24.6830|2.1958|3.5048|1.3692 trail=CPU(ok)
E2EMATRIX RESULT role=det backend=cpu LANDED=CPU engine=ms req=cpu fallback= rep=1 match=1 code=苏ED5172 total=40.2200 stages=34.0442|1.8300|3.2977|1.0377 trail=CPU(ok)
E2EMATRIX RESULT role=det backend=cpu LANDED=CPU engine=ms req=cpu fallback= rep=2 match=1 code=苏ED5172 total=40.7747 stages=34.2378|2.0439|3.3289|1.1531 trail=CPU(ok)
E2EMATRIX LOAD role=det backend=nnrt ok=1;id=3;cached=1;name=models/y5fu_320x_head_fp32.ms;backend=NNRT:NPU_ohos.boot.hardware.kirin8020_v2_0;requested=nnrt;fallbackFrom=;attemptLog=NNRT:NPU_ohos.boot.hardware.kirin8020_v2_0(ok);inputName=input;outputName=948;inputShape=[1,320,320,3];outputShape=[1,45,40,40];inputFormat=NHWC;outputFormat=NCHW;inputElems=307200;outputElems=72000;error=
E2EMATRIX RESULT role=det backend=nnrt LANDED=NNRT:NPU_ohos.boot.hardware.kirin8020_v2_0 engine=ms req=nnrt fallback= rep=0 match=0 code=苏E05172 total=27.9073 stages=19.3058|3.9778|3.2561|1.3533 trail=NNRT:NPU_ohos.boot.hardware.kirin8020_v2_0(ok)
E2EMATRIX RESULT role=det backend=nnrt LANDED=NNRT:NPU_ohos.boot.hardware.kirin8020_v2_0 engine=ms req=nnrt fallback= rep=1 match=0 code=苏E05172 total=34.9288 stages=23.6553|4.7728|4.0814|2.4008 trail=NNRT:NPU_ohos.boot.hardware.kirin8020_v2_0(ok)
E2EMATRIX RESULT role=det backend=nnrt LANDED=NNRT:NPU_ohos.boot.hardware.kirin8020_v2_0 engine=ms req=nnrt fallback= rep=2 match=0 code=苏E05172 total=37.0831 stages=23.8389|5.8147|4.3959|3.0009 trail=NNRT:NPU_ohos.boot.hardware.kirin8020_v2_0(ok)
E2EMATRIX LOAD role=det backend=nnrt_fp32 ok=1;id=4;cached=0;name=models/y5fu_320x_head_fp32.ms;backend=NNRT:NPU_ohos.boot.hardware.kirin8020_v2_0#fp32;requested=nnrt_fp32;fallbackFrom=;attemptLog=NNRT:NPU_ohos.boot.hardware.kirin8020_v2_0#fp32(ok);inputName=input;outputName=948;inputShape=[1,320,320,3];outputShape=[1,45,40,40];inputFormat=NHWC;outputFormat=NCHW;inputElems=307200;outputElems=72000;error=
E2EMATRIX RESULT role=det backend=nnrt_fp32 LANDED=NNRT:NPU_ohos.boot.hardware.kirin8020_v2_0#fp32 engine=ms req=nnrt_fp32 fallback= rep=0 match=0 code=苏E05172 total=18.3803 stages=11.9422|1.9020|3.2311|1.2870 trail=NNRT:NPU_ohos.boot.hardware.kirin8020_v2_0#fp32(ok)
E2EMATRIX RESULT role=det backend=nnrt_fp32 LANDED=NNRT:NPU_ohos.boot.hardware.kirin8020_v2_0#fp32 engine=ms req=nnrt_fp32 fallback= rep=1 match=0 code=苏E05172 total=23.6541 stages=12.8492|4.2103|4.0056|2.5639 trail=NNRT:NPU_ohos.boot.hardware.kirin8020_v2_0#fp32(ok)
E2EMATRIX RESULT role=det backend=nnrt_fp32 LANDED=NNRT:NPU_ohos.boot.hardware.kirin8020_v2_0#fp32 engine=ms req=nnrt_fp32 fallback= rep=2 match=0 code=苏E05172 total=25.4061 stages=14.1130|4.6461|4.0922|2.5322 trail=NNRT:NPU_ohos.boot.hardware.kirin8020_v2_0#fp32(ok)
E2EMATRIX LOAD role=det backend=nnrt_fp16 ok=1;id=5;cached=0;name=models/y5fu_320x_head_fp32.ms;backend=NNRT:NPU_ohos.boot.hardware.kirin8020_v2_0;requested=nnrt_fp16;fallbackFrom=;attemptLog=NNRT:NPU_ohos.boot.hardware.kirin8020_v2_0(ok);inputName=input;outputName=948;inputShape=[1,320,320,3];outputShape=[1,45,40,40];inputFormat=NHWC;outputFormat=NCHW;inputElems=307200;outputElems=72000;error=
E2EMATRIX RESULT role=det backend=nnrt_fp16 LANDED=NNRT:NPU_ohos.boot.hardware.kirin8020_v2_0 engine=ms req=nnrt_fp16 fallback= rep=0 match=0 code=苏E05172 total=30.7191 stages=16.6731|5.7331|5.1456|3.1414 trail=NNRT:NPU_ohos.boot.hardware.kirin8020_v2_0(ok)
E2EMATRIX RESULT role=det backend=nnrt_fp16 LANDED=NNRT:NPU_ohos.boot.hardware.kirin8020_v2_0 engine=ms req=nnrt_fp16 fallback= rep=1 match=0 code=苏E05172 total=36.1738 stages=19.1283|7.6234|5.2011|4.1645 trail=NNRT:NPU_ohos.boot.hardware.kirin8020_v2_0(ok)
E2EMATRIX RESULT role=det backend=nnrt_fp16 LANDED=NNRT:NPU_ohos.boot.hardware.kirin8020_v2_0 engine=ms req=nnrt_fp16 fallback= rep=2 match=0 code=苏E05172 total=35.6622 stages=18.9072|7.6275|5.3855|3.7122 trail=NNRT:NPU_ohos.boot.hardware.kirin8020_v2_0(ok)
E2EMATRIX LOAD role=det backend=gpu ok=1;id=6;cached=0;name=models/y5fu_320x_head_fp32.ms;backend=CPU;requested=gpu;fallbackFrom=GPU:fp16;attemptLog=GPU:fp16(fail) GPU:fp32(fail) CPU(ok);inputName=input;outputName=948;inputShape=[1,320,320,3];outputShape=[1,45,40,40];inputFormat=NHWC;outputFormat=NCHW;inputElems=307200;outputElems=72000;error=
E2EMATRIX RESULT role=det backend=gpu LANDED=CPU engine=ms req=gpu fallback=GPU:fp16 rep=0 match=1 code=苏ED5172 total=40.2830 stages=33.3934|2.2337|3.4428|1.2003 trail=GPU:fp16(fail) GPU:fp32(fail) CPU(ok)
E2EMATRIX RESULT role=det backend=gpu LANDED=CPU engine=ms req=gpu fallback=GPU:fp16 rep=1 match=1 code=苏ED5172 total=39.9819 stages=33.1186|2.2345|3.4347|1.1831 trail=GPU:fp16(fail) GPU:fp32(fail) CPU(ok)
E2EMATRIX RESULT role=det backend=gpu LANDED=CPU engine=ms req=gpu fallback=GPU:fp16 rep=2 match=1 code=苏ED5172 total=36.9373 stages=29.3458|2.4914|3.8286|1.2611 trail=GPU:fp16(fail) GPU:fp32(fail) CPU(ok)
E2EMATRIX LOAD role=det backend=kirin ok=1;id=7;cached=0;name=models/y5fu_320x_head_fp32.ms;backend=CPU;requested=kirin;fallbackFrom=KIRIN_NPU;attemptLog=KIRIN_NPU(fail) CPU(ok);inputName=input;outputName=948;inputShape=[1,320,320,3];outputShape=[1,45,40,40];inputFormat=NHWC;outputFormat=NCHW;inputElems=307200;outputElems=72000;error=
E2EMATRIX RESULT role=det backend=kirin LANDED=CPU engine=ms req=kirin fallback=KIRIN_NPU rep=0 match=1 code=苏ED5172 total=36.5806 stages=28.5717|2.2389|4.4264|1.3261 trail=KIRIN_NPU(fail) CPU(ok)
E2EMATRIX RESULT role=det backend=kirin LANDED=CPU engine=ms req=kirin fallback=KIRIN_NPU rep=1 match=1 code=苏ED5172 total=42.8759 stages=35.4605|2.2023|3.6547|1.5405 trail=KIRIN_NPU(fail) CPU(ok)
E2EMATRIX RESULT role=det backend=kirin LANDED=CPU engine=ms req=kirin fallback=KIRIN_NPU rep=2 match=1 code=苏ED5172 total=37.8831 stages=30.6052|2.2120|3.5172|1.5355 trail=KIRIN_NPU(fail) CPU(ok)
E2EMATRIX LOAD role=rec backend=cpu ok=1;id=8;cached=0;name=models/rpv3_mdict_160_r3.ms;backend=CPU;requested=cpu;fallbackFrom=;attemptLog=CPU(ok);inputName=data;outputName=output;inputShape=[1,48,160,3];outputShape=[1,20,78];inputFormat=NHWC;outputFormat=NHWC;inputElems=23040;outputElems=1560;error=
E2EMATRIX RESULT role=rec backend=cpu LANDED=CPU engine=ms req=cpu fallback= rep=0 match=1 code=苏ED5172 total=61.7450 stages=43.9908|1.1552|15.5377|1.0523 trail=CPU(ok)
E2EMATRIX RESULT role=rec backend=cpu LANDED=CPU engine=ms req=cpu fallback= rep=1 match=1 code=苏ED5172 total=57.0061 stages=38.9256|2.0356|14.9686|1.0675 trail=CPU(ok)
E2EMATRIX RESULT role=rec backend=cpu LANDED=CPU engine=ms req=cpu fallback= rep=2 match=1 code=苏ED5172 total=55.3239 stages=42.8359|1.7178|9.7609|0.9961 trail=CPU(ok)
E2EMATRIX LOAD role=rec backend=nnrt ok=1;id=1;cached=1;name=models/rpv3_mdict_160_r3.ms;backend=NNRT:NPU_ohos.boot.hardware.kirin8020_v2_0;requested=nnrt;fallbackFrom=;attemptLog=NNRT:NPU_ohos.boot.hardware.kirin8020_v2_0(ok);inputName=data;outputName=output;inputShape=[1,48,160,3];outputShape=[1,20,78];inputFormat=NHWC;outputFormat=NHWC;inputElems=23040;outputElems=1560;error=
E2EMATRIX RESULT role=rec backend=nnrt LANDED=NNRT:NPU_ohos.boot.hardware.kirin8020_v2_0 engine=ms req=nnrt fallback= rep=0 match=1 code=苏ED5172 total=54.5305 stages=46.1820|2.3720|3.4566|2.5056 trail=NNRT:NPU_ohos.boot.hardware.kirin8020_v2_0(ok)
E2EMATRIX RESULT role=rec backend=nnrt LANDED=NNRT:NPU_ohos.boot.hardware.kirin8020_v2_0 engine=ms req=nnrt fallback= rep=1 match=1 code=苏ED5172 total=50.8108 stages=44.7281|1.6831|3.2867|1.1025 trail=NNRT:NPU_ohos.boot.hardware.kirin8020_v2_0(ok)
E2EMATRIX RESULT role=rec backend=nnrt LANDED=NNRT:NPU_ohos.boot.hardware.kirin8020_v2_0 engine=ms req=nnrt fallback= rep=2 match=1 code=苏ED5172 total=42.7619 stages=36.0717|2.0598|3.5372|1.0831 trail=NNRT:NPU_ohos.boot.hardware.kirin8020_v2_0(ok)
E2EMATRIX LOAD role=rec backend=nnrt_fp32 ok=1;id=9;cached=0;name=models/rpv3_mdict_160_r3.ms;backend=NNRT:NPU_ohos.boot.hardware.kirin8020_v2_0#fp32;requested=nnrt_fp32;fallbackFrom=;attemptLog=NNRT:NPU_ohos.boot.hardware.kirin8020_v2_0#fp32(ok);inputName=data;outputName=output;inputShape=[1,48,160,3];outputShape=[1,20,78];inputFormat=NHWC;outputFormat=NHWC;inputElems=23040;outputElems=1560;error=
E2EMATRIX RESULT role=rec backend=nnrt_fp32 LANDED=NNRT:NPU_ohos.boot.hardware.kirin8020_v2_0#fp32 engine=ms req=nnrt_fp32 fallback= rep=0 match=1 code=苏ED5172 total=42.6186 stages=35.4150|2.1709|3.6259|1.3870 trail=NNRT:NPU_ohos.boot.hardware.kirin8020_v2_0#fp32(ok)
E2EMATRIX RESULT role=rec backend=nnrt_fp32 LANDED=NNRT:NPU_ohos.boot.hardware.kirin8020_v2_0#fp32 engine=ms req=nnrt_fp32 fallback= rep=1 match=1 code=苏ED5172 total=45.8587 stages=39.2958|1.9030|3.4750|1.1742 trail=NNRT:NPU_ohos.boot.hardware.kirin8020_v2_0#fp32(ok)
E2EMATRIX RESULT role=rec backend=nnrt_fp32 LANDED=NNRT:NPU_ohos.boot.hardware.kirin8020_v2_0#fp32 engine=ms req=nnrt_fp32 fallback= rep=2 match=1 code=苏ED5172 total=42.0986 stages=32.2786|3.5491|4.1036|2.1494 trail=NNRT:NPU_ohos.boot.hardware.kirin8020_v2_0#fp32(ok)
E2EMATRIX LOAD role=rec backend=nnrt_fp16 ok=1;id=10;cached=0;name=models/rpv3_mdict_160_r3.ms;backend=NNRT:NPU_ohos.boot.hardware.kirin8020_v2_0;requested=nnrt_fp16;fallbackFrom=;attemptLog=NNRT:NPU_ohos.boot.hardware.kirin8020_v2_0(ok);inputName=data;outputName=output;inputShape=[1,48,160,3];outputShape=[1,20,78];inputFormat=NHWC;outputFormat=NHWC;inputElems=23040;outputElems=1560;error=
E2EMATRIX RESULT role=rec backend=nnrt_fp16 LANDED=NNRT:NPU_ohos.boot.hardware.kirin8020_v2_0 engine=ms req=nnrt_fp16 fallback= rep=0 match=1 code=苏ED5172 total=37.1742 stages=30.0277|2.2019|3.7023|1.2284 trail=NNRT:NPU_ohos.boot.hardware.kirin8020_v2_0(ok)
E2EMATRIX RESULT role=rec backend=nnrt_fp16 LANDED=NNRT:NPU_ohos.boot.hardware.kirin8020_v2_0 engine=ms req=nnrt_fp16 fallback= rep=1 match=1 code=苏ED5172 total=65.8755 stages=48.1983|7.6534|5.6825|4.3063 trail=NNRT:NPU_ohos.boot.hardware.kirin8020_v2_0(ok)
E2EMATRIX RESULT role=rec backend=nnrt_fp16 LANDED=NNRT:NPU_ohos.boot.hardware.kirin8020_v2_0 engine=ms req=nnrt_fp16 fallback= rep=2 match=1 code=苏ED5172 total=55.1784 stages=45.6813|3.5553|3.8781|2.0391 trail=NNRT:NPU_ohos.boot.hardware.kirin8020_v2_0(ok)
E2EMATRIX LOAD role=rec backend=gpu ok=1;id=11;cached=0;name=models/rpv3_mdict_160_r3.ms;backend=CPU;requested=gpu;fallbackFrom=GPU:fp16;attemptLog=GPU:fp16(fail) GPU:fp32(fail) CPU(ok);inputName=data;outputName=output;inputShape=[1,48,160,3];outputShape=[1,20,78];inputFormat=NHWC;outputFormat=NHWC;inputElems=23040;outputElems=1560;error=
E2EMATRIX RESULT role=rec backend=gpu LANDED=CPU engine=ms req=gpu fallback=GPU:fp16 rep=0 match=1 code=苏ED5172 total=60.0992 stages=41.6897|1.2670|16.0002|1.1277 trail=GPU:fp16(fail) GPU:fp32(fail) CPU(ok)
E2EMATRIX RESULT role=rec backend=gpu LANDED=CPU engine=ms req=gpu fallback=GPU:fp16 rep=1 match=1 code=苏ED5172 total=39.1548 stages=20.8197|1.5791|15.5389|1.2042 trail=GPU:fp16(fail) GPU:fp32(fail) CPU(ok)
E2EMATRIX RESULT role=rec backend=gpu LANDED=CPU engine=ms req=gpu fallback=GPU:fp16 rep=2 match=1 code=苏ED5172 total=55.6625 stages=34.5481|1.8712|18.0978|1.1309 trail=GPU:fp16(fail) GPU:fp32(fail) CPU(ok)
E2EMATRIX LOAD role=rec backend=kirin ok=1;id=12;cached=0;name=models/rpv3_mdict_160_r3.ms;backend=CPU;requested=kirin;fallbackFrom=KIRIN_NPU;attemptLog=KIRIN_NPU(fail) CPU(ok);inputName=data;outputName=output;inputShape=[1,48,160,3];outputShape=[1,20,78];inputFormat=NHWC;outputFormat=NHWC;inputElems=23040;outputElems=1560;error=
E2EMATRIX RESULT role=rec backend=kirin LANDED=CPU engine=ms req=kirin fallback=KIRIN_NPU rep=0 match=1 code=苏ED5172 total=58.2988 stages=39.6456|1.5756|16.0155|1.0483 trail=KIRIN_NPU(fail) CPU(ok)
E2EMATRIX RESULT role=rec backend=kirin LANDED=CPU engine=ms req=kirin fallback=KIRIN_NPU rep=1 match=1 code=苏ED5172 total=55.7605 stages=35.4514|1.8939|17.2220|1.1791 trail=KIRIN_NPU(fail) CPU(ok)
E2EMATRIX RESULT role=rec backend=kirin LANDED=CPU engine=ms req=kirin fallback=KIRIN_NPU rep=2 match=1 code=苏ED5172 total=65.2741 stages=44.2612|2.0545|17.8497|1.0970 trail=KIRIN_NPU(fail) CPU(ok)
E2EMATRIX LOAD role=cls backend=cpu ok=1;id=2;cached=1;name=models/litemodel_cls_96x_r1.ms;backend=CPU;requested=cpu;fallbackFrom=;attemptLog=CPU(ok);inputName=data;outputName=output;inputShape=[1,96,96,3];outputShape=[1,3];inputFormat=NHWC;outputFormat=NCHW;inputElems=27648;outputElems=3;error=
E2EMATRIX RESULT role=cls backend=cpu LANDED=CPU engine=ms req=cpu fallback= rep=0 match=1 code=苏ED5172 total=55.1758 stages=48.9541|1.5009|3.4384|1.2700 trail=CPU(ok)
E2EMATRIX RESULT role=cls backend=cpu LANDED=CPU engine=ms req=cpu fallback= rep=1 match=1 code=苏ED5172 total=38.3963 stages=30.7142|2.1855|3.3119|1.1737 trail=CPU(ok)
E2EMATRIX RESULT role=cls backend=cpu LANDED=CPU engine=ms req=cpu fallback= rep=2 match=1 code=苏ED5172 total=39.1406 stages=32.9381|1.7711|3.3328|1.0906 trail=CPU(ok)
E2EMATRIX LOAD role=cls backend=nnrt ok=1;id=13;cached=0;name=models/litemodel_cls_96x_r1.ms;backend=CPU;requested=nnrt;fallbackFrom=NNRT:NPU_ohos.boot.hardware.kirin8020_v2_0;attemptLog=NNRT:NPU_ohos.boot.hardware.kirin8020_v2_0(fail) NNRT:HIAI_F(fail) CPU(ok);inputName=data;outputName=output;inputShape=[1,96,96,3];outputShape=[1,3];inputFormat=NHWC;outputFormat=NCHW;inputElems=27648;outputElems=3;error=
E2EMATRIX RESULT role=cls backend=nnrt LANDED=CPU engine=ms req=nnrt fallback=NNRT:NPU_ohos.boot.hardware.kirin8020_v2_0 rep=0 match=1 code=苏ED5172 total=46.8394 stages=40.6173|1.7864|3.3756|1.0462 trail=NNRT:NPU_ohos.boot.hardware.kirin8020_v2_0(fail) NNRT:HIAI_F(fail) CPU(ok)
E2EMATRIX RESULT role=cls backend=nnrt LANDED=CPU engine=ms req=nnrt fallback=NNRT:NPU_ohos.boot.hardware.kirin8020_v2_0 rep=1 match=1 code=苏ED5172 total=50.1706 stages=43.8097|1.7798|3.5158|1.0533 trail=NNRT:NPU_ohos.boot.hardware.kirin8020_v2_0(fail) NNRT:HIAI_F(fail) CPU(ok)
E2EMATRIX RESULT role=cls backend=nnrt LANDED=CPU engine=ms req=nnrt fallback=NNRT:NPU_ohos.boot.hardware.kirin8020_v2_0 rep=2 match=1 code=苏ED5172 total=46.3575 stages=40.8253|1.1948|3.2570|1.0688 trail=NNRT:NPU_ohos.boot.hardware.kirin8020_v2_0(fail) NNRT:HIAI_F(fail) CPU(ok)
E2EMATRIX LOAD role=cls backend=nnrt_fp32 ok=1;id=14;cached=0;name=models/litemodel_cls_96x_r1.ms;backend=CPU;requested=nnrt_fp32;fallbackFrom=NNRT:NPU_ohos.boot.hardware.kirin8020_v2_0#fp32;attemptLog=NNRT:NPU_ohos.boot.hardware.kirin8020_v2_0#fp32(fail) NNRT:HIAI_F#fp32(fail) CPU(ok);inputName=data;outputName=output;inputShape=[1,96,96,3];outputShape=[1,3];inputFormat=NHWC;outputFormat=NCHW;inputElems=27648;outputElems=3;error=
E2EMATRIX RESULT role=cls backend=nnrt_fp32 LANDED=CPU engine=ms req=nnrt_fp32 fallback=NNRT:NPU_ohos.boot.hardware.kirin8020_v2_0#fp32 rep=0 match=1 code=苏ED5172 total=44.7766 stages=39.0311|1.5963|3.2328|0.9030 trail=NNRT:NPU_ohos.boot.hardware.kirin8020_v2_0#fp32(fail) NNRT:HIAI_F#fp32(fail) CPU(ok)
E2EMATRIX RESULT role=cls backend=nnrt_fp32 LANDED=CPU engine=ms req=nnrt_fp32 fallback=NNRT:NPU_ohos.boot.hardware.kirin8020_v2_0#fp32 rep=1 match=1 code=苏ED5172 total=34.9583 stages=29.2283|1.5914|3.2308|0.8984 trail=NNRT:NPU_ohos.boot.hardware.kirin8020_v2_0#fp32(fail) NNRT:HIAI_F#fp32(fail) CPU(ok)
E2EMATRIX RESULT role=cls backend=nnrt_fp32 LANDED=CPU engine=ms req=nnrt_fp32 fallback=NNRT:NPU_ohos.boot.hardware.kirin8020_v2_0#fp32 rep=2 match=1 code=苏ED5172 total=34.2370 stages=27.9431|1.9019|3.3055|1.0759 trail=NNRT:NPU_ohos.boot.hardware.kirin8020_v2_0#fp32(fail) NNRT:HIAI_F#fp32(fail) CPU(ok)
E2EMATRIX LOAD role=cls backend=nnrt_fp16 ok=1;id=15;cached=0;name=models/litemodel_cls_96x_r1.ms;backend=CPU;requested=nnrt_fp16;fallbackFrom=NNRT:NPU_ohos.boot.hardware.kirin8020_v2_0;attemptLog=NNRT:NPU_ohos.boot.hardware.kirin8020_v2_0(fail) NNRT:HIAI_F(fail) CPU(ok);inputName=data;outputName=output;inputShape=[1,96,96,3];outputShape=[1,3];inputFormat=NHWC;outputFormat=NCHW;inputElems=27648;outputElems=3;error=
E2EMATRIX RESULT role=cls backend=nnrt_fp16 LANDED=CPU engine=ms req=nnrt_fp16 fallback=NNRT:NPU_ohos.boot.hardware.kirin8020_v2_0 rep=0 match=1 code=苏ED5172 total=41.1742 stages=35.2969|1.6111|3.2045|1.0512 trail=NNRT:NPU_ohos.boot.hardware.kirin8020_v2_0(fail) NNRT:HIAI_F(fail) CPU(ok)
E2EMATRIX RESULT role=cls backend=nnrt_fp16 LANDED=CPU engine=ms req=nnrt_fp16 fallback=NNRT:NPU_ohos.boot.hardware.kirin8020_v2_0 rep=1 match=1 code=苏ED5172 total=37.7487 stages=30.9459|2.1758|3.3575|1.2536 trail=NNRT:NPU_ohos.boot.hardware.kirin8020_v2_0(fail) NNRT:HIAI_F(fail) CPU(ok)
E2EMATRIX RESULT role=cls backend=nnrt_fp16 LANDED=CPU engine=ms req=nnrt_fp16 fallback=NNRT:NPU_ohos.boot.hardware.kirin8020_v2_0 rep=2 match=1 code=苏ED5172 total=30.8713 stages=22.7962|2.4097|4.2611|1.3894 trail=NNRT:NPU_ohos.boot.hardware.kirin8020_v2_0(fail) NNRT:HIAI_F(fail) CPU(ok)
E2EMATRIX LOAD role=cls backend=gpu ok=1;id=16;cached=0;name=models/litemodel_cls_96x_r1.ms;backend=CPU;requested=gpu;fallbackFrom=GPU:fp16;attemptLog=GPU:fp16(fail) GPU:fp32(fail) CPU(ok);inputName=data;outputName=output;inputShape=[1,96,96,3];outputShape=[1,3];inputFormat=NHWC;outputFormat=NCHW;inputElems=27648;outputElems=3;error=
E2EMATRIX RESULT role=cls backend=gpu LANDED=CPU engine=ms req=gpu fallback=GPU:fp16 rep=0 match=1 code=苏ED5172 total=42.4034 stages=35.6156|2.1775|3.4881|1.1100 trail=GPU:fp16(fail) GPU:fp32(fail) CPU(ok)
E2EMATRIX RESULT role=cls backend=gpu LANDED=CPU engine=ms req=gpu fallback=GPU:fp16 rep=1 match=1 code=苏ED5172 total=34.7386 stages=28.2503|1.9216|3.4247|1.1302 trail=GPU:fp16(fail) GPU:fp32(fail) CPU(ok)
E2EMATRIX RESULT role=cls backend=gpu LANDED=CPU engine=ms req=gpu fallback=GPU:fp16 rep=2 match=1 code=苏ED5172 total=38.7539 stages=32.4625|1.7375|3.4019|1.1408 trail=GPU:fp16(fail) GPU:fp32(fail) CPU(ok)
E2EMATRIX LOAD role=cls backend=kirin ok=1;id=17;cached=0;name=models/litemodel_cls_96x_r1.ms;backend=CPU;requested=kirin;fallbackFrom=KIRIN_NPU;attemptLog=KIRIN_NPU(fail) CPU(ok);inputName=data;outputName=output;inputShape=[1,96,96,3];outputShape=[1,3];inputFormat=NHWC;outputFormat=NCHW;inputElems=27648;outputElems=3;error=
E2EMATRIX RESULT role=cls backend=kirin LANDED=CPU engine=ms req=kirin fallback=KIRIN_NPU rep=0 match=1 code=苏ED5172 total=46.2459 stages=39.0750|2.3652|3.5238|1.2653 trail=KIRIN_NPU(fail) CPU(ok)
E2EMATRIX RESULT role=cls backend=kirin LANDED=CPU engine=ms req=kirin fallback=KIRIN_NPU rep=1 match=1 code=苏ED5172 total=44.2325 stages=36.1409|2.0036|3.4758|1.1102 trail=KIRIN_NPU(fail) CPU(ok)
E2EMATRIX RESULT role=cls backend=kirin LANDED=CPU engine=ms req=kirin fallback=KIRIN_NPU rep=2 match=1 code=苏ED5172 total=47.9570 stages=41.1270|2.0483|3.4420|1.3241 trail=KIRIN_NPU(fail) CPU(ok)
E2EMATRIX LOAD role=cls-fp32 backend=cpu ok=1;id=18;cached=0;name=models/litemodel_cls_96x_r1_fp32.ms;backend=CPU;requested=cpu;fallbackFrom=;attemptLog=CPU(ok);inputName=data;outputName=output;inputShape=[1,96,96,3];outputShape=[1,3];inputFormat=NHWC;outputFormat=NCHW;inputElems=27648;outputElems=3;error=
E2EMATRIX RESULT role=cls-fp32 backend=cpu LANDED=CPU engine=ms req=cpu fallback= rep=0 match=1 code=苏ED5172 total=33.2759 stages=26.6478|1.8439|3.3697|1.3998 trail=CPU(ok)
E2EMATRIX RESULT role=cls-fp32 backend=cpu LANDED=CPU engine=ms req=cpu fallback= rep=1 match=1 code=苏ED5172 total=41.7431 stages=35.4242|1.8177|3.3656|1.1239 trail=CPU(ok)
E2EMATRIX RESULT role=cls-fp32 backend=cpu LANDED=CPU engine=ms req=cpu fallback= rep=2 match=1 code=苏ED5172 total=38.1308 stages=31.8587|1.7802|3.4289|1.0538 trail=CPU(ok)
E2EMATRIX LOAD role=cls-fp32 backend=nnrt ok=1;id=19;cached=0;name=models/litemodel_cls_96x_r1_fp32.ms;backend=NNRT:NPU_ohos.boot.hardware.kirin8020_v2_0;requested=nnrt;fallbackFrom=;attemptLog=NNRT:NPU_ohos.boot.hardware.kirin8020_v2_0(ok);inputName=data;outputName=output;inputShape=[1,96,96,3];outputShape=[1,3];inputFormat=NHWC;outputFormat=NCHW;inputElems=27648;outputElems=3;error=
E2EMATRIX RESULT role=cls-fp32 backend=nnrt LANDED=NNRT:NPU_ohos.boot.hardware.kirin8020_v2_0 engine=ms req=nnrt fallback= rep=0 match=1 code=苏ED5172 total=41.8461 stages=34.7003|2.2080|3.6477|1.2791 trail=NNRT:NPU_ohos.boot.hardware.kirin8020_v2_0(ok)
E2EMATRIX RESULT role=cls-fp32 backend=nnrt LANDED=NNRT:NPU_ohos.boot.hardware.kirin8020_v2_0 engine=ms req=nnrt fallback= rep=1 match=1 code=苏ED5172 total=46.8339 stages=40.7589|1.6481|3.3002|1.1195 trail=NNRT:NPU_ohos.boot.hardware.kirin8020_v2_0(ok)
E2EMATRIX RESULT role=cls-fp32 backend=nnrt LANDED=NNRT:NPU_ohos.boot.hardware.kirin8020_v2_0 engine=ms req=nnrt fallback= rep=2 match=1 code=苏ED5172 total=38.9950 stages=32.4417|2.0409|3.2886|1.2166 trail=NNRT:NPU_ohos.boot.hardware.kirin8020_v2_0(ok)
E2EMATRIX LOAD role=cls-fp32 backend=nnrt_fp32 ok=0;backend=nnrt_fp32;error=session cap 20 reached
E2EMATRIX LOAD role=cls-fp32 backend=nnrt_fp16 ok=0;backend=nnrt_fp16;error=session cap 20 reached
E2EMATRIX LOAD role=cls-fp32 backend=gpu ok=0;backend=gpu;error=session cap 20 reached
E2EMATRIX LOAD role=cls-fp32 backend=kirin ok=0;backend=kirin;error=session cap 20 reached
NCNNSLOT LOAD role=rec mode=cpu ok=1;slot=1;layers=252;inputs=in0;outputs=out0;requestedVulkan=0;effectiveVulkan=0;vkLayers=1/252;vkGpuCount=1;vkGpuName=Maleoon_920C;gpuProbe=not requested
NCNNSLOT RESULT role=rec mode=cpu LANDED=CPU engine=ncnn vkReq=0 vk=0 vkLayers=1/252 rep=0 match=1 code=苏ED5172 colour=蓝牌 total=59.9722 stages=43.8041|1.5505|13.5041|1.1006 chars=苏|E|D|5|1|7|2 clsScores=0.0001|0.9998|0.0001
NCNNSLOT RESULT role=rec mode=cpu LANDED=CPU engine=ncnn vkReq=0 vk=0 vkLayers=1/252 rep=1 match=1 code=苏ED5172 colour=蓝牌 total=56.0445 stages=40.8927|1.6048|12.2839|1.2513 chars=苏|E|D|5|1|7|2 clsScores=0.0001|0.9998|0.0001
NCNNSLOT RESULT role=rec mode=cpu LANDED=CPU engine=ncnn vkReq=0 vk=0 vkLayers=1/252 rep=2 match=1 code=苏ED5172 colour=蓝牌 total=50.1383 stages=33.9597|2.0244|12.0392|2.0989 chars=苏|E|D|5|1|7|2 clsScores=0.0001|0.9998|0.0001
NCNNSLOT LOAD role=rec mode=vulkan ok=1;slot=1;layers=252;inputs=in0;outputs=out0;requestedVulkan=1;effectiveVulkan=1;vkLayers=251/252;vkGpuCount=1;vkGpuName=Maleoon_920C;gpuProbe=ok=1;count=1;name=Maleoon 920C;driver=Maleoon 920C;api=4206867;fp16=111
NCNNSLOT RESULT role=rec mode=vulkan LANDED=GPU engine=ncnn vkReq=1 vk=1 vkLayers=251/252 rep=0 match=1 code=苏ED5172 colour=蓝牌 total=133.2880 stages=57.6686|1.5975|68.2242|5.7498 chars=苏|E|D|5|1|7|2 clsScores=0.0001|0.9998|0.0001
NCNNSLOT RESULT role=rec mode=vulkan LANDED=GPU engine=ncnn vkReq=1 vk=1 vkLayers=251/252 rep=1 match=1 code=苏ED5172 colour=蓝牌 total=129.6119 stages=58.0944|2.1664|63.1883|6.1236 chars=苏|E|D|5|1|7|2 clsScores=0.0001|0.9998|0.0001
NCNNSLOT RESULT role=rec mode=vulkan LANDED=GPU engine=ncnn vkReq=1 vk=1 vkLayers=251/252 rep=2 match=1 code=苏ED5172 colour=蓝牌 total=102.4405 stages=46.7269|2.0391|48.6089|5.0280 chars=苏|E|D|5|1|7|2 clsScores=0.0001|0.9998|0.0001
NCNNSLOT LOAD role=cls mode=cpu ok=1;slot=2;layers=78;inputs=in0;outputs=out0;requestedVulkan=0;effectiveVulkan=0;vkLayers=1/78;vkGpuCount=1;vkGpuName=Maleoon_920C;gpuProbe=not requested
NCNNSLOT RESULT role=cls mode=cpu LANDED=CPU engine=ncnn vkReq=0 vk=0 vkLayers=1/78 rep=0 match=1 code=苏ED5172 colour=蓝牌 total=32.0222 stages=26.2880|1.1333|3.3317|1.2616 chars=苏|E|D|5|1|7|2 clsScores=0.0001|0.9998|0.0001
NCNNSLOT RESULT role=cls mode=cpu LANDED=CPU engine=ncnn vkReq=0 vk=0 vkLayers=1/78 rep=1 match=1 code=苏ED5172 colour=蓝牌 total=18.9283 stages=12.5539|1.6598|3.4025|1.3033 chars=苏|E|D|5|1|7|2 clsScores=0.0001|0.9998|0.0001
NCNNSLOT RESULT role=cls mode=cpu LANDED=CPU engine=ncnn vkReq=0 vk=0 vkLayers=1/78 rep=2 match=1 code=苏ED5172 colour=蓝牌 total=21.4308 stages=15.4603|1.1655|3.3641|1.4336 chars=苏|E|D|5|1|7|2 clsScores=0.0001|0.9998|0.0001
NCNNSLOT LOAD role=cls mode=vulkan ok=1;slot=2;layers=78;inputs=in0;outputs=out0;requestedVulkan=1;effectiveVulkan=1;vkLayers=78/78;vkGpuCount=1;vkGpuName=Maleoon_920C;gpuProbe=ok=1;count=1;name=Maleoon 920C;driver=Maleoon 920C;api=4206867;fp16=111
NCNNSLOT RESULT role=cls mode=vulkan LANDED=GPU engine=ncnn vkReq=1 vk=1 vkLayers=78/78 rep=0 match=1 code=苏ED5172 colour=蓝牌 total=35.8059 stages=22.6498|1.5856|3.4814|8.0712 chars=苏|E|D|5|1|7|2 clsScores=0.0001|0.9998|0.0001
NCNNSLOT RESULT role=cls mode=vulkan LANDED=GPU engine=ncnn vkReq=1 vk=1 vkLayers=78/78 rep=1 match=1 code=苏ED5172 colour=蓝牌 total=39.3353 stages=24.7170|1.8191|4.5803|8.2075 chars=苏|E|D|5|1|7|2 clsScores=0.0001|0.9998|0.0001
NCNNSLOT RESULT role=cls mode=vulkan LANDED=GPU engine=ncnn vkReq=1 vk=1 vkLayers=78/78 rep=2 match=1 code=苏ED5172 colour=蓝牌 total=40.7961 stages=27.8931|2.0384|3.4677|7.3853 chars=苏|E|D|5|1|7|2 clsScores=0.0001|0.9998|0.0001
CANN ENUM ok=1;probe=nnrt+hiai;nnrt_runtime=soname;nnrt_core=soname;hiai_foundation=soname;cann_version=108.631.120.010;getAllDevices_rc=0;device_count=2;d0=id=8987859593747354028,name=HIAI_F,type=ACCELERATOR,nameRc=0,typeRc=0;d1=id=13306020061847651998,name=NPU_ohos.boot.hardware.kirin8020_v2_0,type=ACCELERATOR,nameRc=0,typeRc=0;
CANN TRY model=models/probe_hiai_imagenet.om size=2496459 ok=1;bytes=2496459;hiai_compat_code=0;hiai_compat_note=0=compatible,1=incompatible;construct=ok;picked_device=8987859593747354028;picked_device_all0=8987859593747354028;set_device_rc=0;build_rc=0;build_note=0=SUCCESS, else see OH_NN_ReturnCode;executor=ok;in_count=1;out_count=1;in0=name=data,dtype=FLOAT32,shape=[1x3x227x227];out0=name=output_0_prob_0,dtype=FLOAT32,shape=[1x1000x1x1];in_bytes=618348;out_bytes=4000;run_tensors=1in/1out;run_rc=0;run_ms_each=3.220|0.952|0.944;o0_sum=1.0005;o0_argmax=111;o0_max=0.1509;out_note=synthetic-input->argmax NOT meaningful;executor_destroyed=1;destroyed=1;
CANN TRY model=models/probe_om_lprnet.om size=916283 ok=1;bytes=916283;hiai_compat_code=0;hiai_compat_note=0=compatible,1=incompatible;construct=ok;picked_device=8987859593747354028;picked_device_all0=8987859593747354028;set_device_rc=0;build_rc=0;build_note=0=SUCCESS, else see OH_NN_ReturnCode;executor=ok;in_count=1;out_count=1;in0=name=input,dtype=FLOAT32,shape=[1x3x24x94];out0=name=output,dtype=FLOAT32,shape=[1x1x68x18];in_bytes=27072;out_bytes=4896;run_tensors=1in/1out;run_rc=0;run_ms_each=2.040|1.352|1.304;o0_sum=-62362.3169;o0_argmax=1206;o0_max=311.5000;out_note=synthetic-input->argmax NOT meaningful;executor_destroyed=1;destroyed=1;
CANN TRY model=models/probe_om_lprnet_npufix.om size=915413 ok=1;bytes=915413;hiai_compat_code=0;hiai_compat_note=0=compatible,1=incompatible;construct=ok;picked_device=8987859593747354028;picked_device_all0=8987859593747354028;set_device_rc=0;build_rc=0;build_note=0=SUCCESS, else see OH_NN_ReturnCode;executor=ok;in_count=1;out_count=1;in0=name=input,dtype=FLOAT32,shape=[1x3x24x94];out0=name=output,dtype=FLOAT32,shape=[1x1x68x18];in_bytes=27072;out_bytes=4896;run_tensors=1in/1out;run_rc=0;run_ms_each=2.529|1.268|1.204;o0_sum=-62362.3169;o0_argmax=1206;o0_max=311.5000;out_note=synthetic-input->argmax NOT meaningful;executor_destroyed=1;destroyed=1;
CANN TRY model=models/probe_om_det.om size=1948509 ok=1;bytes=1948509;hiai_compat_code=1;hiai_compat_note=0=compatible,1=incompatible;construct=ok;picked_device=8987859593747354028;picked_device_all0=8987859593747354028;set_device_rc=0;build_rc=1;build_note=0=SUCCESS, else see OH_NN_ReturnCode;destroyed=1;
CANN TRY model=models/probe_om_dethead.om size=1010950 ok=1;bytes=1010950;hiai_compat_code=0;hiai_compat_note=0=compatible,1=incompatible;construct=ok;picked_device=8987859593747354028;picked_device_all0=8987859593747354028;set_device_rc=0;build_rc=0;build_note=0=SUCCESS, else see OH_NN_ReturnCode;executor=ok;in_count=1;out_count=3;in0=name=input,dtype=FLOAT32,shape=[1x3x320x320];out0=name=948,dtype=FLOAT32,shape=[1x45x40x40];out1=name=1061,dtype=FLOAT32,shape=[1x45x20x20];out2=name=1174,dtype=FLOAT32,shape=[1x45x10x10];in_bytes=1228800;out_bytes=378000;run_tensors=1in/3out;run_rc=0;run_ms_each=5.011|4.000|3.794;o0_sum=-25055.3415;o0_argmax=28756;o0_max=6.5898;o1_sum=-11325.9309;o1_argmax=11231;o1_max=5.9961;o2_sum=-3700.2237;o2_argmax=2888;o2_max=5.0664;out_note=synthetic-input->argmax NOT meaningful;executor_destroyed=1;destroyed=1;
CANN TRY model=models/probe_om_rec.om size=5041253 ok=1;bytes=5041253;hiai_compat_code=0;hiai_compat_note=0=compatible,1=incompatible;construct=ok;picked_device=8987859593747354028;picked_device_all0=8987859593747354028;set_device_rc=0;build_rc=0;build_note=0=SUCCESS, else see OH_NN_ReturnCode;executor=ok;in_count=1;out_count=1;in0=name=data,dtype=FLOAT32,shape=[1x3x48x160];out0=name=output,dtype=FLOAT32,shape=[1x1x20x78];in_bytes=92160;out_bytes=6240;run_tensors=1in/1out;run_rc=0;run_ms_each=4.993|5.510|5.574;o0_sum=19.9978;o0_argmax=1326;o0_max=0.8359;out_note=synthetic-input->argmax NOT meaningful;executor_destroyed=1;destroyed=1;
CANN TRY model=models/probe_om_cls.om size=841728 ok=1;bytes=841728;hiai_compat_code=0;hiai_compat_note=0=compatible,1=incompatible;construct=ok;picked_device=8987859593747354028;picked_device_all0=8987859593747354028;set_device_rc=0;build_rc=0;build_note=0=SUCCESS, else see OH_NN_ReturnCode;executor=ok;in_count=1;out_count=1;in0=name=data,dtype=FLOAT32,shape=[1x3x96x96];out0=name=output,dtype=FLOAT32,shape=[1x3x1x1];in_bytes=110592;out_bytes=12;run_tensors=1in/1out;run_rc=0;run_ms_each=2.007|0.803|0.795;o0_sum=0.9981;o0_argmax=0;o0_max=0.9980;out_note=synthetic-input->argmax NOT meaningful;executor_destroyed=1;destroyed=1;
CANN TRY model=models/y5fu_320x_head_fp32.ms size=1847336 ok=1;bytes=1847336;hiai_compat_code=1;hiai_compat_note=0=compatible,1=incompatible;construct=ok;picked_device=8987859593747354028;picked_device_all0=8987859593747354028;set_device_rc=0;build_rc=1;build_note=0=SUCCESS, else see OH_NN_ReturnCode;destroyed=1;
CANN TRY model=models/rpv3_mdict_160_r3.ms size=4480304 ok=1;bytes=4480304;hiai_compat_code=1;hiai_compat_note=0=compatible,1=incompatible;construct=ok;picked_device=8987859593747354028;picked_device_all0=8987859593747354028;set_device_rc=0;build_rc=1;build_note=0=SUCCESS, else see OH_NN_ReturnCode;destroyed=1;
CANN TRY model=models/litemodel_cls_96x_r1.ms size=817432 ok=1;bytes=817432;hiai_compat_code=1;hiai_compat_note=0=compatible,1=incompatible;construct=ok;picked_device=8987859593747354028;picked_device_all0=8987859593747354028;set_device_rc=0;build_rc=1;build_note=0=SUCCESS, else see OH_NN_ReturnCode;destroyed=1;
E2EMATRIX LOAD role=det backend=cpu ok=1;id=0;cached=1;name=models/y5fu_320x_head_fp32.ms;backend=CPU;requested=cpu;fallbackFrom=;attemptLog=CPU(ok);inputName=input;outputName=948;inputShape=[1,320,320,3];outputShape=[1,45,40,40];inputFormat=NHWC;outputFormat=NCHW;inputElems=307200;outputElems=72000;error=
E2EMATRIX RESULT role=det backend=cpu LANDED=CPU engine=ms req=cpu fallback= rep=0 match=1 code=苏ED5172 total=43.3403 stages=37.0395|9.6628|26.7887|0.0223|1.7916|3.3558|1.1419 trail=CPU(ok)
E2EMATRIX RESULT role=det backend=cpu LANDED=CPU engine=ms req=cpu fallback= rep=1 match=1 code=苏ED5172 total=38.4628 stages=32.5898|5.4334|26.6558|0.0184|1.6253|3.2477|0.9927 trail=CPU(ok)
E2EMATRIX RESULT role=det backend=cpu LANDED=CPU engine=ms req=cpu fallback= rep=2 match=1 code=苏ED5172 total=39.5367 stages=33.0950|4.8694|27.6238|0.0252|1.8809|3.3837|1.1658 trail=CPU(ok)
E2EMATRIX LOAD role=det backend=nnrt ok=1;id=3;cached=1;name=models/y5fu_320x_head_fp32.ms;backend=NNRT:NPU_ohos.boot.hardware.kirin8020_v2_0;requested=nnrt;fallbackFrom=;attemptLog=NNRT:NPU_ohos.boot.hardware.kirin8020_v2_0(ok);inputName=input;outputName=948;inputShape=[1,320,320,3];outputShape=[1,45,40,40];inputFormat=NHWC;outputFormat=NCHW;inputElems=307200;outputElems=72000;error=
E2EMATRIX RESULT role=det backend=nnrt LANDED=NNRT:NPU_ohos.boot.hardware.kirin8020_v2_0 engine=ms req=nnrt fallback= rep=0 match=0 code=苏E05172 total=24.2655 stages=15.5217|8.6880|6.1947|0.0252|2.1525|3.8634|2.7081 trail=NNRT:NPU_ohos.boot.hardware.kirin8020_v2_0(ok)
E2EMATRIX RESULT role=det backend=nnrt LANDED=NNRT:NPU_ohos.boot.hardware.kirin8020_v2_0 engine=ms req=nnrt fallback= rep=1 match=0 code=苏E05172 total=23.4712 stages=16.8984|10.4252|5.8711|0.0220|2.0037|3.2509|1.3034 trail=NNRT:NPU_ohos.boot.hardware.kirin8020_v2_0(ok)
E2EMATRIX RESULT role=det backend=nnrt LANDED=NNRT:NPU_ohos.boot.hardware.kirin8020_v2_0 engine=ms req=nnrt fallback= rep=2 match=0 code=苏E05172 total=19.3272 stages=13.3870|6.6206|6.2547|0.0211|1.6644|3.2100|1.0558 trail=NNRT:NPU_ohos.boot.hardware.kirin8020_v2_0(ok)
E2EMATRIX LOAD role=det backend=nnrt_fp32 ok=1;id=4;cached=0;name=models/y5fu_320x_head_fp32.ms;backend=NNRT:NPU_ohos.boot.hardware.kirin8020_v2_0#fp32;requested=nnrt_fp32;fallbackFrom=;attemptLog=NNRT:NPU_ohos.boot.hardware.kirin8020_v2_0#fp32(ok);inputName=input;outputName=948;inputShape=[1,320,320,3];outputShape=[1,45,40,40];inputFormat=NHWC;outputFormat=NCHW;inputElems=307200;outputElems=72000;error=
E2EMATRIX RESULT role=det backend=nnrt_fp32 LANDED=NNRT:NPU_ohos.boot.hardware.kirin8020_v2_0#fp32 engine=ms req=nnrt_fp32 fallback= rep=0 match=0 code=苏E05172 total=22.1614 stages=13.0448|6.2189|5.5806|0.0455|4.2928|3.3759|1.4273 trail=NNRT:NPU_ohos.boot.hardware.kirin8020_v2_0#fp32(ok)
E2EMATRIX RESULT role=det backend=nnrt_fp32 LANDED=NNRT:NPU_ohos.boot.hardware.kirin8020_v2_0#fp32 engine=ms req=nnrt_fp32 fallback= rep=1 match=0 code=苏E05172 total=24.8030 stages=15.7522|8.6478|5.8683|0.0422|3.7639|3.5830|1.6461 trail=NNRT:NPU_ohos.boot.hardware.kirin8020_v2_0#fp32(ok)
E2EMATRIX RESULT role=det backend=nnrt_fp32 LANDED=NNRT:NPU_ohos.boot.hardware.kirin8020_v2_0#fp32 engine=ms req=nnrt_fp32 fallback= rep=2 match=0 code=苏E05172 total=28.0308 stages=17.8838|10.2639|6.3433|0.0378|4.2139|3.8653|2.0477 trail=NNRT:NPU_ohos.boot.hardware.kirin8020_v2_0#fp32(ok)
E2EMATRIX LOAD role=det backend=nnrt_fp16 ok=1;id=5;cached=0;name=models/y5fu_320x_head_fp32.ms;backend=NNRT:NPU_ohos.boot.hardware.kirin8020_v2_0;requested=nnrt_fp16;fallbackFrom=;attemptLog=NNRT:NPU_ohos.boot.hardware.kirin8020_v2_0(ok);inputName=input;outputName=948;inputShape=[1,320,320,3];outputShape=[1,45,40,40];inputFormat=NHWC;outputFormat=NCHW;inputElems=307200;outputElems=72000;error=
E2EMATRIX RESULT role=det backend=nnrt_fp16 LANDED=NNRT:NPU_ohos.boot.hardware.kirin8020_v2_0 engine=ms req=nnrt_fp16 fallback= rep=0 match=0 code=苏E05172 total=34.7947 stages=22.6466|13.6873|7.2219|0.0577|4.7692|4.9481|2.3913 trail=NNRT:NPU_ohos.boot.hardware.kirin8020_v2_0(ok)
E2EMATRIX RESULT role=det backend=nnrt_fp16 LANDED=NNRT:NPU_ohos.boot.hardware.kirin8020_v2_0 engine=ms req=nnrt_fp16 fallback= rep=1 match=0 code=苏E05172 total=29.0520 stages=21.6311|12.2570|7.0380|0.0742|2.8142|3.2808|1.3122 trail=NNRT:NPU_ohos.boot.hardware.kirin8020_v2_0(ok)
E2EMATRIX RESULT role=det backend=nnrt_fp16 LANDED=NNRT:NPU_ohos.boot.hardware.kirin8020_v2_0 engine=ms req=nnrt_fp16 fallback= rep=2 match=0 code=苏E05172 total=33.4041 stages=24.7483|18.6592|5.4317|0.0245|2.1931|3.2241|3.2028 trail=NNRT:NPU_ohos.boot.hardware.kirin8020_v2_0(ok)
E2EMATRIX LOAD role=det backend=gpu ok=1;id=6;cached=0;name=models/y5fu_320x_head_fp32.ms;backend=CPU;requested=gpu;fallbackFrom=GPU:fp16;attemptLog=GPU:fp16(fail) GPU:fp32(fail) CPU(ok);inputName=input;outputName=948;inputShape=[1,320,320,3];outputShape=[1,45,40,40];inputFormat=NHWC;outputFormat=NCHW;inputElems=307200;outputElems=72000;error=
E2EMATRIX RESULT role=det backend=gpu LANDED=CPU engine=ms req=gpu fallback=GPU:fp16 rep=0 match=1 code=苏ED5172 total=31.4995 stages=23.3827|6.2341|16.4475|0.0298|2.1911|4.6739|1.2366 trail=GPU:fp16(fail) GPU:fp32(fail) CPU(ok)
E2EMATRIX RESULT role=det backend=gpu LANDED=CPU engine=ms req=gpu fallback=GPU:fp16 rep=1 match=1 code=苏ED5172 total=32.5967 stages=25.6016|2.8931|22.0537|0.0244|2.1281|3.6297|1.2216 trail=GPU:fp16(fail) GPU:fp32(fail) CPU(ok)
E2EMATRIX RESULT role=det backend=gpu LANDED=CPU engine=ms req=gpu fallback=GPU:fp16 rep=2 match=1 code=苏ED5172 total=30.4880 stages=23.4452|2.9675|19.7855|0.0234|2.2122|3.5013|1.3148 trail=GPU:fp16(fail) GPU:fp32(fail) CPU(ok)
E2EMATRIX LOAD role=det backend=kirin ok=1;id=7;cached=0;name=models/y5fu_320x_head_fp32.ms;backend=CPU;requested=kirin;fallbackFrom=KIRIN_NPU;attemptLog=KIRIN_NPU(fail) CPU(ok);inputName=input;outputName=948;inputShape=[1,320,320,3];outputShape=[1,45,40,40];inputFormat=NHWC;outputFormat=NCHW;inputElems=307200;outputElems=72000;error=
E2EMATRIX RESULT role=det backend=kirin LANDED=CPU engine=ms req=kirin fallback=KIRIN_NPU rep=0 match=1 code=苏ED5172 total=44.5373 stages=37.2286|16.8086|19.5316|0.0320|2.2764|3.6875|1.3314 trail=KIRIN_NPU(fail) CPU(ok)
E2EMATRIX RESULT role=det backend=kirin LANDED=CPU engine=ms req=kirin fallback=KIRIN_NPU rep=1 match=1 code=苏ED5172 total=34.6889 stages=26.9944|3.9841|22.1292|0.0322|2.6341|3.8391|1.2092 trail=KIRIN_NPU(fail) CPU(ok)
E2EMATRIX RESULT role=det backend=kirin LANDED=CPU engine=ms req=kirin fallback=KIRIN_NPU rep=2 match=1 code=苏ED5172 total=37.6952 stages=30.7866|9.3592|20.7394|0.0208|2.1962|3.4417|1.2598 trail=KIRIN_NPU(fail) CPU(ok)
E2EMATRIX LOAD role=rec backend=cpu ok=1;id=8;cached=0;name=models/rpv3_mdict_160_r3.ms;backend=CPU;requested=cpu;fallbackFrom=;attemptLog=CPU(ok);inputName=data;outputName=output;inputShape=[1,48,160,3];outputShape=[1,20,78];inputFormat=NHWC;outputFormat=NHWC;inputElems=23040;outputElems=1560;error=
E2EMATRIX RESULT role=rec backend=cpu LANDED=CPU engine=ms req=cpu fallback= rep=0 match=1 code=苏ED5172 total=65.1692 stages=46.2988|6.0634|39.2072|0.0283|2.0766|15.6561|1.1223 trail=CPU(ok)
E2EMATRIX RESULT role=rec backend=cpu LANDED=CPU engine=ms req=cpu fallback= rep=1 match=1 code=苏ED5172 total=59.8334 stages=38.7986|4.8962|33.3434|0.0261|1.7573|18.3069|0.9584 trail=CPU(ok)
E2EMATRIX RESULT role=rec backend=cpu LANDED=CPU engine=ms req=cpu fallback= rep=2 match=1 code=苏ED5172 total=52.4887 stages=32.1206|3.0027|28.3678|0.0278|2.0567|17.0458|1.2505 trail=CPU(ok)
E2EMATRIX LOAD role=rec backend=nnrt ok=1;id=1;cached=1;name=models/rpv3_mdict_160_r3.ms;backend=NNRT:NPU_ohos.boot.hardware.kirin8020_v2_0;requested=nnrt;fallbackFrom=;attemptLog=NNRT:NPU_ohos.boot.hardware.kirin8020_v2_0(ok);inputName=data;outputName=output;inputShape=[1,48,160,3];outputShape=[1,20,78];inputFormat=NHWC;outputFormat=NHWC;inputElems=23040;outputElems=1560;error=
E2EMATRIX RESULT role=rec backend=nnrt LANDED=NNRT:NPU_ohos.boot.hardware.kirin8020_v2_0 engine=ms req=nnrt fallback= rep=0 match=1 code=苏ED5172 total=36.5116 stages=30.3056|5.2834|24.3289|0.0225|1.5670|3.6523|0.9748 trail=NNRT:NPU_ohos.boot.hardware.kirin8020_v2_0(ok)
E2EMATRIX RESULT role=rec backend=nnrt LANDED=NNRT:NPU_ohos.boot.hardware.kirin8020_v2_0 engine=ms req=nnrt fallback= rep=1 match=1 code=苏ED5172 total=44.8186 stages=38.2866|7.8291|29.7261|0.0264|1.8869|3.5145|1.1189 trail=NNRT:NPU_ohos.boot.hardware.kirin8020_v2_0(ok)
E2EMATRIX RESULT role=rec backend=nnrt LANDED=NNRT:NPU_ohos.boot.hardware.kirin8020_v2_0 engine=ms req=nnrt fallback= rep=2 match=1 code=苏ED5172 total=56.6752 stages=48.4509|14.9806|32.7572|0.0250|2.2636|3.5661|2.3753 trail=NNRT:NPU_ohos.boot.hardware.kirin8020_v2_0(ok)
E2EMATRIX LOAD role=rec backend=nnrt_fp32 ok=1;id=9;cached=0;name=models/rpv3_mdict_160_r3.ms;backend=NNRT:NPU_ohos.boot.hardware.kirin8020_v2_0#fp32;requested=nnrt_fp32;fallbackFrom=;attemptLog=NNRT:NPU_ohos.boot.hardware.kirin8020_v2_0#fp32(ok);inputName=data;outputName=output;inputShape=[1,48,160,3];outputShape=[1,20,78];inputFormat=NHWC;outputFormat=NHWC;inputElems=23040;outputElems=1560;error=
E2EMATRIX RESULT role=rec backend=nnrt_fp32 LANDED=NNRT:NPU_ohos.boot.hardware.kirin8020_v2_0#fp32 engine=ms req=nnrt_fp32 fallback= rep=0 match=1 code=苏ED5172 total=35.9658 stages=28.9661|3.6064|24.6975|0.0305|2.2034|3.4847|1.2952 trail=NNRT:NPU_ohos.boot.hardware.kirin8020_v2_0#fp32(ok)
E2EMATRIX RESULT role=rec backend=nnrt_fp32 LANDED=NNRT:NPU_ohos.boot.hardware.kirin8020_v2_0#fp32 engine=ms req=nnrt_fp32 fallback= rep=1 match=1 code=苏ED5172 total=43.5039 stages=37.3075|2.9827|33.7534|0.0225|1.9100|3.2564|1.0211 trail=NNRT:NPU_ohos.boot.hardware.kirin8020_v2_0#fp32(ok)
E2EMATRIX RESULT role=rec backend=nnrt_fp32 LANDED=NNRT:NPU_ohos.boot.hardware.kirin8020_v2_0#fp32 engine=ms req=nnrt_fp32 fallback= rep=2 match=1 code=苏ED5172 total=39.9158 stages=33.2016|3.4939|29.0631|0.0205|2.0100|3.3750|1.3150 trail=NNRT:NPU_ohos.boot.hardware.kirin8020_v2_0#fp32(ok)
E2EMATRIX LOAD role=rec backend=nnrt_fp16 ok=1;id=10;cached=0;name=models/rpv3_mdict_160_r3.ms;backend=NNRT:NPU_ohos.boot.hardware.kirin8020_v2_0;requested=nnrt_fp16;fallbackFrom=;attemptLog=NNRT:NPU_ohos.boot.hardware.kirin8020_v2_0(ok);inputName=data;outputName=output;inputShape=[1,48,160,3];outputShape=[1,20,78];inputFormat=NHWC;outputFormat=NHWC;inputElems=23040;outputElems=1560;error=
E2EMATRIX RESULT role=rec backend=nnrt_fp16 LANDED=NNRT:NPU_ohos.boot.hardware.kirin8020_v2_0 engine=ms req=nnrt_fp16 fallback= rep=0 match=1 code=苏ED5172 total=40.8808 stages=34.7045|15.0767|19.0191|0.0222|1.9130|3.3416|0.9108 trail=NNRT:NPU_ohos.boot.hardware.kirin8020_v2_0(ok)
E2EMATRIX RESULT role=rec backend=nnrt_fp16 LANDED=NNRT:NPU_ohos.boot.hardware.kirin8020_v2_0 engine=ms req=nnrt_fp16 fallback= rep=1 match=1 code=苏ED5172 total=44.4181 stages=37.7537|5.0341|32.1094|0.0263|2.0798|3.3459|1.2223 trail=NNRT:NPU_ohos.boot.hardware.kirin8020_v2_0(ok)
E2EMATRIX RESULT role=rec backend=nnrt_fp16 LANDED=NNRT:NPU_ohos.boot.hardware.kirin8020_v2_0 engine=ms req=nnrt_fp16 fallback= rep=2 match=1 code=苏ED5172 total=37.2727 stages=30.3225|3.7627|25.8758|0.0236|2.2656|3.4489|1.2200 trail=NNRT:NPU_ohos.boot.hardware.kirin8020_v2_0(ok)
E2EMATRIX LOAD role=rec backend=gpu ok=1;id=11;cached=0;name=models/rpv3_mdict_160_r3.ms;backend=CPU;requested=gpu;fallbackFrom=GPU:fp16;attemptLog=GPU:fp16(fail) GPU:fp32(fail) CPU(ok);inputName=data;outputName=output;inputShape=[1,48,160,3];outputShape=[1,20,78];inputFormat=NHWC;outputFormat=NHWC;inputElems=23040;outputElems=1560;error=
E2EMATRIX RESULT role=rec backend=gpu LANDED=CPU engine=ms req=gpu fallback=GPU:fp16 rep=0 match=1 code=苏ED5172 total=49.6223 stages=29.3838|2.8567|25.9248|0.0247|1.7563|17.2255|1.2366 trail=GPU:fp16(fail) GPU:fp32(fail) CPU(ok)
E2EMATRIX RESULT role=rec backend=gpu LANDED=CPU engine=ms req=gpu fallback=GPU:fp16 rep=1 match=1 code=苏ED5172 total=50.7755 stages=32.5402|2.3581|29.6219|0.0200|1.5955|15.6208|1.0072 trail=GPU:fp16(fail) GPU:fp32(fail) CPU(ok)
E2EMATRIX RESULT role=rec backend=gpu LANDED=CPU engine=ms req=gpu fallback=GPU:fp16 rep=2 match=1 code=苏ED5172 total=53.0052 stages=33.0141|2.3769|29.9562|0.0269|2.0591|16.8633|1.0545 trail=GPU:fp16(fail) GPU:fp32(fail) CPU(ok)
E2EMATRIX LOAD role=rec backend=kirin ok=1;id=12;cached=0;name=models/rpv3_mdict_160_r3.ms;backend=CPU;requested=kirin;fallbackFrom=KIRIN_NPU;attemptLog=KIRIN_NPU(fail) CPU(ok);inputName=data;outputName=output;inputShape=[1,48,160,3];outputShape=[1,20,78];inputFormat=NHWC;outputFormat=NHWC;inputElems=23040;outputElems=1560;error=
E2EMATRIX RESULT role=rec backend=kirin LANDED=CPU engine=ms req=kirin fallback=KIRIN_NPU rep=0 match=1 code=苏ED5172 total=45.5002 stages=27.2378|3.3898|23.3225|0.0192|1.5680|15.5933|1.0892 trail=KIRIN_NPU(fail) CPU(ok)
E2EMATRIX RESULT role=rec backend=kirin LANDED=CPU engine=ms req=kirin fallback=KIRIN_NPU rep=1 match=1 code=苏ED5172 total=43.7484 stages=29.6859|3.5328|25.6034|0.0192|1.7989|11.2264|1.0245 trail=KIRIN_NPU(fail) CPU(ok)
E2EMATRIX RESULT role=rec backend=kirin LANDED=CPU engine=ms req=kirin fallback=KIRIN_NPU rep=2 match=1 code=苏ED5172 total=48.8564 stages=30.2280|3.2330|26.4895|0.0178|1.5691|16.0417|1.0078 trail=KIRIN_NPU(fail) CPU(ok)
E2EMATRIX LOAD role=cls backend=cpu ok=1;id=2;cached=1;name=models/litemodel_cls_96x_r1.ms;backend=CPU;requested=cpu;fallbackFrom=;attemptLog=CPU(ok);inputName=data;outputName=output;inputShape=[1,96,96,3];outputShape=[1,3];inputFormat=NHWC;outputFormat=NCHW;inputElems=27648;outputElems=3;error=
E2EMATRIX RESULT role=cls backend=cpu LANDED=CPU engine=ms req=cpu fallback= rep=0 match=1 code=苏ED5172 total=32.3205 stages=25.1975|2.8398|21.6877|0.0230|1.9884|3.5017|1.6180 trail=CPU(ok)
E2EMATRIX RESULT role=cls backend=cpu LANDED=CPU engine=ms req=cpu fallback= rep=1 match=1 code=苏ED5172 total=25.8181 stages=16.8981|3.3492|12.5364|0.0336|3.2413|4.2867|1.3830 trail=CPU(ok)
E2EMATRIX RESULT role=cls backend=cpu LANDED=CPU engine=ms req=cpu fallback= rep=2 match=1 code=苏ED5172 total=27.7488 stages=20.5186|4.3341|15.3955|0.0286|2.5617|3.4395|1.2159 trail=CPU(ok)
E2EMATRIX LOAD role=cls backend=nnrt ok=1;id=13;cached=0;name=models/litemodel_cls_96x_r1.ms;backend=CPU;requested=nnrt;fallbackFrom=NNRT:NPU_ohos.boot.hardware.kirin8020_v2_0;attemptLog=NNRT:NPU_ohos.boot.hardware.kirin8020_v2_0(fail) NNRT:HIAI_F(fail) CPU(ok);inputName=data;outputName=output;inputShape=[1,96,96,3];outputShape=[1,3];inputFormat=NHWC;outputFormat=NCHW;inputElems=27648;outputElems=3;error=
E2EMATRIX RESULT role=cls backend=nnrt LANDED=CPU engine=ms req=nnrt fallback=NNRT:NPU_ohos.boot.hardware.kirin8020_v2_0 rep=0 match=1 code=苏ED5172 total=28.8398 stages=21.7997|3.4983|17.6180|0.0252|2.1880|3.5305|1.3081 trail=NNRT:NPU_ohos.boot.hardware.kirin8020_v2_0(fail) NNRT:HIAI_F(fail) CPU(ok)
E2EMATRIX RESULT role=cls backend=nnrt LANDED=CPU engine=ms req=nnrt fallback=NNRT:NPU_ohos.boot.hardware.kirin8020_v2_0 rep=1 match=1 code=苏ED5172 total=40.4391 stages=34.3591|3.7620|30.0778|0.0206|1.6912|3.4317|0.9455 trail=NNRT:NPU_ohos.boot.hardware.kirin8020_v2_0(fail) NNRT:HIAI_F(fail) CPU(ok)
E2EMATRIX RESULT role=cls backend=nnrt LANDED=CPU engine=ms req=nnrt fallback=NNRT:NPU_ohos.boot.hardware.kirin8020_v2_0 rep=2 match=1 code=苏ED5172 total=35.3386 stages=28.9513|3.9862|24.3913|0.0242|1.8972|3.3802|1.0989 trail=NNRT:NPU_ohos.boot.hardware.kirin8020_v2_0(fail) NNRT:HIAI_F(fail) CPU(ok)
E2EMATRIX LOAD role=cls backend=nnrt_fp32 ok=1;id=14;cached=0;name=models/litemodel_cls_96x_r1.ms;backend=CPU;requested=nnrt_fp32;fallbackFrom=NNRT:NPU_ohos.boot.hardware.kirin8020_v2_0#fp32;attemptLog=NNRT:NPU_ohos.boot.hardware.kirin8020_v2_0#fp32(fail) NNRT:HIAI_F#fp32(fail) CPU(ok);inputName=data;outputName=output;inputShape=[1,96,96,3];outputShape=[1,3];inputFormat=NHWC;outputFormat=NCHW;inputElems=27648;outputElems=3;error=
E2EMATRIX RESULT role=cls backend=nnrt_fp32 LANDED=CPU engine=ms req=nnrt_fp32 fallback=NNRT:NPU_ohos.boot.hardware.kirin8020_v2_0#fp32 rep=0 match=1 code=苏ED5172 total=41.0291 stages=34.6931|4.8727|29.1816|0.0222|1.8134|3.2805|1.2261 trail=NNRT:NPU_ohos.boot.hardware.kirin8020_v2_0#fp32(fail) NNRT:HIAI_F#fp32(fail) CPU(ok)
E2EMATRIX RESULT role=cls backend=nnrt_fp32 LANDED=CPU engine=ms req=nnrt_fp32 fallback=NNRT:NPU_ohos.boot.hardware.kirin8020_v2_0#fp32 rep=1 match=1 code=苏ED5172 total=38.8511 stages=33.2120|3.3755|29.3727|0.0188|1.2583|3.3078|1.0606 trail=NNRT:NPU_ohos.boot.hardware.kirin8020_v2_0#fp32(fail) NNRT:HIAI_F#fp32(fail) CPU(ok)
E2EMATRIX RESULT role=cls backend=nnrt_fp32 LANDED=CPU engine=ms req=nnrt_fp32 fallback=NNRT:NPU_ohos.boot.hardware.kirin8020_v2_0#fp32 rep=2 match=1 code=苏ED5172 total=33.8114 stages=27.5822|2.4109|24.5658|0.0220|1.8703|3.3133|1.0309 trail=NNRT:NPU_ohos.boot.hardware.kirin8020_v2_0#fp32(fail) NNRT:HIAI_F#fp32(fail) CPU(ok)
E2EMATRIX LOAD role=cls backend=nnrt_fp16 ok=1;id=15;cached=0;name=models/litemodel_cls_96x_r1.ms;backend=CPU;requested=nnrt_fp16;fallbackFrom=NNRT:NPU_ohos.boot.hardware.kirin8020_v2_0;attemptLog=NNRT:NPU_ohos.boot.hardware.kirin8020_v2_0(fail) NNRT:HIAI_F(fail) CPU(ok);inputName=data;outputName=output;inputShape=[1,96,96,3];outputShape=[1,3];inputFormat=NHWC;outputFormat=NCHW;inputElems=27648;outputElems=3;error=
E2EMATRIX RESULT role=cls backend=nnrt_fp16 LANDED=CPU engine=ms req=nnrt_fp16 fallback=NNRT:NPU_ohos.boot.hardware.kirin8020_v2_0 rep=0 match=1 code=苏ED5172 total=33.3275 stages=27.6097|3.0053|24.0602|0.0192|1.5845|3.1934|0.9275 trail=NNRT:NPU_ohos.boot.hardware.kirin8020_v2_0(fail) NNRT:HIAI_F(fail) CPU(ok)
E2EMATRIX RESULT role=cls backend=nnrt_fp16 LANDED=CPU engine=ms req=nnrt_fp16 fallback=NNRT:NPU_ohos.boot.hardware.kirin8020_v2_0 rep=1 match=1 code=苏ED5172 total=33.3406 stages=27.0945|2.3363|24.1505|0.0213|1.8967|3.2778|1.0603 trail=NNRT:NPU_ohos.boot.hardware.kirin8020_v2_0(fail) NNRT:HIAI_F(fail) CPU(ok)
E2EMATRIX RESULT role=cls backend=nnrt_fp16 LANDED=CPU engine=ms req=nnrt_fp16 fallback=NNRT:NPU_ohos.boot.hardware.kirin8020_v2_0 rep=2 match=1 code=苏ED5172 total=34.0236 stages=27.4875|2.4588|24.4239|0.0248|2.0269|3.4119|1.0881 trail=NNRT:NPU_ohos.boot.hardware.kirin8020_v2_0(fail) NNRT:HIAI_F(fail) CPU(ok)
E2EMATRIX LOAD role=cls backend=gpu ok=1;id=16;cached=0;name=models/litemodel_cls_96x_r1.ms;backend=CPU;requested=gpu;fallbackFrom=GPU:fp16;attemptLog=GPU:fp16(fail) GPU:fp32(fail) CPU(ok);inputName=data;outputName=output;inputShape=[1,96,96,3];outputShape=[1,3];inputFormat=NHWC;outputFormat=NCHW;inputElems=27648;outputElems=3;error=
E2EMATRIX RESULT role=cls backend=gpu LANDED=CPU engine=ms req=gpu fallback=GPU:fp16 rep=0 match=1 code=苏ED5172 total=43.9066 stages=38.0325|6.6834|30.8375|0.0188|1.6305|3.2566|0.9758 trail=GPU:fp16(fail) GPU:fp32(fail) CPU(ok)
E2EMATRIX RESULT role=cls backend=gpu LANDED=CPU engine=ms req=gpu fallback=GPU:fp16 rep=1 match=1 code=苏ED5172 total=42.8105 stages=36.9708|4.8533|31.6336|0.0197|1.5612|3.3042|0.9650 trail=GPU:fp16(fail) GPU:fp32(fail) CPU(ok)
E2EMATRIX RESULT role=cls backend=gpu LANDED=CPU engine=ms req=gpu fallback=GPU:fp16 rep=2 match=1 code=苏ED5172 total=38.4773 stages=32.7658|2.2045|30.0144|0.0203|1.5562|3.2231|0.9216 trail=GPU:fp16(fail) GPU:fp32(fail) CPU(ok)
E2EMATRIX LOAD role=cls backend=kirin ok=1;id=17;cached=0;name=models/litemodel_cls_96x_r1.ms;backend=CPU;requested=kirin;fallbackFrom=KIRIN_NPU;attemptLog=KIRIN_NPU(fail) CPU(ok);inputName=data;outputName=output;inputShape=[1,96,96,3];outputShape=[1,3];inputFormat=NHWC;outputFormat=NCHW;inputElems=27648;outputElems=3;error=
E2EMATRIX RESULT role=cls backend=kirin LANDED=CPU engine=ms req=kirin fallback=KIRIN_NPU rep=0 match=1 code=苏ED5172 total=43.6672 stages=37.6056|5.5253|31.5409|0.0214|1.7997|3.2255|1.0223 trail=KIRIN_NPU(fail) CPU(ok)
E2EMATRIX RESULT role=cls backend=kirin LANDED=CPU engine=ms req=kirin fallback=KIRIN_NPU rep=1 match=1 code=苏ED5172 total=41.8742 stages=35.7830|3.4205|31.7534|0.0211|1.7761|3.2730|1.0323 trail=KIRIN_NPU(fail) CPU(ok)
E2EMATRIX RESULT role=cls backend=kirin LANDED=CPU engine=ms req=kirin fallback=KIRIN_NPU rep=2 match=1 code=苏ED5172 total=42.2520 stages=36.4886|2.4497|33.4720|0.0198|1.4006|3.3391|1.0097 trail=KIRIN_NPU(fail) CPU(ok)
E2EMATRIX LOAD role=cls-fp32 backend=cpu ok=1;id=18;cached=0;name=models/litemodel_cls_96x_r1_fp32.ms;backend=CPU;requested=cpu;fallbackFrom=;attemptLog=CPU(ok);inputName=data;outputName=output;inputShape=[1,96,96,3];outputShape=[1,3];inputFormat=NHWC;outputFormat=NCHW;inputElems=27648;outputElems=3;error=
E2EMATRIX RESULT role=cls-fp32 backend=cpu LANDED=CPU engine=ms req=cpu fallback= rep=0 match=1 code=苏ED5172 total=44.6914 stages=38.5175|5.6650|32.2800|0.0222|1.7739|3.3548|1.0348 trail=CPU(ok)
E2EMATRIX RESULT role=cls-fp32 backend=cpu LANDED=CPU engine=ms req=cpu fallback= rep=1 match=1 code=苏ED5172 total=45.8792 stages=40.1592|5.4062|34.2541|0.0195|1.5566|3.1859|0.9666 trail=CPU(ok)
E2EMATRIX RESULT role=cls-fp32 backend=cpu LANDED=CPU engine=ms req=cpu fallback= rep=2 match=1 code=苏ED5172 total=44.5623 stages=39.0706|4.8492|33.7212|0.0205|1.3141|3.2117|0.9559 trail=CPU(ok)
E2EMATRIX LOAD role=cls-fp32 backend=nnrt ok=1;id=19;cached=0;name=models/litemodel_cls_96x_r1_fp32.ms;backend=NNRT:NPU_ohos.boot.hardware.kirin8020_v2_0;requested=nnrt;fallbackFrom=;attemptLog=NNRT:NPU_ohos.boot.hardware.kirin8020_v2_0(ok);inputName=data;outputName=output;inputShape=[1,96,96,3];outputShape=[1,3];inputFormat=NHWC;outputFormat=NCHW;inputElems=27648;outputElems=3;error=
E2EMATRIX RESULT role=cls-fp32 backend=nnrt LANDED=NNRT:NPU_ohos.boot.hardware.kirin8020_v2_0 engine=ms req=nnrt fallback= rep=0 match=1 code=苏ED5172 total=56.4505 stages=49.4391|13.4317|35.3153|0.0264|2.1613|3.5847|1.2578 trail=NNRT:NPU_ohos.boot.hardware.kirin8020_v2_0(ok)
E2EMATRIX RESULT role=cls-fp32 backend=nnrt LANDED=NNRT:NPU_ohos.boot.hardware.kirin8020_v2_0 engine=ms req=nnrt fallback= rep=1 match=1 code=苏ED5172 total=80.1453 stages=67.3567|5.8516|59.2923|0.0853|7.6423|3.9023|1.2345 trail=NNRT:NPU_ohos.boot.hardware.kirin8020_v2_0(ok)
E2EMATRIX RESULT role=cls-fp32 backend=nnrt LANDED=NNRT:NPU_ohos.boot.hardware.kirin8020_v2_0 engine=ms req=nnrt fallback= rep=2 match=1 code=苏ED5172 total=68.0945 stages=61.2238|19.8433|40.6766|0.0230|2.1209|3.4986|1.2406 trail=NNRT:NPU_ohos.boot.hardware.kirin8020_v2_0(ok)
E2EMATRIX LOAD role=cls-fp32 backend=nnrt_fp32 ok=0;backend=nnrt_fp32;error=session cap 20 reached
E2EMATRIX LOAD role=cls-fp32 backend=nnrt_fp16 ok=0;backend=nnrt_fp16;error=session cap 20 reached
E2EMATRIX LOAD role=cls-fp32 backend=gpu ok=0;backend=gpu;error=session cap 20 reached
E2EMATRIX LOAD role=cls-fp32 backend=kirin ok=0;backend=kirin;error=session cap 20 reached
NCNNSLOT LOAD role=rec mode=cpu ok=1;slot=1;layers=252;inputs=in0;outputs=out0;requestedVulkan=0;effectiveVulkan=0;vkLayers=1/252;vkGpuCount=1;vkGpuName=Maleoon_920C;gpuProbe=not requested
NCNNSLOT RESULT role=rec mode=cpu LANDED=CPU engine=ncnn vkReq=0 vk=0 vkLayers=1/252 rep=0 match=1 code=苏ED5172 colour=蓝牌 total=105.3261 stages=62.7219|4.8967|55.7028|0.0673|7.5991|32.7439|2.2434 chars=苏|E|D|5|1|7|2 clsScores=0.0001|0.9998|0.0001
NCNNSLOT RESULT role=rec mode=cpu LANDED=CPU engine=ncnn vkReq=0 vk=0 vkLayers=1/252 rep=1 match=1 code=苏ED5172 colour=蓝牌 total=60.8506 stages=41.8363|6.2583|34.9692|0.0256|1.8653|15.0295|2.1017 chars=苏|E|D|5|1|7|2 clsScores=0.0001|0.9998|0.0001
NCNNSLOT RESULT role=rec mode=cpu LANDED=CPU engine=ncnn vkReq=0 vk=0 vkLayers=1/252 rep=2 match=1 code=苏ED5172 colour=蓝牌 total=48.6856 stages=35.4297|10.7811|24.0603|0.0211|1.5614|10.2106|1.3319 chars=苏|E|D|5|1|7|2 clsScores=0.0001|0.9998|0.0001
NCNNSLOT LOAD role=rec mode=vulkan ok=1;slot=1;layers=252;inputs=in0;outputs=out0;requestedVulkan=1;effectiveVulkan=1;vkLayers=251/252;vkGpuCount=1;vkGpuName=Maleoon_920C;gpuProbe=ok=1;count=1;name=Maleoon 920C;driver=Maleoon 920C;api=4206867;fp16=111
NCNNSLOT RESULT role=rec mode=vulkan LANDED=GPU engine=ncnn vkReq=1 vk=1 vkLayers=251/252 rep=0 match=1 code=苏ED5172 colour=蓝牌 total=110.3130 stages=43.2061|7.3334|35.1998|0.0241|2.2067|63.0564|1.8059 chars=苏|E|D|5|1|7|2 clsScores=0.0001|0.9998|0.0001
NCNNSLOT RESULT role=rec mode=vulkan LANDED=GPU engine=ncnn vkReq=1 vk=1 vkLayers=251/252 rep=1 match=1 code=苏ED5172 colour=蓝牌 total=87.2202 stages=40.1831|3.9563|35.7036|0.0217|1.5694|43.0728|2.3730 chars=苏|E|D|5|1|7|2 clsScores=0.0001|0.9998|0.0001
NCNNSLOT RESULT role=rec mode=vulkan LANDED=GPU engine=ncnn vkReq=1 vk=1 vkLayers=251/252 rep=2 match=1 code=苏ED5172 colour=蓝牌 total=91.4406 stages=39.5752|5.1791|33.8786|0.0197|1.5583|46.2444|4.0236 chars=苏|E|D|5|1|7|2 clsScores=0.0001|0.9998|0.0001
NCNNSLOT LOAD role=cls mode=cpu ok=1;slot=2;layers=78;inputs=in0;outputs=out0;requestedVulkan=0;effectiveVulkan=0;vkLayers=1/78;vkGpuCount=1;vkGpuName=Maleoon_920C;gpuProbe=not requested
NCNNSLOT RESULT role=cls mode=cpu LANDED=CPU engine=ncnn vkReq=0 vk=0 vkLayers=1/78 rep=0 match=1 code=苏ED5172 colour=蓝牌 total=42.7598 stages=36.0259|2.2595|33.2902|0.0180|1.5664|3.2422|1.9173 chars=苏|E|D|5|1|7|2 clsScores=0.0001|0.9998|0.0001
NCNNSLOT RESULT role=cls mode=cpu LANDED=CPU engine=ncnn vkReq=0 vk=0 vkLayers=1/78 rep=1 match=1 code=苏ED5172 colour=蓝牌 total=20.3872 stages=14.2859|2.9202|10.8567|0.0186|1.5697|3.3150|1.2078 chars=苏|E|D|5|1|7|2 clsScores=0.0001|0.9998|0.0001
NCNNSLOT RESULT role=cls mode=cpu LANDED=CPU engine=ncnn vkReq=0 vk=0 vkLayers=1/78 rep=2 match=1 code=苏ED5172 colour=蓝牌 total=21.9928 stages=15.9736|2.2887|13.1870|0.0184|1.5802|3.2420|1.1906 chars=苏|E|D|5|1|7|2 clsScores=0.0001|0.9998|0.0001
NCNNSLOT LOAD role=cls mode=vulkan ok=1;slot=2;layers=78;inputs=in0;outputs=out0;requestedVulkan=1;effectiveVulkan=1;vkLayers=78/78;vkGpuCount=1;vkGpuName=Maleoon_920C;gpuProbe=ok=1;count=1;name=Maleoon 920C;driver=Maleoon 920C;api=4206867;fp16=111
NCNNSLOT RESULT role=cls mode=vulkan LANDED=GPU engine=ncnn vkReq=1 vk=1 vkLayers=78/78 rep=0 match=1 code=苏ED5172 colour=蓝牌 total=85.3552 stages=58.4672|4.4803|51.7717|0.0781|7.6145|5.2705|13.9823 chars=苏|E|D|5|1|7|2 clsScores=0.0001|0.9998|0.0001
NCNNSLOT RESULT role=cls mode=vulkan LANDED=GPU engine=ncnn vkReq=1 vk=1 vkLayers=78/78 rep=1 match=1 code=苏ED5172 colour=蓝牌 total=58.1617 stages=44.6827|8.6358|35.3472|0.0270|2.2416|3.5723|7.6545 chars=苏|E|D|5|1|7|2 clsScores=0.0001|0.9998|0.0001
NCNNSLOT RESULT role=cls mode=vulkan LANDED=GPU engine=ncnn vkReq=1 vk=1 vkLayers=78/78 rep=2 match=1 code=苏ED5172 colour=蓝牌 total=43.2772 stages=31.3600|2.8720|27.9714|0.0192|1.6038|3.1994|7.1069 chars=苏|E|D|5|1|7|2 clsScores=0.0001|0.9998|0.0001
CANN ENUM ok=1;probe=nnrt+hiai;nnrt_runtime=soname;nnrt_core=soname;hiai_foundation=soname;cann_version=108.631.120.010;getAllDevices_rc=0;device_count=2;d0=id=8987859593747354028,name=HIAI_F,type=ACCELERATOR,nameRc=0,typeRc=0;d1=id=13306020061847651998,name=NPU_ohos.boot.hardware.kirin8020_v2_0,type=ACCELERATOR,nameRc=0,typeRc=0;
CANN TRY model=models/probe_hiai_imagenet.om size=2496459 ok=1;bytes=2496459;hiai_compat_code=0;hiai_compat_note=0=compatible,1=incompatible;construct=ok;picked_device=8987859593747354028;picked_device_all0=8987859593747354028;set_device_rc=0;build_rc=0;build_note=0=SUCCESS, else see OH_NN_ReturnCode;executor=ok;in_count=1;out_count=1;in0=name=data,dtype=FLOAT32,shape=[1x3x227x227];out0=name=output_0_prob_0,dtype=FLOAT32,shape=[1x1000x1x1];in_bytes=618348;out_bytes=4000;run_tensors=1in/1out;run_rc=0;run_ms_each=5.018|0.987|0.975;o0_sum=1.0005;o0_argmax=111;o0_max=0.1509;out_note=synthetic-input->argmax NOT meaningful;executor_destroyed=1;destroyed=1;
CANN TRY model=models/probe_om_lprnet.om size=916283 ok=1;bytes=916283;hiai_compat_code=0;hiai_compat_note=0=compatible,1=incompatible;construct=ok;picked_device=8987859593747354028;picked_device_all0=8987859593747354028;set_device_rc=0;build_rc=0;build_note=0=SUCCESS, else see OH_NN_ReturnCode;executor=ok;in_count=1;out_count=1;in0=name=input,dtype=FLOAT32,shape=[1x3x24x94];out0=name=output,dtype=FLOAT32,shape=[1x1x68x18];in_bytes=27072;out_bytes=4896;run_tensors=1in/1out;run_rc=0;run_ms_each=2.025|1.626|1.379;o0_sum=-62362.3169;o0_argmax=1206;o0_max=311.5000;out_note=synthetic-input->argmax NOT meaningful;executor_destroyed=1;destroyed=1;
CANN TRY model=models/probe_om_lprnet_npufix.om size=915413 ok=1;bytes=915413;hiai_compat_code=0;hiai_compat_note=0=compatible,1=incompatible;construct=ok;picked_device=8987859593747354028;picked_device_all0=8987859593747354028;set_device_rc=0;build_rc=0;build_note=0=SUCCESS, else see OH_NN_ReturnCode;executor=ok;in_count=1;out_count=1;in0=name=input,dtype=FLOAT32,shape=[1x3x24x94];out0=name=output,dtype=FLOAT32,shape=[1x1x68x18];in_bytes=27072;out_bytes=4896;run_tensors=1in/1out;run_rc=0;run_ms_each=2.335|1.129|1.100;o0_sum=-62362.3169;o0_argmax=1206;o0_max=311.5000;out_note=synthetic-input->argmax NOT meaningful;executor_destroyed=1;destroyed=1;
CANN TRY model=models/probe_om_det.om size=1948509 ok=1;bytes=1948509;hiai_compat_code=1;hiai_compat_note=0=compatible,1=incompatible;construct=ok;picked_device=8987859593747354028;picked_device_all0=8987859593747354028;set_device_rc=0;build_rc=1;build_note=0=SUCCESS, else see OH_NN_ReturnCode;destroyed=1;
CANN TRY model=models/probe_om_dethead.om size=1010950 ok=1;bytes=1010950;hiai_compat_code=0;hiai_compat_note=0=compatible,1=incompatible;construct=ok;picked_device=8987859593747354028;picked_device_all0=8987859593747354028;set_device_rc=0;build_rc=0;build_note=0=SUCCESS, else see OH_NN_ReturnCode;executor=ok;in_count=1;out_count=3;in0=name=input,dtype=FLOAT32,shape=[1x3x320x320];out0=name=948,dtype=FLOAT32,shape=[1x45x40x40];out1=name=1061,dtype=FLOAT32,shape=[1x45x20x20];out2=name=1174,dtype=FLOAT32,shape=[1x45x10x10];in_bytes=1228800;out_bytes=378000;run_tensors=1in/3out;run_rc=0;run_ms_each=4.948|4.064|4.773;o0_sum=-25055.3415;o0_argmax=28756;o0_max=6.5898;o1_sum=-11325.9309;o1_argmax=11231;o1_max=5.9961;o2_sum=-3700.2237;o2_argmax=2888;o2_max=5.0664;out_note=synthetic-input->argmax NOT meaningful;executor_destroyed=1;destroyed=1;
CANN TRY model=models/probe_om_rec.om size=5041253 ok=1;bytes=5041253;hiai_compat_code=0;hiai_compat_note=0=compatible,1=incompatible;construct=ok;picked_device=8987859593747354028;picked_device_all0=8987859593747354028;set_device_rc=0;build_rc=0;build_note=0=SUCCESS, else see OH_NN_ReturnCode;executor=ok;in_count=1;out_count=1;in0=name=data,dtype=FLOAT32,shape=[1x3x48x160];out0=name=output,dtype=FLOAT32,shape=[1x1x20x78];in_bytes=92160;out_bytes=6240;run_tensors=1in/1out;run_rc=0;run_ms_each=5.284|4.017|4.047;o0_sum=19.9978;o0_argmax=1326;o0_max=0.8359;out_note=synthetic-input->argmax NOT meaningful;executor_destroyed=1;destroyed=1;
CANN TRY model=models/probe_om_cls.om size=841728 ok=1;bytes=841728;hiai_compat_code=0;hiai_compat_note=0=compatible,1=incompatible;construct=ok;picked_device=8987859593747354028;picked_device_all0=8987859593747354028;set_device_rc=0;build_rc=0;build_note=0=SUCCESS, else see OH_NN_ReturnCode;executor=ok;in_count=1;out_count=1;in0=name=data,dtype=FLOAT32,shape=[1x3x96x96];out0=name=output,dtype=FLOAT32,shape=[1x3x1x1];in_bytes=110592;out_bytes=12;run_tensors=1in/1out;run_rc=0;run_ms_each=1.591|0.956|0.942;o0_sum=0.9981;o0_argmax=0;o0_max=0.9980;out_note=synthetic-input->argmax NOT meaningful;executor_destroyed=1;destroyed=1;
CANN TRY model=models/y5fu_320x_head_fp32.ms size=1847336 ok=1;bytes=1847336;hiai_compat_code=1;hiai_compat_note=0=compatible,1=incompatible;construct=ok;picked_device=8987859593747354028;picked_device_all0=8987859593747354028;set_device_rc=0;build_rc=1;build_note=0=SUCCESS, else see OH_NN_ReturnCode;destroyed=1;
CANN TRY model=models/rpv3_mdict_160_r3.ms size=4480304 ok=1;bytes=4480304;hiai_compat_code=1;hiai_compat_note=0=compatible,1=incompatible;construct=ok;picked_device=8987859593747354028;picked_device_all0=8987859593747354028;set_device_rc=0;build_rc=1;build_note=0=SUCCESS, else see OH_NN_ReturnCode;destroyed=1;
CANN TRY model=models/litemodel_cls_96x_r1.ms size=817432 ok=1;bytes=817432;hiai_compat_code=1;hiai_compat_note=0=compatible,1=incompatible;construct=ok;picked_device=8987859593747354028;picked_device_all0=8987859593747354028;set_device_rc=0;build_rc=1;build_note=0=SUCCESS, else see OH_NN_ReturnCode;destroyed=1;
