E2EMATRIX LOAD role=cls backend=nnrt ok=1;id=13;cached=0;name=models/litemodel_cls_96x_r1.ms;backend=CPU;requested=nnrt;fallbackFrom=NNRT:NPU_ohos.boot.hardware.kirin8020_v2_0#fp32;attemptLog=NNRT:NPU_ohos.boot.hardware.kirin8020_v2_0#fp32(fail) NNRT:HIAI_F#fp32(fail) CPU(ok);inputName=data;outputName=output;inputShape=[1,96,96,3];outputShape=[1,3];inputFormat=NHWC;outputFormat=NCHW;inputElems=27648;outputElems=3;error=
E2EMATRIX RESULT role=cls backend=nnrt LANDED=CPU engine=ms req=nnrt fallback=NNRT:NPU_ohos.boot.hardware.kirin8020_v2_0#fp32 rep=0 match=1 code=苏ED5172 total=45.3427 stages=39.1730|1.7620|3.2939|1.1030 trail=NNRT:NPU_ohos.boot.hardware.kirin8020_v2_0#fp32(fail) NNRT:HIAI_F#fp32(fail) CPU(ok)
E2EMATRIX RESULT role=cls backend=nnrt LANDED=CPU engine=ms req=nnrt fallback=NNRT:NPU_ohos.boot.hardware.kirin8020_v2_0#fp32 rep=1 match=1 code=苏ED5172 total=44.4455 stages=38.3733|1.6402|3.3069|1.1109 trail=NNRT:NPU_ohos.boot.hardware.kirin8020_v2_0#fp32(fail) NNRT:HIAI_F#fp32(fail) CPU(ok)
E2EMATRIX RESULT role=cls backend=nnrt LANDED=CPU engine=ms req=nnrt fallback=NNRT:NPU_ohos.boot.hardware.kirin8020_v2_0#fp32 rep=2 match=1 code=苏ED5172 total=38.0083 stages=32.2683|1.5973|3.2070|0.9238 trail=NNRT:NPU_ohos.boot.hardware.kirin8020_v2_0#fp32(fail) NNRT:HIAI_F#fp32(fail) CPU(ok)
E2EMATRIX LOAD role=cls backend=nnrt_fp32 ok=1;id=14;cached=0;name=models/litemodel_cls_96x_r1.ms;backend=CPU;requested=nnrt_fp32;fallbackFrom=NNRT:NPU_ohos.boot.hardware.kirin8020_v2_0#fp32;attemptLog=NNRT:NPU_ohos.boot.hardware.kirin8020_v2_0#fp32(fail) NNRT:HIAI_F#fp32(fail) CPU(ok);inputName=data;outputName=output;inputShape=[1,96,96,3];outputShape=[1,3];inputFormat=NHWC;outputFormat=NCHW;inputElems=27648;outputElems=3;error=
E2EMATRIX RESULT role=cls backend=nnrt_fp32 LANDED=CPU engine=ms req=nnrt_fp32 fallback=NNRT:NPU_ohos.boot.hardware.kirin8020_v2_0#fp32 rep=0 match=1 code=苏ED5172 total=54.0361 stages=47.6570|1.9450|3.3155|1.1064 trail=NNRT:NPU_ohos.boot.hardware.kirin8020_v2_0#fp32(fail) NNRT:HIAI_F#fp32(fail) CPU(ok)
E2EMATRIX RESULT role=cls backend=nnrt_fp32 LANDED=CPU engine=ms req=nnrt_fp32 fallback=NNRT:NPU_ohos.boot.hardware.kirin8020_v2_0#fp32 rep=1 match=1 code=苏ED5172 total=53.6419 stages=46.9489|1.6025|4.1080|0.9708 trail=NNRT:NPU_ohos.boot.hardware.kirin8020_v2_0#fp32(fail) NNRT:HIAI_F#fp32(fail) CPU(ok)
E2EMATRIX RESULT role=cls backend=nnrt_fp32 LANDED=CPU engine=ms req=nnrt_fp32 fallback=NNRT:NPU_ohos.boot.hardware.kirin8020_v2_0#fp32 rep=2 match=1 code=苏ED5172 total=41.3447 stages=35.1897|1.6517|3.5103|0.9836 trail=NNRT:NPU_ohos.boot.hardware.kirin8020_v2_0#fp32(fail) NNRT:HIAI_F#fp32(fail) CPU(ok)
E2EMATRIX LOAD role=cls backend=nnrt_fp16 ok=1;id=15;cached=0;name=models/litemodel_cls_96x_r1.ms;backend=CPU;requested=nnrt_fp16;fallbackFrom=NNRT:NPU_ohos.boot.hardware.kirin8020_v2_0;attemptLog=NNRT:NPU_ohos.boot.hardware.kirin8020_v2_0(fail) NNRT:HIAI_F(fail) CPU(ok);inputName=data;outputName=output;inputShape=[1,96,96,3];outputShape=[1,3];inputFormat=NHWC;outputFormat=NCHW;inputElems=27648;outputElems=3;error=
E2EMATRIX RESULT role=cls backend=nnrt_fp16 LANDED=CPU engine=ms req=nnrt_fp16 fallback=NNRT:NPU_ohos.boot.hardware.kirin8020_v2_0 rep=0 match=1 code=苏ED5172 total=45.2095 stages=38.9463|1.8247|3.3034|1.1233 trail=NNRT:NPU_ohos.boot.hardware.kirin8020_v2_0(fail) NNRT:HIAI_F(fail) CPU(ok)
E2EMATRIX RESULT role=cls backend=nnrt_fp16 LANDED=CPU engine=ms req=nnrt_fp16 fallback=NNRT:NPU_ohos.boot.hardware.kirin8020_v2_0 rep=1 match=1 code=苏ED5172 total=39.8580 stages=33.4323|1.8144|3.3922|1.2083 trail=NNRT:NPU_ohos.boot.hardware.kirin8020_v2_0(fail) NNRT:HIAI_F(fail) CPU(ok)
E2EMATRIX RESULT role=cls backend=nnrt_fp16 LANDED=CPU engine=ms req=nnrt_fp16 fallback=NNRT:NPU_ohos.boot.hardware.kirin8020_v2_0 rep=2 match=1 code=苏ED5172 total=36.4927 stages=29.4806|2.0534|3.7278|1.2200 trail=NNRT:NPU_ohos.boot.hardware.kirin8020_v2_0(fail) NNRT:HIAI_F(fail) CPU(ok)
E2EMATRIX LOAD role=cls backend=gpu ok=1;id=16;cached=0;name=models/litemodel_cls_96x_r1.ms;backend=CPU;requested=gpu;fallbackFrom=GPU:fp16;attemptLog=GPU:fp16(fail) GPU:fp32(fail) CPU(ok);inputName=data;outputName=output;inputShape=[1,96,96,3];outputShape=[1,3];inputFormat=NHWC;outputFormat=NCHW;inputElems=27648;outputElems=3;error=
E2EMATRIX RESULT role=cls backend=gpu LANDED=CPU engine=ms req=gpu fallback=GPU:fp16 rep=0 match=1 code=苏ED5172 total=37.1377 stages=30.4525|2.1769|3.3291|1.1658 trail=GPU:fp16(fail) GPU:fp32(fail) CPU(ok)
E2EMATRIX RESULT role=cls backend=gpu LANDED=CPU engine=ms req=gpu fallback=GPU:fp16 rep=1 match=1 code=苏ED5172 total=29.6730 stages=22.8434|2.1269|3.3970|1.2903 trail=GPU:fp16(fail) GPU:fp32(fail) CPU(ok)
E2EMATRIX RESULT role=cls backend=gpu LANDED=CPU engine=ms req=gpu fallback=GPU:fp16 rep=2 match=1 code=苏ED5172 total=42.1962 stages=35.3847|2.0627|3.5170|1.2209 trail=GPU:fp16(fail) GPU:fp32(fail) CPU(ok)
E2EMATRIX LOAD role=cls backend=kirin ok=1;id=17;cached=0;name=models/litemodel_cls_96x_r1.ms;backend=CPU;requested=kirin;fallbackFrom=KIRIN_NPU;attemptLog=KIRIN_NPU(fail) CPU(ok);inputName=data;outputName=output;inputShape=[1,96,96,3];outputShape=[1,3];inputFormat=NHWC;outputFormat=NCHW;inputElems=27648;outputElems=3;error=
E2EMATRIX RESULT role=cls backend=kirin LANDED=CPU engine=ms req=kirin fallback=KIRIN_NPU rep=0 match=1 code=苏ED5172 total=67.5648 stages=50.2767|7.6692|5.5108|4.0731 trail=KIRIN_NPU(fail) CPU(ok)
E2EMATRIX RESULT role=cls backend=kirin LANDED=CPU engine=ms req=kirin fallback=KIRIN_NPU rep=1 match=1 code=苏ED5172 total=75.0666 stages=58.2147|7.6377|5.2031|3.9773 trail=KIRIN_NPU(fail) CPU(ok)
E2EMATRIX RESULT role=cls backend=kirin LANDED=CPU engine=ms req=kirin fallback=KIRIN_NPU rep=2 match=1 code=苏ED5172 total=81.1052 stages=60.3777|7.6517|9.1695|3.8770 trail=KIRIN_NPU(fail) CPU(ok)
E2EMATRIX LOAD role=cls-fp32 backend=cpu ok=1;id=18;cached=0;name=models/litemodel_cls_96x_r1_fp32.ms;backend=CPU;requested=cpu;fallbackFrom=;attemptLog=CPU(ok);inputName=data;outputName=output;inputShape=[1,96,96,3];outputShape=[1,3];inputFormat=NHWC;outputFormat=NCHW;inputElems=27648;outputElems=3;error=
E2EMATRIX RESULT role=cls-fp32 backend=cpu LANDED=CPU engine=ms req=cpu fallback= rep=0 match=1 code=苏ED5172 total=75.2486 stages=58.2955|7.6888|5.3408|3.8898 trail=CPU(ok)
E2EMATRIX RESULT role=cls-fp32 backend=cpu LANDED=CPU engine=ms req=cpu fallback= rep=1 match=1 code=苏ED5172 total=76.9613 stages=60.1192|7.6142|5.3278|3.8705 trail=CPU(ok)
E2EMATRIX RESULT role=cls-fp32 backend=cpu LANDED=CPU engine=ms req=cpu fallback= rep=2 match=1 code=苏ED5172 total=77.1078 stages=59.8209|7.5816|5.4970|4.1773 trail=CPU(ok)
E2EMATRIX LOAD role=cls-fp32 backend=nnrt ok=1;id=19;cached=0;name=models/litemodel_cls_96x_r1_fp32.ms;backend=NNRT:NPU_ohos.boot.hardware.kirin8020_v2_0#fp32;requested=nnrt;fallbackFrom=;attemptLog=NNRT:NPU_ohos.boot.hardware.kirin8020_v2_0#fp32(ok);inputName=data;outputName=output;inputShape=[1,96,96,3];outputShape=[1,3];inputFormat=NHWC;outputFormat=NCHW;inputElems=27648;outputElems=3;error=
E2EMATRIX RESULT role=cls-fp32 backend=nnrt LANDED=NNRT:NPU_ohos.boot.hardware.kirin8020_v2_0#fp32 engine=ms req=nnrt fallback= rep=0 match=1 code=苏ED5172 total=84.9772 stages=63.6178|7.6339|11.3017|2.3906 trail=NNRT:NPU_ohos.boot.hardware.kirin8020_v2_0#fp32(ok)
E2EMATRIX RESULT role=cls-fp32 backend=nnrt LANDED=NNRT:NPU_ohos.boot.hardware.kirin8020_v2_0#fp32 engine=ms req=nnrt fallback= rep=1 match=1 code=苏ED5172 total=89.4070 stages=73.9969|7.7125|5.4755|2.1998 trail=NNRT:NPU_ohos.boot.hardware.kirin8020_v2_0#fp32(ok)
E2EMATRIX RESULT role=cls-fp32 backend=nnrt LANDED=NNRT:NPU_ohos.boot.hardware.kirin8020_v2_0#fp32 engine=ms req=nnrt fallback= rep=2 match=1 code=苏ED5172 total=69.1289 stages=61.9045|2.1905|3.6366|1.3841 trail=NNRT:NPU_ohos.boot.hardware.kirin8020_v2_0#fp32(ok)
E2EMATRIX LOAD role=cls-fp32 backend=nnrt_fp32 ok=0;backend=nnrt_fp32;error=session cap 20 reached
E2EMATRIX LOAD role=cls-fp32 backend=nnrt_fp16 ok=0;backend=nnrt_fp16;error=session cap 20 reached
E2EMATRIX LOAD role=cls-fp32 backend=gpu ok=0;backend=gpu;error=session cap 20 reached
E2EMATRIX LOAD role=cls-fp32 backend=kirin ok=0;backend=kirin;error=session cap 20 reached
NCNNSLOT LOAD role=rec mode=cpu ok=1;slot=1;layers=252;inputs=in0;outputs=out0;requestedVulkan=0;effectiveVulkan=0;vkLayers=1/252;vkGpuCount=1;vkGpuName=Maleoon_920C;gpuProbe=not requested
NCNNSLOT RESULT role=rec mode=cpu LANDED=CPU engine=ncnn vkReq=0 vk=0 vkLayers=1/252 rep=0 match=1 code=苏ED5172 colour=蓝牌 total=68.6098 stages=46.1584|3.5117|17.0513|1.8700 chars=苏|E|D|5|1|7|2 clsScores=0.0001|0.9998|0.0001
NCNNSLOT RESULT role=rec mode=cpu LANDED=CPU engine=ncnn vkReq=0 vk=0 vkLayers=1/252 rep=1 match=1 code=苏ED5172 colour=蓝牌 total=71.6769 stages=46.4870|2.1945|20.8373|2.1450 chars=苏|E|D|5|1|7|2 clsScores=0.0001|0.9998|0.0001
NCNNSLOT RESULT role=rec mode=cpu LANDED=CPU engine=ncnn vkReq=0 vk=0 vkLayers=1/252 rep=2 match=1 code=苏ED5172 colour=蓝牌 total=83.0758 stages=56.7816|2.4205|21.3409|2.5095 chars=苏|E|D|5|1|7|2 clsScores=0.0001|0.9998|0.0001
NCNNSLOT LOAD role=rec mode=vulkan ok=1;slot=1;layers=252;inputs=in0;outputs=out0;requestedVulkan=1;effectiveVulkan=1;vkLayers=251/252;vkGpuCount=1;vkGpuName=Maleoon_920C;gpuProbe=ok=1;count=1;name=Maleoon 920C;driver=Maleoon 920C;api=4206867;fp16=111
NCNNSLOT RESULT role=rec mode=vulkan LANDED=GPU engine=ncnn vkReq=1 vk=1 vkLayers=251/252 rep=0 match=1 code=苏ED5172 colour=蓝牌 total=126.6419 stages=48.4186|7.7706|63.2050|7.1981 chars=苏|E|D|5|1|7|2 clsScores=0.0001|0.9998|0.0001
NCNNSLOT RESULT role=rec mode=vulkan LANDED=GPU engine=ncnn vkReq=1 vk=1 vkLayers=251/252 rep=1 match=1 code=苏ED5172 colour=蓝牌 total=144.1712 stages=58.6591|7.7059|70.5155|7.2548 chars=苏|E|D|5|1|7|2 clsScores=0.0001|0.9998|0.0001
NCNNSLOT RESULT role=rec mode=vulkan LANDED=GPU engine=ncnn vkReq=1 vk=1 vkLayers=251/252 rep=2 match=1 code=苏ED5172 colour=蓝牌 total=150.8258 stages=61.6727|7.6234|74.5478|6.9422 chars=苏|E|D|5|1|7|2 clsScores=0.0001|0.9998|0.0001
NCNNSLOT LOAD role=cls mode=cpu ok=1;slot=2;layers=78;inputs=in0;outputs=out0;requestedVulkan=0;effectiveVulkan=0;vkLayers=1/78;vkGpuCount=1;vkGpuName=Maleoon_920C;gpuProbe=not requested
NCNNSLOT RESULT role=cls mode=cpu LANDED=CPU engine=ncnn vkReq=0 vk=0 vkLayers=1/78 rep=0 match=1 code=苏ED5172 colour=蓝牌 total=35.6933 stages=28.4983|1.5867|3.5394|2.0605 chars=苏|E|D|5|1|7|2 clsScores=0.0001|0.9998|0.0001
NCNNSLOT RESULT role=cls mode=cpu LANDED=CPU engine=ncnn vkReq=0 vk=0 vkLayers=1/78 rep=1 match=1 code=苏ED5172 colour=蓝牌 total=42.4942 stages=35.3089|1.5678|3.4397|2.1705 chars=苏|E|D|5|1|7|2 clsScores=0.0001|0.9998|0.0001
NCNNSLOT RESULT role=cls mode=cpu LANDED=CPU engine=ncnn vkReq=0 vk=0 vkLayers=1/78 rep=2 match=1 code=苏ED5172 colour=蓝牌 total=43.3314 stages=35.8219|2.1959|3.6047|1.7006 chars=苏|E|D|5|1|7|2 clsScores=0.0001|0.9998|0.0001
NCNNSLOT LOAD role=cls mode=vulkan ok=1;slot=2;layers=78;inputs=in0;outputs=out0;requestedVulkan=1;effectiveVulkan=1;vkLayers=78/78;vkGpuCount=1;vkGpuName=Maleoon_920C;gpuProbe=ok=1;count=1;name=Maleoon 920C;driver=Maleoon 920C;api=4206867;fp16=111
NCNNSLOT RESULT role=cls mode=vulkan LANDED=GPU engine=ncnn vkReq=1 vk=1 vkLayers=78/78 rep=0 match=1 code=苏ED5172 colour=蓝牌 total=96.1445 stages=69.5311|7.5594|5.8453|13.1784 chars=苏|E|D|5|1|7|2 clsScores=0.0001|0.9998|0.0001
NCNNSLOT RESULT role=cls mode=vulkan LANDED=GPU engine=ncnn vkReq=1 vk=1 vkLayers=78/78 rep=1 match=1 code=苏ED5172 colour=蓝牌 total=100.6892 stages=73.6683|7.6069|6.5203|12.8661 chars=苏|E|D|5|1|7|2 clsScores=0.0001|0.9998|0.0001
NCNNSLOT RESULT role=cls mode=vulkan LANDED=GPU engine=ncnn vkReq=1 vk=1 vkLayers=78/78 rep=2 match=1 code=苏ED5172 colour=蓝牌 total=96.3377 stages=70.0091|7.6578|5.8436|12.8055 chars=苏|E|D|5|1|7|2 clsScores=0.0001|0.9998|0.0001
CANN ENUM ok=1;probe=nnrt+hiai;nnrt_runtime=soname;nnrt_core=soname;hiai_foundation=soname;cann_version=108.631.120.010;getAllDevices_rc=0;device_count=2;d0=id=8987859593747354028,name=HIAI_F,type=ACCELERATOR,nameRc=0,typeRc=0;d1=id=13306020061847651998,name=NPU_ohos.boot.hardware.kirin8020_v2_0,type=ACCELERATOR,nameRc=0,typeRc=0;
CANN TRY model=models/probe_hiai_imagenet.om size=2496459 ok=1;bytes=2496459;hiai_compat_code=0;hiai_compat_note=0=compatible,1=incompatible;construct=ok;picked_device=8987859593747354028;picked_device_all0=8987859593747354028;set_device_rc=0;build_rc=0;build_note=0=SUCCESS, else see OH_NN_ReturnCode;executor=ok;in_count=1;out_count=1;in0=name=data,dtype=FLOAT32,shape=[1x3x227x227];out0=name=output_0_prob_0,dtype=FLOAT32,shape=[1x1000x1x1];in_bytes=618348;out_bytes=4000;run_tensors=1in/1out;run_rc=0;run_ms_each=2.634|0.948|0.936;o0_sum=1.0005;o0_argmax=111;o0_max=0.1509;out_note=synthetic-input->argmax NOT meaningful;executor_destroyed=1;destroyed=1;
CANN TRY model=models/probe_om_lprnet.om size=916283 ok=1;bytes=916283;hiai_compat_code=0;hiai_compat_note=0=compatible,1=incompatible;construct=ok;picked_device=8987859593747354028;picked_device_all0=8987859593747354028;set_device_rc=0;build_rc=0;build_note=0=SUCCESS, else see OH_NN_ReturnCode;executor=ok;in_count=1;out_count=1;in0=name=input,dtype=FLOAT32,shape=[1x3x24x94];out0=name=output,dtype=FLOAT32,shape=[1x1x68x18];in_bytes=27072;out_bytes=4896;run_tensors=1in/1out;run_rc=0;run_ms_each=2.107|1.711|1.357;o0_sum=-62362.3169;o0_argmax=1206;o0_max=311.5000;out_note=synthetic-input->argmax NOT meaningful;executor_destroyed=1;destroyed=1;
CANN TRY model=models/probe_om_lprnet_npufix.om size=915413 ok=1;bytes=915413;hiai_compat_code=0;hiai_compat_note=0=compatible,1=incompatible;construct=ok;picked_device=8987859593747354028;picked_device_all0=8987859593747354028;set_device_rc=0;build_rc=0;build_note=0=SUCCESS, else see OH_NN_ReturnCode;executor=ok;in_count=1;out_count=1;in0=name=input,dtype=FLOAT32,shape=[1x3x24x94];out0=name=output,dtype=FLOAT32,shape=[1x1x68x18];in_bytes=27072;out_bytes=4896;run_tensors=1in/1out;run_rc=0;run_ms_each=3.164|1.488|1.456;o0_sum=-62362.3169;o0_argmax=1206;o0_max=311.5000;out_note=synthetic-input->argmax NOT meaningful;executor_destroyed=1;destroyed=1;
CANN TRY model=models/probe_om_det.om size=1948509 ok=1;bytes=1948509;hiai_compat_code=1;hiai_compat_note=0=compatible,1=incompatible;construct=ok;picked_device=8987859593747354028;picked_device_all0=8987859593747354028;set_device_rc=0;build_rc=1;build_note=0=SUCCESS, else see OH_NN_ReturnCode;destroyed=1;
CANN TRY model=models/probe_om_dethead.om size=1010950 ok=1;bytes=1010950;hiai_compat_code=0;hiai_compat_note=0=compatible,1=incompatible;construct=ok;picked_device=8987859593747354028;picked_device_all0=8987859593747354028;set_device_rc=0;build_rc=0;build_note=0=SUCCESS, else see OH_NN_ReturnCode;executor=ok;in_count=1;out_count=3;in0=name=input,dtype=FLOAT32,shape=[1x3x320x320];out0=name=948,dtype=FLOAT32,shape=[1x45x40x40];out1=name=1061,dtype=FLOAT32,shape=[1x45x20x20];out2=name=1174,dtype=FLOAT32,shape=[1x45x10x10];in_bytes=1228800;out_bytes=378000;run_tensors=1in/3out;run_rc=0;run_ms_each=4.064|4.683|5.051;o0_sum=-25055.3415;o0_argmax=28756;o0_max=6.5898;o1_sum=-11325.9309;o1_argmax=11231;o1_max=5.9961;o2_sum=-3700.2237;o2_argmax=2888;o2_max=5.0664;out_note=synthetic-input->argmax NOT meaningful;executor_destroyed=1;destroyed=1;
CANN TRY model=models/probe_om_rec.om size=5041253 ok=1;bytes=5041253;hiai_compat_code=0;hiai_compat_note=0=compatible,1=incompatible;construct=ok;picked_device=8987859593747354028;picked_device_all0=8987859593747354028;set_device_rc=0;build_rc=0;build_note=0=SUCCESS, else see OH_NN_ReturnCode;executor=ok;in_count=1;out_count=1;in0=name=data,dtype=FLOAT32,shape=[1x3x48x160];out0=name=output,dtype=FLOAT32,shape=[1x1x20x78];in_bytes=92160;out_bytes=6240;run_tensors=1in/1out;run_rc=0;run_ms_each=4.843|3.938|3.968;o0_sum=19.9978;o0_argmax=1326;o0_max=0.8359;out_note=synthetic-input->argmax NOT meaningful;executor_destroyed=1;destroyed=1;
CANN TRY model=models/probe_om_cls.om size=841728 ok=1;bytes=841728;hiai_compat_code=0;hiai_compat_note=0=compatible,1=incompatible;construct=ok;picked_device=8987859593747354028;picked_device_all0=8987859593747354028;set_device_rc=0;build_rc=0;build_note=0=SUCCESS, else see OH_NN_ReturnCode;executor=ok;in_count=1;out_count=1;in0=name=data,dtype=FLOAT32,shape=[1x3x96x96];out0=name=output,dtype=FLOAT32,shape=[1x3x1x1];in_bytes=110592;out_bytes=12;run_tensors=1in/1out;run_rc=0;run_ms_each=1.388|0.892|0.884;o0_sum=0.9981;o0_argmax=0;o0_max=0.9980;out_note=synthetic-input->argmax NOT meaningful;executor_destroyed=1;destroyed=1;
CANN TRY model=models/y5fu_320x_head_fp32.ms size=1847336 ok=1;bytes=1847336;hiai_compat_code=1;hiai_compat_note=0=compatible,1=incompatible;construct=ok;picked_device=8987859593747354028;picked_device_all0=8987859593747354028;set_device_rc=0;build_rc=1;build_note=0=SUCCESS, else see OH_NN_ReturnCode;destroyed=1;
CANN TRY model=models/rpv3_mdict_160_r3.ms size=4480304 ok=1;bytes=4480304;hiai_compat_code=1;hiai_compat_note=0=compatible,1=incompatible;construct=ok;picked_device=8987859593747354028;picked_device_all0=8987859593747354028;set_device_rc=0;build_rc=1;build_note=0=SUCCESS, else see OH_NN_ReturnCode;destroyed=1;
CANN TRY model=models/litemodel_cls_96x_r1.ms size=817432 ok=1;bytes=817432;hiai_compat_code=1;hiai_compat_note=0=compatible,1=incompatible;construct=ok;picked_device=8987859593747354028;picked_device_all0=8987859593747354028;set_device_rc=0;build_rc=1;build_note=0=SUCCESS, else see OH_NN_ReturnCode;destroyed=1;
E2EMATRIX LOAD role=det backend=cpu ok=1;id=0;cached=1;name=models/y5fu_320x_head_fp32.ms;backend=CPU;requested=cpu;fallbackFrom=;attemptLog=CPU(ok);inputName=input;outputName=948;inputShape=[1,320,320,3];outputShape=[1,45,40,40];inputFormat=NHWC;outputFormat=NCHW;inputElems=307200;outputElems=72000;error=
E2EMATRIX RESULT role=det backend=cpu LANDED=CPU engine=ms req=cpu fallback= rep=0 match=1 code=苏ED5172 total=26.8700 stages=20.2819|1.6884|3.5508|1.3227 trail=CPU(ok)
E2EMATRIX RESULT role=det backend=cpu LANDED=CPU engine=ms req=cpu fallback= rep=1 match=1 code=苏ED5172 total=28.9795 stages=20.2461|1.8345|5.5309|1.3450 trail=CPU(ok)
E2EMATRIX RESULT role=det backend=cpu LANDED=CPU engine=ms req=cpu fallback= rep=2 match=1 code=苏ED5172 total=26.5067 stages=20.0245|2.0512|3.3386|1.0792 trail=CPU(ok)
E2EMATRIX LOAD role=det backend=nnrt ok=1;id=3;cached=1;name=models/y5fu_320x_head_fp32.ms;backend=NNRT:NPU_ohos.boot.hardware.kirin8020_v2_0;requested=nnrt;fallbackFrom=;attemptLog=NNRT:NPU_ohos.boot.hardware.kirin8020_v2_0(ok);inputName=input;outputName=948;inputShape=[1,320,320,3];outputShape=[1,45,40,40];inputFormat=NHWC;outputFormat=NCHW;inputElems=307200;outputElems=72000;error=
E2EMATRIX RESULT role=det backend=nnrt LANDED=NNRT:NPU_ohos.boot.hardware.kirin8020_v2_0 engine=ms req=nnrt fallback= rep=0 match=0 code=苏E05172 total=17.4931 stages=9.3138|1.8402|3.3297|2.9856 trail=NNRT:NPU_ohos.boot.hardware.kirin8020_v2_0(ok)
E2EMATRIX RESULT role=det backend=nnrt LANDED=NNRT:NPU_ohos.boot.hardware.kirin8020_v2_0 engine=ms req=nnrt fallback= rep=1 match=0 code=苏E05172 total=23.2486 stages=14.5813|3.1617|3.7722|1.7122 trail=NNRT:NPU_ohos.boot.hardware.kirin8020_v2_0(ok)
E2EMATRIX RESULT role=det backend=nnrt LANDED=NNRT:NPU_ohos.boot.hardware.kirin8020_v2_0 engine=ms req=nnrt fallback= rep=2 match=0 code=苏E05172 total=24.0450 stages=15.3058|3.1712|3.8920|1.6545 trail=NNRT:NPU_ohos.boot.hardware.kirin8020_v2_0(ok)
E2EMATRIX LOAD role=det backend=nnrt_fp32 ok=1;id=4;cached=0;name=models/y5fu_320x_head_fp32.ms;backend=NNRT:NPU_ohos.boot.hardware.kirin8020_v2_0#fp32;requested=nnrt_fp32;fallbackFrom=;attemptLog=NNRT:NPU_ohos.boot.hardware.kirin8020_v2_0#fp32(ok);inputName=input;outputName=948;inputShape=[1,320,320,3];outputShape=[1,45,40,40];inputFormat=NHWC;outputFormat=NCHW;inputElems=307200;outputElems=72000;error=
E2EMATRIX RESULT role=det backend=nnrt_fp32 LANDED=NNRT:NPU_ohos.boot.hardware.kirin8020_v2_0#fp32 engine=ms req=nnrt_fp32 fallback= rep=0 match=0 code=苏E05172 total=28.9661 stages=14.8973|4.2805|6.8386|2.9103 trail=NNRT:NPU_ohos.boot.hardware.kirin8020_v2_0#fp32(ok)
E2EMATRIX RESULT role=det backend=nnrt_fp32 LANDED=NNRT:NPU_ohos.boot.hardware.kirin8020_v2_0#fp32 engine=ms req=nnrt_fp32 fallback= rep=1 match=0 code=苏E05172 total=23.4095 stages=13.1223|4.1841|3.8131|2.2698 trail=NNRT:NPU_ohos.boot.hardware.kirin8020_v2_0#fp32(ok)
E2EMATRIX RESULT role=det backend=nnrt_fp32 LANDED=NNRT:NPU_ohos.boot.hardware.kirin8020_v2_0#fp32 engine=ms req=nnrt_fp32 fallback= rep=2 match=0 code=苏E05172 total=27.6783 stages=18.0147|2.8817|4.2017|2.5569 trail=NNRT:NPU_ohos.boot.hardware.kirin8020_v2_0#fp32(ok)
E2EMATRIX LOAD role=det backend=nnrt_fp16 ok=1;id=5;cached=0;name=models/y5fu_320x_head_fp32.ms;backend=NNRT:NPU_ohos.boot.hardware.kirin8020_v2_0;requested=nnrt_fp16;fallbackFrom=;attemptLog=NNRT:NPU_ohos.boot.hardware.kirin8020_v2_0(ok);inputName=input;outputName=948;inputShape=[1,320,320,3];outputShape=[1,45,40,40];inputFormat=NHWC;outputFormat=NCHW;inputElems=307200;outputElems=72000;error=
E2EMATRIX RESULT role=det backend=nnrt_fp16 LANDED=NNRT:NPU_ohos.boot.hardware.kirin8020_v2_0 engine=ms req=nnrt_fp16 fallback= rep=0 match=0 code=苏E05172 total=22.7720 stages=12.6428|3.6978|3.8095|2.5844 trail=NNRT:NPU_ohos.boot.hardware.kirin8020_v2_0(ok)
E2EMATRIX RESULT role=det backend=nnrt_fp16 LANDED=NNRT:NPU_ohos.boot.hardware.kirin8020_v2_0 engine=ms req=nnrt_fp16 fallback= rep=1 match=0 code=苏E05172 total=30.5056 stages=20.2841|4.1386|3.7816|2.2656 trail=NNRT:NPU_ohos.boot.hardware.kirin8020_v2_0(ok)
E2EMATRIX RESULT role=det backend=nnrt_fp16 LANDED=NNRT:NPU_ohos.boot.hardware.kirin8020_v2_0 engine=ms req=nnrt_fp16 fallback= rep=2 match=0 code=苏E05172 total=29.9889 stages=17.0786|4.2448|6.2923|2.3497 trail=NNRT:NPU_ohos.boot.hardware.kirin8020_v2_0(ok)
E2EMATRIX LOAD role=det backend=gpu ok=1;id=6;cached=0;name=models/y5fu_320x_head_fp32.ms;backend=CPU;requested=gpu;fallbackFrom=GPU:fp16;attemptLog=GPU:fp16(fail) GPU:fp32(fail) CPU(ok);inputName=input;outputName=948;inputShape=[1,320,320,3];outputShape=[1,45,40,40];inputFormat=NHWC;outputFormat=NCHW;inputElems=307200;outputElems=72000;error=
E2EMATRIX RESULT role=det backend=gpu LANDED=CPU engine=ms req=gpu fallback=GPU:fp16 rep=0 match=1 code=苏ED5172 total=33.7230 stages=26.0886|2.2406|3.7986|1.5733 trail=GPU:fp16(fail) GPU:fp32(fail) CPU(ok)
E2EMATRIX RESULT role=det backend=gpu LANDED=CPU engine=ms req=gpu fallback=GPU:fp16 rep=1 match=1 code=苏ED5172 total=31.7594 stages=23.4833|2.6755|3.9858|1.5992 trail=GPU:fp16(fail) GPU:fp32(fail) CPU(ok)
E2EMATRIX RESULT role=det backend=gpu LANDED=CPU engine=ms req=gpu fallback=GPU:fp16 rep=2 match=1 code=苏ED5172 total=43.7477 stages=35.0030|2.8580|4.0808|1.7898 trail=GPU:fp16(fail) GPU:fp32(fail) CPU(ok)
E2EMATRIX LOAD role=det backend=kirin ok=1;id=7;cached=0;name=models/y5fu_320x_head_fp32.ms;backend=CPU;requested=kirin;fallbackFrom=KIRIN_NPU;attemptLog=KIRIN_NPU(fail) CPU(ok);inputName=input;outputName=948;inputShape=[1,320,320,3];outputShape=[1,45,40,40];inputFormat=NHWC;outputFormat=NCHW;inputElems=307200;outputElems=72000;error=
E2EMATRIX RESULT role=det backend=kirin LANDED=CPU engine=ms req=kirin fallback=KIRIN_NPU rep=0 match=1 code=苏ED5172 total=42.7933 stages=34.9822|2.3587|3.5517|1.8794 trail=KIRIN_NPU(fail) CPU(ok)
E2EMATRIX RESULT role=det backend=kirin LANDED=CPU engine=ms req=kirin fallback=KIRIN_NPU rep=1 match=1 code=苏ED5172 total=41.6717 stages=31.9266|2.8678|5.1859|1.6725 trail=KIRIN_NPU(fail) CPU(ok)
E2EMATRIX RESULT role=det backend=kirin LANDED=CPU engine=ms req=kirin fallback=KIRIN_NPU rep=2 match=1 code=苏ED5172 total=39.4142 stages=31.6741|2.6045|3.5970|1.5227 trail=KIRIN_NPU(fail) CPU(ok)
E2EMATRIX LOAD role=rec backend=cpu ok=1;id=8;cached=0;name=models/rpv3_mdict_160_r3.ms;backend=CPU;requested=cpu;fallbackFrom=;attemptLog=CPU(ok);inputName=data;outputName=output;inputShape=[1,48,160,3];outputShape=[1,20,78];inputFormat=NHWC;outputFormat=NHWC;inputElems=23040;outputElems=1560;error=
E2EMATRIX RESULT role=rec backend=cpu LANDED=CPU engine=ms req=cpu fallback= rep=0 match=1 code=苏ED5172 total=52.8109 stages=28.9188|2.1527|20.5744|1.1513 trail=CPU(ok)
E2EMATRIX RESULT role=rec backend=cpu LANDED=CPU engine=ms req=cpu fallback= rep=1 match=1 code=苏ED5172 total=47.6753 stages=25.9998|2.0386|18.6106|1.0158 trail=CPU(ok)
E2EMATRIX RESULT role=rec backend=cpu LANDED=CPU engine=ms req=cpu fallback= rep=2 match=1 code=苏ED5172 total=53.3522 stages=27.3539|2.0794|21.9031|1.9978 trail=CPU(ok)
E2EMATRIX LOAD role=rec backend=nnrt ok=1;id=1;cached=1;name=models/rpv3_mdict_160_r3.ms;backend=NNRT:NPU_ohos.boot.hardware.kirin8020_v2_0;requested=nnrt;fallbackFrom=;attemptLog=NNRT:NPU_ohos.boot.hardware.kirin8020_v2_0(ok);inputName=data;outputName=output;inputShape=[1,48,160,3];outputShape=[1,20,78];inputFormat=NHWC;outputFormat=NHWC;inputElems=23040;outputElems=1560;error=
E2EMATRIX RESULT role=rec backend=nnrt LANDED=NNRT:NPU_ohos.boot.hardware.kirin8020_v2_0 engine=ms req=nnrt fallback= rep=0 match=1 code=苏ED5172 total=32.2042 stages=25.3811|1.6938|3.7912|1.3230 trail=NNRT:NPU_ohos.boot.hardware.kirin8020_v2_0(ok)
E2EMATRIX RESULT role=rec backend=nnrt LANDED=NNRT:NPU_ohos.boot.hardware.kirin8020_v2_0 engine=ms req=nnrt fallback= rep=1 match=1 code=苏ED5172 total=32.8319 stages=26.3878|1.9156|3.4145|1.1025 trail=NNRT:NPU_ohos.boot.hardware.kirin8020_v2_0(ok)
E2EMATRIX RESULT role=rec backend=nnrt LANDED=NNRT:NPU_ohos.boot.hardware.kirin8020_v2_0 engine=ms req=nnrt fallback= rep=2 match=1 code=苏ED5172 total=37.7920 stages=29.5759|2.9055|3.8277|1.4705 trail=NNRT:NPU_ohos.boot.hardware.kirin8020_v2_0(ok)
E2EMATRIX LOAD role=rec backend=nnrt_fp32 ok=1;id=9;cached=0;name=models/rpv3_mdict_160_r3.ms;backend=NNRT:NPU_ohos.boot.hardware.kirin8020_v2_0#fp32;requested=nnrt_fp32;fallbackFrom=;attemptLog=NNRT:NPU_ohos.boot.hardware.kirin8020_v2_0#fp32(ok);inputName=data;outputName=output;inputShape=[1,48,160,3];outputShape=[1,20,78];inputFormat=NHWC;outputFormat=NHWC;inputElems=23040;outputElems=1560;error=
E2EMATRIX RESULT role=rec backend=nnrt_fp32 LANDED=NNRT:NPU_ohos.boot.hardware.kirin8020_v2_0#fp32 engine=ms req=nnrt_fp32 fallback= rep=0 match=1 code=苏ED5172 total=32.7872 stages=24.6694|1.8983|4.1530|2.0434 trail=NNRT:NPU_ohos.boot.hardware.kirin8020_v2_0#fp32(ok)
E2EMATRIX RESULT role=rec backend=nnrt_fp32 LANDED=NNRT:NPU_ohos.boot.hardware.kirin8020_v2_0#fp32 engine=ms req=nnrt_fp32 fallback= rep=1 match=1 code=苏ED5172 total=28.3175 stages=20.6269|1.8548|4.5916|1.2305 trail=NNRT:NPU_ohos.boot.hardware.kirin8020_v2_0#fp32(ok)
E2EMATRIX RESULT role=rec backend=nnrt_fp32 LANDED=NNRT:NPU_ohos.boot.hardware.kirin8020_v2_0#fp32 engine=ms req=nnrt_fp32 fallback= rep=2 match=1 code=苏ED5172 total=36.8408 stages=28.0353|3.3739|4.0275|1.3769 trail=NNRT:NPU_ohos.boot.hardware.kirin8020_v2_0#fp32(ok)
E2EMATRIX LOAD role=rec backend=nnrt_fp16 ok=1;id=10;cached=0;name=models/rpv3_mdict_160_r3.ms;backend=NNRT:NPU_ohos.boot.hardware.kirin8020_v2_0;requested=nnrt_fp16;fallbackFrom=;attemptLog=NNRT:NPU_ohos.boot.hardware.kirin8020_v2_0(ok);inputName=data;outputName=output;inputShape=[1,48,160,3];outputShape=[1,20,78];inputFormat=NHWC;outputFormat=NHWC;inputElems=23040;outputElems=1560;error=
E2EMATRIX RESULT role=rec backend=nnrt_fp16 LANDED=NNRT:NPU_ohos.boot.hardware.kirin8020_v2_0 engine=ms req=nnrt_fp16 fallback= rep=0 match=1 code=苏ED5172 total=36.1714 stages=25.9473|1.8780|5.7622|2.5642 trail=NNRT:NPU_ohos.boot.hardware.kirin8020_v2_0(ok)
E2EMATRIX RESULT role=rec backend=nnrt_fp16 LANDED=NNRT:NPU_ohos.boot.hardware.kirin8020_v2_0 engine=ms req=nnrt_fp16 fallback= rep=1 match=1 code=苏ED5172 total=36.2650 stages=28.0600|2.2275|4.3044|1.6303 trail=NNRT:NPU_ohos.boot.hardware.kirin8020_v2_0(ok)
E2EMATRIX RESULT role=rec backend=nnrt_fp16 LANDED=NNRT:NPU_ohos.boot.hardware.kirin8020_v2_0 engine=ms req=nnrt_fp16 fallback= rep=2 match=1 code=苏ED5172 total=34.8722 stages=25.0684|2.3795|5.8348|1.5691 trail=NNRT:NPU_ohos.boot.hardware.kirin8020_v2_0(ok)
E2EMATRIX LOAD role=rec backend=gpu ok=1;id=11;cached=0;name=models/rpv3_mdict_160_r3.ms;backend=CPU;requested=gpu;fallbackFrom=GPU:fp16;attemptLog=GPU:fp16(fail) GPU:fp32(fail) CPU(ok);inputName=data;outputName=output;inputShape=[1,48,160,3];outputShape=[1,20,78];inputFormat=NHWC;outputFormat=NHWC;inputElems=23040;outputElems=1560;error=
E2EMATRIX RESULT role=rec backend=gpu LANDED=CPU engine=ms req=gpu fallback=GPU:fp16 rep=0 match=1 code=苏ED5172 total=53.5031 stages=22.8631|3.1458|26.3288|1.1494 trail=GPU:fp16(fail) GPU:fp32(fail) CPU(ok)
E2EMATRIX RESULT role=rec backend=gpu LANDED=CPU engine=ms req=gpu fallback=GPU:fp16 rep=1 match=1 code=苏ED5172 total=54.7628 stages=27.7858|2.3505|22.8200|1.7878 trail=GPU:fp16(fail) GPU:fp32(fail) CPU(ok)
E2EMATRIX RESULT role=rec backend=gpu LANDED=CPU engine=ms req=gpu fallback=GPU:fp16 rep=2 match=1 code=苏ED5172 total=71.7547 stages=44.5425|2.0181|22.8511|2.3175 trail=GPU:fp16(fail) GPU:fp32(fail) CPU(ok)
E2EMATRIX LOAD role=rec backend=kirin ok=1;id=12;cached=0;name=models/rpv3_mdict_160_r3.ms;backend=CPU;requested=kirin;fallbackFrom=KIRIN_NPU;attemptLog=KIRIN_NPU(fail) CPU(ok);inputName=data;outputName=output;inputShape=[1,48,160,3];outputShape=[1,20,78];inputFormat=NHWC;outputFormat=NHWC;inputElems=23040;outputElems=1560;error=
E2EMATRIX RESULT role=rec backend=kirin LANDED=CPU engine=ms req=kirin fallback=KIRIN_NPU rep=0 match=1 code=苏ED5172 total=79.6278 stages=46.2508|2.8673|29.0508|1.4342 trail=KIRIN_NPU(fail) CPU(ok)
E2EMATRIX RESULT role=rec backend=kirin LANDED=CPU engine=ms req=kirin fallback=KIRIN_NPU rep=1 match=1 code=苏ED5172 total=57.6650 stages=23.8263|2.4425|29.8292|1.5497 trail=KIRIN_NPU(fail) CPU(ok)
E2EMATRIX RESULT role=rec backend=kirin LANDED=CPU engine=ms req=kirin fallback=KIRIN_NPU rep=2 match=1 code=苏ED5172 total=43.6519 stages=20.7480|2.0369|19.6048|1.2448 trail=KIRIN_NPU(fail) CPU(ok)
E2EMATRIX LOAD role=cls backend=cpu ok=1;id=2;cached=1;name=models/litemodel_cls_96x_r1.ms;backend=CPU;requested=cpu;fallbackFrom=;attemptLog=CPU(ok);inputName=data;outputName=output;inputShape=[1,96,96,3];outputShape=[1,3];inputFormat=NHWC;outputFormat=NCHW;inputElems=27648;outputElems=3;error=
E2EMATRIX RESULT role=cls backend=cpu LANDED=CPU engine=ms req=cpu fallback= rep=0 match=1 code=苏ED5172 total=35.3988 stages=25.7373|2.0166|6.4158|1.2169 trail=CPU(ok)
E2EMATRIX RESULT role=cls backend=cpu LANDED=CPU engine=ms req=cpu fallback= rep=1 match=1 code=苏ED5172 total=45.3089 stages=36.7356|2.0744|5.1106|1.3711 trail=CPU(ok)
E2EMATRIX RESULT role=cls backend=cpu LANDED=CPU engine=ms req=cpu fallback= rep=2 match=1 code=苏ED5172 total=46.2064 stages=37.4027|2.8473|3.9391|1.9970 trail=CPU(ok)
E2EMATRIX LOAD role=cls backend=nnrt ok=1;id=13;cached=0;name=models/litemodel_cls_96x_r1.ms;backend=CPU;requested=nnrt;fallbackFrom=NNRT:NPU_ohos.boot.hardware.kirin8020_v2_0;attemptLog=NNRT:NPU_ohos.boot.hardware.kirin8020_v2_0(fail) NNRT:HIAI_F(fail) CPU(ok);inputName=data;outputName=output;inputShape=[1,96,96,3];outputShape=[1,3];inputFormat=NHWC;outputFormat=NCHW;inputElems=27648;outputElems=3;error=
E2EMATRIX RESULT role=cls backend=nnrt LANDED=CPU engine=ms req=nnrt fallback=NNRT:NPU_ohos.boot.hardware.kirin8020_v2_0 rep=0 match=1 code=苏ED5172 total=34.8228 stages=27.6764|1.8934|4.0294|1.2066 trail=NNRT:NPU_ohos.boot.hardware.kirin8020_v2_0(fail) NNRT:HIAI_F(fail) CPU(ok)
E2EMATRIX RESULT role=cls backend=nnrt LANDED=CPU engine=ms req=nnrt fallback=NNRT:NPU_ohos.boot.hardware.kirin8020_v2_0 rep=1 match=1 code=苏ED5172 total=32.6547 stages=25.3248|1.9175|3.7506|1.6389 trail=NNRT:NPU_ohos.boot.hardware.kirin8020_v2_0(fail) NNRT:HIAI_F(fail) CPU(ok)
E2EMATRIX RESULT role=cls backend=nnrt LANDED=CPU engine=ms req=nnrt fallback=NNRT:NPU_ohos.boot.hardware.kirin8020_v2_0 rep=2 match=1 code=苏ED5172 total=50.3602 stages=42.9739|2.3181|3.8873|1.1620 trail=NNRT:NPU_ohos.boot.hardware.kirin8020_v2_0(fail) NNRT:HIAI_F(fail) CPU(ok)
E2EMATRIX LOAD role=cls backend=nnrt_fp32 ok=1;id=14;cached=0;name=models/litemodel_cls_96x_r1.ms;backend=CPU;requested=nnrt_fp32;fallbackFrom=NNRT:NPU_ohos.boot.hardware.kirin8020_v2_0#fp32;attemptLog=NNRT:NPU_ohos.boot.hardware.kirin8020_v2_0#fp32(fail) NNRT:HIAI_F#fp32(fail) CPU(ok);inputName=data;outputName=output;inputShape=[1,96,96,3];outputShape=[1,3];inputFormat=NHWC;outputFormat=NCHW;inputElems=27648;outputElems=3;error=
E2EMATRIX RESULT role=cls backend=nnrt_fp32 LANDED=CPU engine=ms req=nnrt_fp32 fallback=NNRT:NPU_ohos.boot.hardware.kirin8020_v2_0#fp32 rep=0 match=1 code=苏ED5172 total=55.6681 stages=47.5850|2.7242|3.7503|1.5884 trail=NNRT:NPU_ohos.boot.hardware.kirin8020_v2_0#fp32(fail) NNRT:HIAI_F#fp32(fail) CPU(ok)
E2EMATRIX RESULT role=cls backend=nnrt_fp32 LANDED=CPU engine=ms req=nnrt_fp32 fallback=NNRT:NPU_ohos.boot.hardware.kirin8020_v2_0#fp32 rep=1 match=1 code=苏ED5172 total=42.2266 stages=34.0994|2.0639|3.7000|2.3333 trail=NNRT:NPU_ohos.boot.hardware.kirin8020_v2_0#fp32(fail) NNRT:HIAI_F#fp32(fail) CPU(ok)
E2EMATRIX RESULT role=cls backend=nnrt_fp32 LANDED=CPU engine=ms req=nnrt_fp32 fallback=NNRT:NPU_ohos.boot.hardware.kirin8020_v2_0#fp32 rep=2 match=1 code=苏ED5172 total=42.2578 stages=34.4162|2.5742|3.5991|1.6464 trail=NNRT:NPU_ohos.boot.hardware.kirin8020_v2_0#fp32(fail) NNRT:HIAI_F#fp32(fail) CPU(ok)
E2EMATRIX LOAD role=cls backend=nnrt_fp16 ok=1;id=15;cached=0;name=models/litemodel_cls_96x_r1.ms;backend=CPU;requested=nnrt_fp16;fallbackFrom=NNRT:NPU_ohos.boot.hardware.kirin8020_v2_0;attemptLog=NNRT:NPU_ohos.boot.hardware.kirin8020_v2_0(fail) NNRT:HIAI_F(fail) CPU(ok);inputName=data;outputName=output;inputShape=[1,96,96,3];outputShape=[1,3];inputFormat=NHWC;outputFormat=NCHW;inputElems=27648;outputElems=3;error=
E2EMATRIX RESULT role=cls backend=nnrt_fp16 LANDED=CPU engine=ms req=nnrt_fp16 fallback=NNRT:NPU_ohos.boot.hardware.kirin8020_v2_0 rep=0 match=1 code=苏ED5172 total=33.6195 stages=25.4406|3.0711|3.7669|1.3250 trail=NNRT:NPU_ohos.boot.hardware.kirin8020_v2_0(fail) NNRT:HIAI_F(fail) CPU(ok)
E2EMATRIX RESULT role=cls backend=nnrt_fp16 LANDED=CPU engine=ms req=nnrt_fp16 fallback=NNRT:NPU_ohos.boot.hardware.kirin8020_v2_0 rep=1 match=1 code=苏ED5172 total=44.5766 stages=35.7672|1.9175|5.3806|1.4814 trail=NNRT:NPU_ohos.boot.hardware.kirin8020_v2_0(fail) NNRT:HIAI_F(fail) CPU(ok)
E2EMATRIX RESULT role=cls backend=nnrt_fp16 LANDED=CPU engine=ms req=nnrt_fp16 fallback=NNRT:NPU_ohos.boot.hardware.kirin8020_v2_0 rep=2 match=1 code=苏ED5172 total=39.9177 stages=32.8727|1.8691|4.0784|1.0827 trail=NNRT:NPU_ohos.boot.hardware.kirin8020_v2_0(fail) NNRT:HIAI_F(fail) CPU(ok)
E2EMATRIX LOAD role=cls backend=gpu ok=1;id=16;cached=0;name=models/litemodel_cls_96x_r1.ms;backend=CPU;requested=gpu;fallbackFrom=GPU:fp16;attemptLog=GPU:fp16(fail) GPU:fp32(fail) CPU(ok);inputName=data;outputName=output;inputShape=[1,96,96,3];outputShape=[1,3];inputFormat=NHWC;outputFormat=NCHW;inputElems=27648;outputElems=3;error=
E2EMATRIX RESULT role=cls backend=gpu LANDED=CPU engine=ms req=gpu fallback=GPU:fp16 rep=0 match=1 code=苏ED5172 total=50.3355 stages=41.8342|2.8694|4.0550|1.5584 trail=GPU:fp16(fail) GPU:fp32(fail) CPU(ok)
E2EMATRIX RESULT role=cls backend=gpu LANDED=CPU engine=ms req=gpu fallback=GPU:fp16 rep=1 match=1 code=苏ED5172 total=40.2564 stages=33.1230|2.3020|3.4377|1.3787 trail=GPU:fp16(fail) GPU:fp32(fail) CPU(ok)
E2EMATRIX RESULT role=cls backend=gpu LANDED=CPU engine=ms req=gpu fallback=GPU:fp16 rep=2 match=1 code=苏ED5172 total=36.1700 stages=28.8300|2.3942|3.6733|1.2567 trail=GPU:fp16(fail) GPU:fp32(fail) CPU(ok)
E2EMATRIX LOAD role=cls backend=kirin ok=1;id=17;cached=0;name=models/litemodel_cls_96x_r1.ms;backend=CPU;requested=kirin;fallbackFrom=KIRIN_NPU;attemptLog=KIRIN_NPU(fail) CPU(ok);inputName=data;outputName=output;inputShape=[1,96,96,3];outputShape=[1,3];inputFormat=NHWC;outputFormat=NCHW;inputElems=27648;outputElems=3;error=
E2EMATRIX RESULT role=cls backend=kirin LANDED=CPU engine=ms req=kirin fallback=KIRIN_NPU rep=0 match=1 code=苏ED5172 total=39.7989 stages=32.7011|1.8262|3.9148|1.3341 trail=KIRIN_NPU(fail) CPU(ok)
E2EMATRIX RESULT role=cls backend=kirin LANDED=CPU engine=ms req=kirin fallback=KIRIN_NPU rep=1 match=1 code=苏ED5172 total=46.3959 stages=37.9069|2.8136|4.0228|1.6281 trail=KIRIN_NPU(fail) CPU(ok)
E2EMATRIX RESULT role=cls backend=kirin LANDED=CPU engine=ms req=kirin fallback=KIRIN_NPU rep=2 match=1 code=苏ED5172 total=59.2169 stages=52.3988|1.8281|3.7180|1.2581 trail=KIRIN_NPU(fail) CPU(ok)
E2EMATRIX LOAD role=cls-fp32 backend=cpu ok=1;id=18;cached=0;name=models/litemodel_cls_96x_r1_fp32.ms;backend=CPU;requested=cpu;fallbackFrom=;attemptLog=CPU(ok);inputName=data;outputName=output;inputShape=[1,96,96,3];outputShape=[1,3];inputFormat=NHWC;outputFormat=NCHW;inputElems=27648;outputElems=3;error=
E2EMATRIX RESULT role=cls-fp32 backend=cpu LANDED=CPU engine=ms req=cpu fallback= rep=0 match=1 code=苏ED5172 total=47.9219 stages=41.1963|1.8961|3.3684|1.4452 trail=CPU(ok)
E2EMATRIX RESULT role=cls-fp32 backend=cpu LANDED=CPU engine=ms req=cpu fallback= rep=1 match=1 code=苏ED5172 total=52.0263 stages=40.8150|2.0217|7.8763|1.2948 trail=CPU(ok)
E2EMATRIX RESULT role=cls-fp32 backend=cpu LANDED=CPU engine=ms req=cpu fallback= rep=2 match=1 code=苏ED5172 total=38.4778 stages=30.0594|2.7847|4.0666|1.5434 trail=CPU(ok)
E2EMATRIX LOAD role=cls-fp32 backend=nnrt ok=1;id=19;cached=0;name=models/litemodel_cls_96x_r1_fp32.ms;backend=NNRT:NPU_ohos.boot.hardware.kirin8020_v2_0;requested=nnrt;fallbackFrom=;attemptLog=NNRT:NPU_ohos.boot.hardware.kirin8020_v2_0(ok);inputName=data;outputName=output;inputShape=[1,96,96,3];outputShape=[1,3];inputFormat=NHWC;outputFormat=NCHW;inputElems=27648;outputElems=3;error=
E2EMATRIX RESULT role=cls-fp32 backend=nnrt LANDED=NNRT:NPU_ohos.boot.hardware.kirin8020_v2_0 engine=ms req=nnrt fallback= rep=0 match=1 code=苏ED5172 total=46.8089 stages=36.0270|2.7136|4.6428|3.4017 trail=NNRT:NPU_ohos.boot.hardware.kirin8020_v2_0(ok)
E2EMATRIX RESULT role=cls-fp32 backend=nnrt LANDED=NNRT:NPU_ohos.boot.hardware.kirin8020_v2_0 engine=ms req=nnrt fallback= rep=1 match=1 code=苏ED5172 total=30.2497 stages=24.0900|1.5659|3.3230|1.2573 trail=NNRT:NPU_ohos.boot.hardware.kirin8020_v2_0(ok)
E2EMATRIX RESULT role=cls-fp32 backend=nnrt LANDED=NNRT:NPU_ohos.boot.hardware.kirin8020_v2_0 engine=ms req=nnrt fallback= rep=2 match=1 code=苏ED5172 total=28.5445 stages=22.4739|1.5781|3.2447|1.2372 trail=NNRT:NPU_ohos.boot.hardware.kirin8020_v2_0(ok)
E2EMATRIX LOAD role=cls-fp32 backend=nnrt_fp32 ok=0;backend=nnrt_fp32;error=session cap 20 reached
E2EMATRIX LOAD role=cls-fp32 backend=nnrt_fp16 ok=0;backend=nnrt_fp16;error=session cap 20 reached
E2EMATRIX LOAD role=cls-fp32 backend=gpu 
E2EMATRIX LOAD role=cls-fp32 backend=kirin ok=0;backend=kirin;error=session cap 20 reached
NCNNSLOT LOAD role=rec mode=cpu 
NCNNSLOT LOAD role=rec mode=vulkan ok=1;slot=1;layers=252;inputs=in0;outputs=out0;requestedVulkan=1;effectiveVulkan=1;vkLayers=251/252;vkGpuCount=1;vkGpuName=Maleoon_920C;gpuProbe=ok=1;count=1;name=Maleoon 920C;driver=Maleoon 920C;api=4206867;fp16=111
NCNNSLOT RESULT role=rec mode=vulkan LANDED=GPU engine=ncnn vkReq=1 vk=1 vkLayers=251/252 rep=0 match=1 code=苏ED5172 colour=蓝牌 total=107.9608 stages=49.4997|2.0327|53.5058|2.8811 chars=苏|E|D|5|1|7|2 clsScores=0.0001|0.9998|0.0001
NCNNSLOT RESULT role=rec mode=vulkan LANDED=GPU engine=ncnn vkReq=1 vk=1 vkLayers=251/252 rep=1 match=1 code=苏ED5172 colour=蓝牌 total=93.1242 stages=31.5508|2.2641|56.1078|3.1702 chars=苏|E|D|5|1|7|2 clsScores=0.0001|0.9998|0.0001
NCNNSLOT RESULT role=rec mode=vulkan LANDED=GPU engine=ncnn vkReq=1 vk=1 vkLayers=251/252 rep=2 match=1 code=苏ED5172 colour=蓝牌 total=84.4909 stages=21.9672|1.9544|56.3005|4.2350 chars=苏|E|D|5|1|7|2 clsScores=0.0001|0.9998|0.0001
NCNNSLOT LOAD role=cls mode=cpu ok=1;slot=2;layers=78;inputs=in0;outputs=out0;requestedVulkan=0;effectiveVulkan=0;vkLayers=1/78;vkGpuCount=1;vkGpuName=Maleoon_920C;gpuProbe=not requested
NCNNSLOT RESULT role=cls mode=cpu LANDED=CPU engine=ncnn vkReq=0 vk=0 vkLayers=1/78 rep=0 match=1 code=苏ED5172 colour=蓝牌 total=35.7498 stages=27.1462|1.3183|5.0367|2.2292 chars=苏|E|D|5|1|7|2 clsScores=0.0001|0.9998|0.0001
NCNNSLOT RESULT role=cls mode=cpu LANDED=CPU engine=ncnn vkReq=0 vk=0 vkLayers=1/78 rep=1 match=1 code=苏ED5172 colour=蓝牌 total=24.2405 stages=16.1606|1.5722|4.2980|2.1959 chars=苏|E|D|5|1|7|2 clsScores=0.0001|0.9998|0.0001
NCNNSLOT RESULT role=cls mode=cpu LANDED=CPU engine=ncnn vkReq=0 vk=0 vkLayers=1/78 rep=2 match=1 code=苏ED5172 colour=蓝牌 total=32.5717 stages=22.1612|1.8105|6.3089|2.2759 chars=苏|E|D|5|1|7|2 clsScores=0.0001|0.9998|0.0001
NCNNSLOT LOAD role=cls mode=vulkan ok=1;slot=2;layers=78;inputs=in0;outputs=out0;requestedVulkan=1;effectiveVulkan=1;vkLayers=78/78;vkGpuCount=1;vkGpuName=Maleoon_920C;gpuProbe=ok=1;count=1;name=Maleoon 920C;driver=Maleoon 920C;api=4206867;fp16=111
NCNNSLOT RESULT role=cls mode=vulkan LANDED=GPU engine=ncnn vkReq=1 vk=1 vkLayers=78/78 rep=0 match=1 code=苏ED5172 colour=蓝牌 total=46.6886 stages=30.9427|2.3319|3.6377|9.7545 chars=苏|E|D|5|1|7|2 clsScores=0.0001|0.9998|0.0001
NCNNSLOT RESULT role=cls mode=vulkan LANDED=GPU engine=ncnn vkReq=1 vk=1 vkLayers=78/78 rep=1 match=1 code=苏ED5172 colour=蓝牌 total=40.0280 stages=27.8281|1.6673|3.3998|7.1186 chars=苏|E|D|5|1|7|2 clsScores=0.0001|0.9998|0.0001
NCNNSLOT RESULT role=cls mode=vulkan LANDED=GPU engine=ncnn vkReq=1 vk=1 vkLayers=78/78 rep=2 match=1 code=苏ED5172 colour=蓝牌 total=50.9208 stages=36.1012|2.9734|3.4181|8.4148 chars=苏|E|D|5|1|7|2 clsScores=0.0001|0.9998|0.0001
CANN ENUM ok=1;probe=nnrt+hiai;nnrt_runtime=soname;nnrt_core=soname;hiai_foundation=soname;cann_version=108.631.120.010;getAllDevices_rc=0;device_count=2;d0=id=8987859593747354028,name=HIAI_F,type=ACCELERATOR,nameRc=0,typeRc=0;d1=id=13306020061847651998,name=NPU_ohos.boot.hardware.kirin8020_v2_0,type=ACCELERATOR,nameRc=0,typeRc=0;
CANN TRY model=models/probe_hiai_imagenet.om size=2496459 ok=1;bytes=2496459;hiai_compat_code=0;hiai_compat_note=0=compatible,1=incompatible;construct=ok;picked_device=8987859593747354028;picked_device_all0=8987859593747354028;set_device_rc=0;build_rc=0;build_note=0=SUCCESS, else see OH_NN_ReturnCode;executor=ok;in_count=1;out_count=1;in0=name=data,dtype=FLOAT32,shape=[1x3x227x227];out0=name=output_0_prob_0,dtype=FLOAT32,shape=[1x1000x1x1];in_bytes=618348;out_bytes=4000;run_tensors=1in/1out;run_rc=0;run_ms_each=2.544|0.972|0.981;o0_sum=1.0005;o0_argmax=111;o0_max=0.1509;out_note=synthetic-input->argmax NOT meaningful;executor_destroyed=1;destroyed=1;
CANN TRY model=models/probe_om_lprnet.om size=916283 ok=1;bytes=916283;hiai_compat_code=0;hiai_compat_note=0=compatible,1=incompatible;construct=ok;picked_device=8987859593747354028;picked_device_all0=8987859593747354028;set_device_rc=0;build_rc=0;build_note=0=SUCCESS, else see OH_NN_ReturnCode;executor=ok;in_count=1;out_count=1;in0=name=input,dtype=FLOAT32,shape=[1x3x24x94];out0=name=output,dtype=FLOAT32,shape=[1x1x68x18];in_bytes=27072;out_bytes=4896;run_tensors=1in/1out;run_rc=0;run_ms_each=2.480|1.466|1.516;o0_sum=-62362.3169;o0_argmax=1206;o0_max=311.5000;out_note=synthetic-input->argmax NOT meaningful;executor_destroyed=1;destroyed=1;
CANN TRY model=models/probe_om_lprnet_npufix.om size=915413 ok=1;bytes=915413;hiai_compat_code=0;hiai_compat_note=0=compatible,1=incompatible;construct=ok;picked_device=8987859593747354028;picked_device_all0=8987859593747354028;set_device_rc=0;build_rc=0;build_note=0=SUCCESS, else see OH_NN_ReturnCode;executor=ok;in_count=1;out_count=1;in0=name=input,dtype=FLOAT32,shape=[1x3x24x94];out0=name=output,dtype=FLOAT32,shape=[1x1x68x18];in_bytes=27072;out_bytes=4896;run_tensors=1in/1out;run_rc=0;run_ms_each=2.099|1.334|1.210;o0_sum=-62362.3169;o0_argmax=1206;o0_max=311.5000;out_note=synthetic-input->argmax NOT meaningful;executor_destroyed=1;destroyed=1;
CANN TRY model=models/probe_om_det.om size=1948509 ok=1;bytes=1948509;hiai_compat_code=1;hiai_compat_note=0=compatible,1=incompatible;construct=ok;picked_device=8987859593747354028;picked_device_all0=8987859593747354028;set_device_rc=0;build_rc=1;build_note=0=SUCCESS, else see OH_NN_ReturnCode;destroyed=1;
CANN TRY model=models/probe_om_dethead.om size=1010950 ok=1;bytes=1010950;hiai_compat_code=0;hiai_compat_note=0=compatible,1=incompatible;construct=ok;picked_device=8987859593747354028;picked_device_all0=8987859593747354028;set_device_rc=0;build_rc=0;build_note=0=SUCCESS, else see OH_NN_ReturnCode;executor=ok;in_count=1;out_count=3;in0=name=input,dtype=FLOAT32,shape=[1x3x320x320];out0=name=948,dtype=FLOAT32,shape=[1x45x40x40];out1=name=1061,dtype=FLOAT32,shape=[1x45x20x20];out2=name=1174,dtype=FLOAT32,shape=[1x45x10x10];in_bytes=1228800;out_bytes=378000;run_tensors=1in/3out;run_rc=0;run_ms_each=5.124|4.052|4.270;o0_sum=-25055.3415;o0_argmax=28756;o0_max=6.5898;o1_sum=-11325.9309;o1_argmax=11231;o1_max=5.9961;o2_sum=-3700.2237;o2_argmax=2888;o2_max=5.0664;out_note=synthetic-input->argmax NOT meaningful;executor_destroyed=1;destroyed=1;
CANN TRY model=models/probe_om_rec.om size=5041253 ok=1;bytes=5041253;hiai_compat_code=0;hiai_compat_note=0=compatible,1=incompatible;construct=ok;picked_device=8987859593747354028;picked_device_all0=8987859593747354028;set_device_rc=0;build_rc=0;build_note=0=SUCCESS, else see OH_NN_ReturnCode;executor=ok;in_count=1;out_count=1;in0=name=data,dtype=FLOAT32,shape=[1x3x48x160];out0=name=output,dtype=FLOAT32,shape=[1x1x20x78];in_bytes=92160;out_bytes=6240;run_tensors=1in/1out;run_rc=0;run_ms_each=5.634|4.146|9.153;o0_sum=19.9978;o0_argmax=1326;o0_max=0.8359;out_note=synthetic-input->argmax NOT meaningful;executor_destroyed=1;destroyed=1;
CANN TRY model=models/probe_om_cls.om size=841728 ok=1;bytes=841728;hiai_compat_code=0;hiai_compat_note=0=compatible,1=incompatible;construct=ok;picked_device=8987859593747354028;picked_device_all0=8987859593747354028;set_device_rc=0;build_rc=0;build_note=0=SUCCESS, else see OH_NN_ReturnCode;executor=ok;in_count=1;out_count=1;in0=name=data,dtype=FLOAT32,shape=[1x3x96x96];out0=name=output,dtype=FLOAT32,shape=[1x3x1x1];in_bytes=110592;out_bytes=12;run_tensors=1in/1out;run_rc=0;run_ms_each=1.648|1.015|0.998;o0_sum=0.9981;o0_argmax=0;o0_max=0.9980;out_note=synthetic-input->argmax NOT meaningful;executor_destroyed=1;destroyed=1;
CANN TRY model=models/y5fu_320x_head_fp32.ms size=1847336 ok=1;bytes=1847336;hiai_compat_code=1;hiai_compat_note=0=compatible,1=incompatible;construct=ok;picked_device=8987859593747354028;picked_device_all0=8987859593747354028;set_device_rc=0;build_rc=1;build_note=0=SUCCESS, else see OH_NN_ReturnCode;destroyed=1;
CANN TRY model=models/rpv3_mdict_160_r3.ms size=4480304 ok=1;bytes=4480304;hiai_compat_code=1;hiai_compat_note=0=compatible,1=incompatible;construct=ok;picked_device=8987859593747354028;picked_device_all0=8987859593747354028;set_device_rc=0;build_rc=1;build_note=0=SUCCESS, else see OH_NN_ReturnCode;destroyed=1;
CANN TRY model=models/litemodel_cls_96x_r1.ms size=817432 ok=1;bytes=817432;hiai_compat_code=1;hiai_compat_note=0=compatible,1=incompatible;construct=ok;picked_device=8987859593747354028;picked_device_all0=8987859593747354028;set_device_rc=0;build_rc=1;build_note=0=SUCCESS, else see OH_NN_ReturnCode;destroyed=1;
E2EMATRIX LOAD role=det backend=cpu ok=1;id=0;cached=1;name=models/y5fu_320x_head_fp32.ms;backend=CPU;requested=cpu;fallbackFrom=;attemptLog=CPU(ok);inputName=input;outputName=948;inputShape=[1,320,320,3];outputShape=[1,45,40,40];inputFormat=NHWC;outputFormat=NCHW;inputElems=307200;outputElems=72000;error=
E2EMATRIX RESULT role=det backend=cpu LANDED=CPU engine=ms req=cpu fallback= rep=0 match=1 code=苏ED5172 total=42.6766 stages=36.4686|1.7866|3.2892|1.1194 trail=CPU(ok)
E2EMATRIX RESULT role=det backend=cpu LANDED=CPU engine=ms req=cpu fallback= rep=1 match=1 code=苏ED5172 total=41.5131 stages=34.8858|2.0081|3.4508|1.1570 trail=CPU(ok)
E2EMATRIX RESULT role=det backend=cpu LANDED=CPU engine=ms req=cpu fallback= rep=2 match=1 code=苏ED5172 total=36.4523 stages=30.2506|1.6822|3.4936|1.0170 trail=CPU(ok)
E2EMATRIX LOAD role=det backend=nnrt ok=1;id=3;cached=1;name=models/y5fu_320x_head_fp32.ms;backend=NNRT:NPU_ohos.boot.hardware.kirin8020_v2_0;requested=nnrt;fallbackFrom=;attemptLog=NNRT:NPU_ohos.boot.hardware.kirin8020_v2_0(ok);inputName=input;outputName=948;inputShape=[1,320,320,3];outputShape=[1,45,40,40];inputFormat=NHWC;outputFormat=NCHW;inputElems=307200;outputElems=72000;error=
E2EMATRIX RESULT role=det backend=nnrt LANDED=NNRT:NPU_ohos.boot.hardware.kirin8020_v2_0 engine=ms req=nnrt fallback= rep=0 match=0 code=苏E05172 total=31.0036 stages=16.2866|5.9561|4.7327|4.0127 trail=NNRT:NPU_ohos.boot.hardware.kirin8020_v2_0(ok)
E2EMATRIX RESULT role=det backend=nnrt LANDED=NNRT:NPU_ohos.boot.hardware.kirin8020_v2_0 engine=ms req=nnrt fallback= rep=1 match=0 code=苏E05172 total=30.0753 stages=15.9014|5.7617|5.3267|3.0602 trail=NNRT:NPU_ohos.boot.hardware.kirin8020_v2_0(ok)
E2EMATRIX RESULT role=det backend=nnrt LANDED=NNRT:NPU_ohos.boot.hardware.kirin8020_v2_0 engine=ms req=nnrt fallback= rep=2 match=0 code=苏E05172 total=33.8537 stages=17.0009|7.5991|5.1955|4.0287 trail=NNRT:NPU_ohos.boot.hardware.kirin8020_v2_0(ok)
E2EMATRIX LOAD role=det backend=nnrt_fp32 ok=1;id=4;cached=0;name=models/y5fu_320x_head_fp32.ms;backend=NNRT:NPU_ohos.boot.hardware.kirin8020_v2_0#fp32;requested=nnrt_fp32;fallbackFrom=;attemptLog=NNRT:NPU_ohos.boot.hardware.kirin8020_v2_0#fp32(ok);inputName=input;outputName=948;inputShape=[1,320,320,3];outputShape=[1,45,40,40];inputFormat=NHWC;outputFormat=NCHW;inputElems=307200;outputElems=72000;error=
E2EMATRIX RESULT role=det backend=nnrt_fp32 LANDED=NNRT:NPU_ohos.boot.hardware.kirin8020_v2_0#fp32 engine=ms req=nnrt_fp32 fallback= rep=0 match=0 code=苏E05172 total=17.9748 stages=9.2845|2.1431|4.0466|2.4752 trail=NNRT:NPU_ohos.boot.hardware.kirin8020_v2_0#fp32(ok)
E2EMATRIX RESULT role=det backend=nnrt_fp32 LANDED=NNRT:NPU_ohos.boot.hardware.kirin8020_v2_0#fp32 engine=ms req=nnrt_fp32 fallback= rep=1 match=0 code=苏E05172 total=35.0705 stages=18.2658|7.5961|5.0136|4.1522 trail=NNRT:NPU_ohos.boot.hardware.kirin8020_v2_0#fp32(ok)
E2EMATRIX RESULT role=det backend=nnrt_fp32 LANDED=NNRT:NPU_ohos.boot.hardware.kirin8020_v2_0#fp32 engine=ms req=nnrt_fp32 fallback= rep=2 match=0 code=苏E05172 total=36.4294 stages=19.1572|7.6708|5.4322|4.1298 trail=NNRT:NPU_ohos.boot.hardware.kirin8020_v2_0#fp32(ok)
E2EMATRIX LOAD role=det backend=nnrt_fp16 ok=1;id=5;cached=0;name=models/y5fu_320x_head_fp32.ms;backend=NNRT:NPU_ohos.boot.hardware.kirin8020_v2_0;requested=nnrt_fp16;fallbackFrom=;attemptLog=NNRT:NPU_ohos.boot.hardware.kirin8020_v2_0(ok);inputName=input;outputName=948;inputShape=[1,320,320,3];outputShape=[1,45,40,40];inputFormat=NHWC;outputFormat=NCHW;inputElems=307200;outputElems=72000;error=
E2EMATRIX RESULT role=det backend=nnrt_fp16 LANDED=NNRT:NPU_ohos.boot.hardware.kirin8020_v2_0 engine=ms req=nnrt_fp16 fallback= rep=0 match=0 code=苏E05172 total=22.0780 stages=13.2797|3.8833|3.3972|1.4981 trail=NNRT:NPU_ohos.boot.hardware.kirin8020_v2_0(ok)
E2EMATRIX RESULT role=det backend=nnrt_fp16 LANDED=NNRT:NPU_ohos.boot.hardware.kirin8020_v2_0 engine=ms req=nnrt_fp16 fallback= rep=1 match=0 code=苏E05172 total=29.3636 stages=15.9066|5.6705|4.4550|3.3061 trail=NNRT:NPU_ohos.boot.hardware.kirin8020_v2_0(ok)
E2EMATRIX RESULT role=det backend=nnrt_fp16 LANDED=NNRT:NPU_ohos.boot.hardware.kirin8020_v2_0 engine=ms req=nnrt_fp16 fallback= rep=2 match=0 code=苏E05172 total=35.3328 stages=15.6783|5.7042|4.4436|3.2356 trail=NNRT:NPU_ohos.boot.hardware.kirin8020_v2_0(ok)
E2EMATRIX LOAD role=det backend=gpu ok=1;id=6;cached=0;name=models/y5fu_320x_head_fp32.ms;backend=CPU;requested=gpu;fallbackFrom=GPU:fp16;attemptLog=GPU:fp16(fail) GPU:fp32(fail) CPU(ok);inputName=input;outputName=948;inputShape=[1,320,320,3];outputShape=[1,45,40,40];inputFormat=NHWC;outputFormat=NCHW;inputElems=307200;outputElems=72000;error=
E2EMATRIX RESULT role=det backend=gpu LANDED=CPU engine=ms req=gpu fallback=GPU:fp16 rep=0 match=1 code=苏ED5172 total=32.4044 stages=25.6102|2.1533|3.4875|1.1420 trail=GPU:fp16(fail) GPU:fp32(fail) CPU(ok)
E2EMATRIX RESULT role=det backend=gpu LANDED=CPU engine=ms req=gpu fallback=GPU:fp16 rep=1 match=1 code=苏ED5172 total=37.1766 stages=29.7995|2.4819|3.5037|1.3766 trail=GPU:fp16(fail) GPU:fp32(fail) CPU(ok)
E2EMATRIX RESULT role=det backend=gpu LANDED=CPU engine=ms req=gpu fallback=GPU:fp16 rep=2 match=1 code=苏ED5172 total=37.8400 stages=30.2059|2.1438|3.7594|1.7119 trail=GPU:fp16(fail) GPU:fp32(fail) CPU(ok)
E2EMATRIX LOAD role=det backend=kirin ok=1;id=7;cached=0;name=models/y5fu_320x_head_fp32.ms;backend=CPU;requested=kirin;fallbackFrom=KIRIN_NPU;attemptLog=KIRIN_NPU(fail) CPU(ok);inputName=input;outputName=948;inputShape=[1,320,320,3];outputShape=[1,45,40,40];inputFormat=NHWC;outputFormat=NCHW;inputElems=307200;outputElems=72000;error=
E2EMATRIX RESULT role=det backend=kirin LANDED=CPU engine=ms req=kirin fallback=KIRIN_NPU rep=0 match=1 code=苏ED5172 total=36.4972 stages=28.7313|2.5952|3.7128|1.4445 trail=KIRIN_NPU(fail) CPU(ok)
E2EMATRIX RESULT role=det backend=kirin LANDED=CPU engine=ms req=kirin fallback=KIRIN_NPU rep=1 match=1 code=苏ED5172 total=34.0270 stages=26.6014|2.2370|3.7456|1.4333 trail=KIRIN_NPU(fail) CPU(ok)
E2EMATRIX RESULT role=det backend=kirin LANDED=CPU engine=ms req=kirin fallback=KIRIN_NPU rep=2 match=1 code=苏ED5172 total=46.6516 stages=39.7539|2.1947|3.5306|1.1564 trail=KIRIN_NPU(fail) CPU(ok)
E2EMATRIX LOAD role=rec backend=cpu ok=1;id=8;cached=0;name=models/rpv3_mdict_160_r3.ms;backend=CPU;requested=cpu;fallbackFrom=;attemptLog=CPU(ok);inputName=data;outputName=output;inputShape=[1,48,160,3];outputShape=[1,20,78];inputFormat=NHWC;outputFormat=NHWC;inputElems=23040;outputElems=1560;error=
E2EMATRIX RESULT role=rec backend=cpu LANDED=CPU engine=ms req=cpu fallback= rep=0 match=1 code=苏ED5172 total=48.2850 stages=30.2383|1.5702|15.2770|1.1847 trail=CPU(ok)
E2EMATRIX RESULT role=rec backend=cpu LANDED=CPU engine=ms req=cpu fallback= rep=1 match=1 code=苏ED5172 total=50.1203 stages=31.3228|1.6767|16.0011|1.1061 trail=CPU(ok)
E2EMATRIX RESULT role=rec backend=cpu LANDED=CPU engine=ms req=cpu fallback= rep=2 match=1 code=苏ED5172 total=48.7403 stages=30.5477|1.6583|15.3764|1.1437 trail=CPU(ok)
E2EMATRIX LOAD role=rec backend=nnrt ok=1;id=1;cached=1;name=models/rpv3_mdict_160_r3.ms;backend=NNRT:NPU_ohos.boot.hardware.kirin8020_v2_0;requested=nnrt;fallbackFrom=;attemptLog=NNRT:NPU_ohos.boot.hardware.kirin8020_v2_0(ok);inputName=data;outputName=output;inputShape=[1,48,160,3];outputShape=[1,20,78];inputFormat=NHWC;outputFormat=NHWC;inputElems=23040;outputElems=1560;error=
E2EMATRIX RESULT role=rec backend=nnrt LANDED=NNRT:NPU_ohos.boot.hardware.kirin8020_v2_0 engine=ms req=nnrt fallback= rep=0 match=1 code=苏ED5172 total=36.9869 stages=31.0636|1.5573|3.4372|0.9200 trail=NNRT:NPU_ohos.boot.hardware.kirin8020_v2_0(ok)
E2EMATRIX RESULT role=rec backend=nnrt LANDED=NNRT:NPU_ohos.boot.hardware.kirin8020_v2_0 engine=ms req=nnrt fallback= rep=1 match=1 code=苏ED5172 total=43.7092 stages=38.1116|1.3617|3.2058|1.0209 trail=NNRT:NPU_ohos.boot.hardware.kirin8020_v2_0(ok)
E2EMATRIX RESULT role=rec backend=nnrt LANDED=NNRT:NPU_ohos.boot.hardware.kirin8020_v2_0 engine=ms req=nnrt fallback= rep=2 match=1 code=苏ED5172 total=40.0527 stages=33.9706|1.7259|3.2564|1.0909 trail=NNRT:NPU_ohos.boot.hardware.kirin8020_v2_0(ok)
E2EMATRIX LOAD role=rec backend=nnrt_fp32 ok=1;id=9;cached=0;name=models/rpv3_mdict_160_r3.ms;backend=NNRT:NPU_ohos.boot.hardware.kirin8020_v2_0#fp32;requested=nnrt_fp32;fallbackFrom=;attemptLog=NNRT:NPU_ohos.boot.hardware.kirin8020_v2_0#fp32(ok);inputName=data;outputName=output;inputShape=[1,48,160,3];outputShape=[1,20,78];inputFormat=NHWC;outputFormat=NHWC;inputElems=23040;outputElems=1560;error=
E2EMATRIX RESULT role=rec backend=nnrt_fp32 LANDED=NNRT:NPU_ohos.boot.hardware.kirin8020_v2_0#fp32 engine=ms req=nnrt_fp32 fallback= rep=0 match=1 code=苏ED5172 total=44.3903 stages=38.1777|1.9878|3.2589|0.9548 trail=NNRT:NPU_ohos.boot.hardware.kirin8020_v2_0#fp32(ok)
E2EMATRIX RESULT role=rec backend=nnrt_fp32 LANDED=NNRT:NPU_ohos.boot.hardware.kirin8020_v2_0#fp32 engine=ms req=nnrt_fp32 fallback= rep=1 match=1 code=苏ED5172 total=48.0916 stages=41.6219|2.0075|3.3231|1.1214 trail=NNRT:NPU_ohos.boot.hardware.kirin8020_v2_0#fp32(ok)
E2EMATRIX RESULT role=rec backend=nnrt_fp32 LANDED=NNRT:NPU_ohos.boot.hardware.kirin8020_v2_0#fp32 engine=ms req=nnrt_fp32 fallback= rep=2 match=1 code=苏ED5172 total=40.1845 stages=34.3131|1.6906|3.1673|1.0016 trail=NNRT:NPU_ohos.boot.hardware.kirin8020_v2_0#fp32(ok)
E2EMATRIX LOAD role=rec backend=nnrt_fp16 ok=1;id=10;cached=0;name=models/rpv3_mdict_160_r3.ms;backend=NNRT:NPU_ohos.boot.hardware.kirin8020_v2_0;requested=nnrt_fp16;fallbackFrom=;attemptLog=NNRT:NPU_ohos.boot.hardware.kirin8020_v2_0(ok);inputName=data;outputName=output;inputShape=[1,48,160,3];outputShape=[1,20,78];inputFormat=NHWC;outputFormat=NHWC;inputElems=23040;outputElems=1560;error=
E2EMATRIX RESULT role=rec backend=nnrt_fp16 LANDED=NNRT:NPU_ohos.boot.hardware.kirin8020_v2_0 engine=ms req=nnrt_fp16 fallback= rep=0 match=1 code=苏ED5172 total=51.1052 stages=43.0697|2.9794|3.5558|1.4412 trail=NNRT:NPU_ohos.boot.hardware.kirin8020_v2_0(ok)
E2EMATRIX RESULT role=rec backend=nnrt_fp16 LANDED=NNRT:NPU_ohos.boot.hardware.kirin8020_v2_0 engine=ms req=nnrt_fp16 fallback= rep=1 match=1 code=苏ED5172 total=36.7508 stages=30.8817|1.5856|3.2580|1.0078 trail=NNRT:NPU_ohos.boot.hardware.kirin8020_v2_0(ok)
E2EMATRIX RESULT role=rec backend=nnrt_fp16 LANDED=NNRT:NPU_ohos.boot.hardware.kirin8020_v2_0 engine=ms req=nnrt_fp16 fallback= rep=2 match=1 code=苏ED5172 total=42.1553 stages=36.0548|1.7703|3.2575|1.0617 trail=NNRT:NPU_ohos.boot.hardware.kirin8020_v2_0(ok)
E2EMATRIX LOAD role=rec backend=gpu ok=1;id=11;cached=0;name=models/rpv3_mdict_160_r3.ms;backend=CPU;requested=gpu;fallbackFrom=GPU:fp16;attemptLog=GPU:fp16(fail) GPU:fp32(fail) CPU(ok);inputName=data;outputName=output;inputShape=[1,48,160,3];outputShape=[1,20,78];inputFormat=NHWC;outputFormat=NHWC;inputElems=23040;outputElems=1560;error=
E2EMATRIX RESULT role=rec backend=gpu LANDED=CPU engine=ms req=gpu fallback=GPU:fp16 rep=0 match=1 code=苏ED5172 total=51.6995 stages=26.5414|2.2273|21.8722|1.0425 trail=GPU:fp16(fail) GPU:fp32(fail) CPU(ok)
E2EMATRIX RESULT role=rec backend=gpu LANDED=CPU engine=ms req=gpu fallback=GPU:fp16 rep=1 match=1 code=苏ED5172 total=53.1973 stages=33.8536|1.5748|16.6569|1.0966 trail=GPU:fp16(fail) GPU:fp32(fail) CPU(ok)
E2EMATRIX RESULT role=rec backend=gpu LANDED=CPU engine=ms req=gpu fallback=GPU:fp16 rep=2 match=1 code=苏ED5172 total=54.5362 stages=32.6225|2.1648|18.2902|1.4433 trail=GPU:fp16(fail) GPU:fp32(fail) CPU(ok)
E2EMATRIX LOAD role=rec backend=kirin ok=1;id=12;cached=0;name=models/rpv3_mdict_160_r3.ms;backend=CPU;requested=kirin;fallbackFrom=KIRIN_NPU;attemptLog=KIRIN_NPU(fail) CPU(ok);inputName=data;outputName=output;inputShape=[1,48,160,3];outputShape=[1,20,78];inputFormat=NHWC;outputFormat=NHWC;inputElems=23040;outputElems=1560;error=
E2EMATRIX RESULT role=rec backend=kirin LANDED=CPU engine=ms req=kirin fallback=KIRIN_NPU rep=0 match=1 code=苏ED5172 total=42.8573 stages=27.6205|1.7222|12.2527|1.2469 trail=KIRIN_NPU(fail) CPU(ok)
E2EMATRIX RESULT role=rec backend=kirin LANDED=CPU engine=ms req=kirin fallback=KIRIN_NPU rep=1 match=1 code=苏ED5172 total=55.3000 stages=32.5867|2.1564|19.2423|1.2972 trail=KIRIN_NPU(fail) CPU(ok)
E2EMATRIX RESULT role=rec backend=kirin LANDED=CPU engine=ms req=kirin fallback=KIRIN_NPU rep=2 match=1 code=苏ED5172 total=50.8319 stages=23.9536|2.1714|23.1306|1.5617 trail=KIRIN_NPU(fail) CPU(ok)
E2EMATRIX LOAD role=cls backend=cpu ok=1;id=2;cached=1;name=models/litemodel_cls_96x_r1.ms;backend=CPU;requested=cpu;fallbackFrom=;attemptLog=CPU(ok);inputName=data;outputName=output;inputShape=[1,96,96,3];outputShape=[1,3];inputFormat=NHWC;outputFormat=NCHW;inputElems=27648;outputElems=3;error=
E2EMATRIX RESULT role=cls backend=cpu LANDED=CPU engine=ms req=cpu fallback= rep=0 match=1 code=苏ED5172 total=43.0292 stages=37.0275|1.6997|3.2994|0.9933 trail=CPU(ok)
E2EMATRIX RESULT role=cls backend=cpu LANDED=CPU engine=ms req=cpu fallback= rep=1 match=1 code=苏ED5172 total=41.5509 stages=34.6637|2.1777|3.4072|1.2917 trail=CPU(ok)
E2EMATRIX RESULT role=cls backend=cpu LANDED=CPU engine=ms req=cpu fallback= rep=2 match=1 code=苏ED5172 total=44.0097 stages=37.6503|1.8831|3.3806|1.0842 trail=CPU(ok)
E2EMATRIX LOAD role=cls backend=nnrt ok=1;id=13;cached=0;name=models/litemodel_cls_96x_r1.ms;backend=CPU;requested=nnrt;fallbackFrom=NNRT:NPU_ohos.boot.hardware.kirin8020_v2_0;attemptLog=NNRT:NPU_ohos.boot.hardware.kirin8020_v2_0(fail) NNRT:HIAI_F(fail) CPU(ok);inputName=data;outputName=output;inputShape=[1,96,96,3];outputShape=[1,3];inputFormat=NHWC;outputFormat=NCHW;inputElems=27648;outputElems=3;error=
E2EMATRIX RESULT role=cls backend=nnrt LANDED=CPU engine=ms req=nnrt fallback=NNRT:NPU_ohos.boot.hardware.kirin8020_v2_0 rep=0 match=1 code=苏ED5172 total=40.4853 stages=33.5519|2.1941|3.4717|1.2506 trail=NNRT:NPU_ohos.boot.hardware.kirin8020_v2_0(fail) NNRT:HIAI_F(fail) CPU(ok)
E2EMATRIX RESULT role=cls backend=nnrt LANDED=CPU engine=ms req=nnrt fallback=NNRT:NPU_ohos.boot.hardware.kirin8020_v2_0 rep=1 match=1 code=苏ED5172 total=34.8959 stages=28.6281|1.8092|3.2883|1.1572 trail=NNRT:NPU_ohos.boot.hardware.kirin8020_v2_0(fail) NNRT:HIAI_F(fail) CPU(ok)
E2EMATRIX RESULT role=cls backend=nnrt LANDED=CPU engine=ms req=nnrt fallback=NNRT:NPU_ohos.boot.hardware.kirin8020_v2_0 rep=2 match=1 code=苏ED5172 total=28.9648 stages=21.9283|2.2444|3.5261|1.2488 trail=NNRT:NPU_ohos.boot.hardware.kirin8020_v2_0(fail) NNRT:HIAI_F(fail) CPU(ok)
E2EMATRIX LOAD role=cls backend=nnrt_fp32 ok=1;id=14;cached=0;name=models/litemodel_cls_96x_r1.ms;backend=CPU;requested=nnrt_fp32;fallbackFrom=NNRT:NPU_ohos.boot.hardware.kirin8020_v2_0#fp32;attemptLog=NNRT:NPU_ohos.boot.hardware.kirin8020_v2_0#fp32(fail) NNRT:HIAI_F#fp32(fail) CPU(ok);inputName=data;outputName=output;inputShape=[1,96,96,3];outputShape=[1,3];inputFormat=NHWC;outputFormat=NCHW;inputElems=27648;outputElems=3;error=
E2EMATRIX RESULT role=cls backend=nnrt_fp32 LANDED=CPU engine=ms req=nnrt_fp32 fallback=NNRT:NPU_ohos.boot.hardware.kirin8020_v2_0#fp32 rep=0 match=1 code=苏ED5172 total=47.9963 stages=41.2303|1.5869|4.1263|1.0405 trail=NNRT:NPU_ohos.boot.hardware.kirin8020_v2_0#fp32(fail) NNRT:HIAI_F#fp32(fail) CPU(ok)
E2EMATRIX RESULT role=cls backend=nnrt_fp32 LANDED=CPU engine=ms req=nnrt_fp32 fallback=NNRT:NPU_ohos.boot.hardware.kirin8020_v2_0#fp32 rep=1 match=1 code=苏ED5172 total=40.4095 stages=33.4348|1.8422|3.8577|1.2614 trail=NNRT:NPU_ohos.boot.hardware.kirin8020_v2_0#fp32(fail) NNRT:HIAI_F#fp32(fail) CPU(ok)
E2EMATRIX RESULT role=cls backend=nnrt_fp32 LANDED=CPU engine=ms req=nnrt_fp32 fallback=NNRT:NPU_ohos.boot.hardware.kirin8020_v2_0#fp32 rep=2 match=1 code=苏ED5172 total=29.4472 stages=21.7689|2.8312|3.4508|1.3852 trail=NNRT:NPU_ohos.boot.hardware.kirin8020_v2_0#fp32(fail) NNRT:HIAI_F#fp32(fail) CPU(ok)
E2EMATRIX LOAD role=cls backend=nnrt_fp16 ok=1;id=15;cached=0;name=models/litemodel_cls_96x_r1.ms;backend=CPU;requested=nnrt_fp16;fallbackFrom=NNRT:NPU_ohos.boot.hardware.kirin8020_v2_0;attemptLog=NNRT:NPU_ohos.boot.hardware.kirin8020_v2_0(fail) NNRT:HIAI_F(fail) CPU(ok);inputName=data;outputName=output;inputShape=[1,96,96,3];outputShape=[1,3];inputFormat=NHWC;outputFormat=NCHW;inputElems=27648;outputElems=3;error=
E2EMATRIX RESULT role=cls backend=nnrt_fp16 LANDED=CPU engine=ms req=nnrt_fp16 fallback=NNRT:NPU_ohos.boot.hardware.kirin8020_v2_0 rep=0 match=1 code=苏ED5172 total=38.9717 stages=32.9936|1.5744|3.2909|1.0683 trail=NNRT:NPU_ohos.boot.hardware.kirin8020_v2_0(fail) NNRT:HIAI_F(fail) CPU(ok)
E2EMATRIX RESULT role=cls backend=nnrt_fp16 LANDED=CPU engine=ms req=nnrt_fp16 fallback=NNRT:NPU_ohos.boot.hardware.kirin8020_v2_0 rep=1 match=1 code=苏ED5172 total=37.3017 stages=30.2138|2.1927|3.6562|1.2261 trail=NNRT:NPU_ohos.boot.hardware.kirin8020_v2_0(fail) NNRT:HIAI_F(fail) CPU(ok)
E2EMATRIX RESULT role=cls backend=nnrt_fp16 LANDED=CPU engine=ms req=nnrt_fp16 fallback=NNRT:NPU_ohos.boot.hardware.kirin8020_v2_0 rep=2 match=1 code=苏ED5172 total=39.1034 stages=31.5783|1.9994|4.3880|1.1262 trail=NNRT:NPU_ohos.boot.hardware.kirin8020_v2_0(fail) NNRT:HIAI_F(fail) CPU(ok)
E2EMATRIX LOAD role=cls backend=gpu ok=1;id=16;cached=0;name=models/litemodel_cls_96x_r1.ms;backend=CPU;requested=gpu;fallbackFrom=GPU:fp16;attemptLog=GPU:fp16(fail) GPU:fp32(fail) CPU(ok);inputName=data;outputName=output;inputShape=[1,96,96,3];outputShape=[1,3];inputFormat=NHWC;outputFormat=NCHW;inputElems=27648;outputElems=3;error=
E2EMATRIX RESULT role=cls backend=gpu LANDED=CPU engine=ms req=gpu fallback=GPU:fp16 rep=0 match=1 code=苏ED5172 total=38.2995 stages=31.6927|2.1986|3.2605|1.1322 trail=GPU:fp16(fail) GPU:fp32(fail) CPU(ok)
E2EMATRIX RESULT role=cls backend=gpu LANDED=CPU engine=ms req=gpu fallback=GPU:fp16 rep=1 match=1 code=苏ED5172 total=28.1092 stages=20.9136|2.4036|3.5370|1.2414 trail=GPU:fp16(fail) GPU:fp32(fail) CPU(ok)
E2EMATRIX RESULT role=cls backend=gpu LANDED=CPU engine=ms req=gpu fallback=GPU:fp16 rep=2 match=1 code=苏ED5172 total=50.7553 stages=44.1052|2.0358|3.3369|1.2623 trail=GPU:fp16(fail) GPU:fp32(fail) CPU(ok)
E2EMATRIX LOAD role=cls backend=kirin ok=1;id=17;cached=0;name=models/litemodel_cls_96x_r1.ms;backend=CPU;requested=kirin;fallbackFrom=KIRIN_NPU;attemptLog=KIRIN_NPU(fail) CPU(ok);inputName=data;outputName=output;inputShape=[1,96,96,3];outputShape=[1,3];inputFormat=NHWC;outputFormat=NCHW;inputElems=27648;outputElems=3;error=
E2EMATRIX RESULT role=cls backend=kirin LANDED=CPU engine=ms req=kirin fallback=KIRIN_NPU rep=0 match=1 code=苏ED5172 total=34.7905 stages=28.5470|1.8045|3.3100|1.1181 trail=KIRIN_NPU(fail) CPU(ok)
E2EMATRIX RESULT role=cls backend=kirin LANDED=CPU engine=ms req=kirin fallback=KIRIN_NPU rep=1 match=1 code=苏ED5172 total=35.7917 stages=28.8888|2.3545|3.3998|1.1352 trail=KIRIN_NPU(fail) CPU(ok)
E2EMATRIX RESULT role=cls backend=kirin LANDED=CPU engine=ms req=kirin fallback=KIRIN_NPU rep=2 match=1 code=苏ED5172 total=41.3472 stages=34.3728|2.1734|3.4972|1.2914 trail=KIRIN_NPU(fail) CPU(ok)
E2EMATRIX LOAD role=cls-fp32 backend=cpu ok=1;id=18;cached=0;name=models/litemodel_cls_96x_r1_fp32.ms;backend=CPU;requested=cpu;fallbackFrom=;attemptLog=CPU(ok);inputName=data;outputName=output;inputShape=[1,96,96,3];outputShape=[1,3];inputFormat=NHWC;outputFormat=NCHW;inputElems=27648;outputElems=3;error=
E2EMATRIX RESULT role=cls-fp32 backend=cpu LANDED=CPU engine=ms req=cpu fallback= rep=0 match=1 code=苏ED5172 total=41.7506 stages=35.8911|1.5728|3.2495|1.0272 trail=CPU(ok)
E2EMATRIX RESULT role=cls-fp32 backend=cpu LANDED=CPU engine=ms req=cpu fallback= rep=1 match=1 code=苏ED5172 total=36.5145 stages=30.4959|1.6064|3.4041|1.0013 trail=CPU(ok)
E2EMATRIX RESULT role=cls-fp32 backend=cpu LANDED=CPU engine=ms req=cpu fallback= rep=2 match=1 code=苏ED5172 total=40.8933 stages=34.1608|2.1734|3.4767|1.0747 trail=CPU(ok)
E2EMATRIX LOAD role=cls-fp32 backend=nnrt ok=1;id=19;cached=0;name=models/litemodel_cls_96x_r1_fp32.ms;backend=NNRT:NPU_ohos.boot.hardware.kirin8020_v2_0;requested=nnrt;fallbackFrom=;attemptLog=NNRT:NPU_ohos.boot.hardware.kirin8020_v2_0(ok);inputName=data;outputName=output;inputShape=[1,96,96,3];outputShape=[1,3];inputFormat=NHWC;outputFormat=NCHW;inputElems=27648;outputElems=3;error=
E2EMATRIX RESULT role=cls-fp32 backend=nnrt LANDED=NNRT:NPU_ohos.boot.hardware.kirin8020_v2_0 engine=ms req=nnrt fallback= rep=0 match=1 code=苏ED5172 total=39.5169 stages=32.6305|2.1842|3.4139|1.2756 trail=NNRT:NPU_ohos.boot.hardware.kirin8020_v2_0(ok)
E2EMATRIX RESULT role=cls-fp32 backend=nnrt LANDED=NNRT:NPU_ohos.boot.hardware.kirin8020_v2_0 engine=ms req=nnrt fallback= rep=1 match=1 code=苏ED5172 total=34.1577 stages=28.0541|1.5827|3.3531|1.1619 trail=NNRT:NPU_ohos.boot.hardware.kirin8020_v2_0(ok)
E2EMATRIX RESULT role=cls-fp32 backend=nnrt LANDED=NNRT:NPU_ohos.boot.hardware.kirin8020_v2_0 engine=ms req=nnrt fallback= rep=2 match=1 code=苏ED5172 total=32.9794 stages=26.0830|2.2136|3.4489|1.2255 trail=NNRT:NPU_ohos.boot.hardware.kirin8020_v2_0(ok)
E2EMATRIX LOAD role=cls-fp32 backend=nnrt_fp32 ok=0;backend=nnrt_fp32;error=session cap 20 reached
E2EMATRIX LOAD role=cls-fp32 backend=nnrt_fp16 ok=0;backend=nnrt_fp16;error=session cap 20 reached
E2EMATRIX LOAD role=cls-fp32 backend=gpu ok=0;backend=gpu;error=session cap 20 reached
E2EMATRIX LOAD role=cls-fp32 backend=kirin ok=0;backend=kirin;error=session cap 20 reached
NCNNSLOT LOAD role=rec mode=cpu ok=1;slot=1;layers=252;inputs=in0;outputs=out0;requestedVulkan=0;effectiveVulkan=0;vkLayers=1/252;vkGpuCount=1;vkGpuName=Maleoon_920C;gpuProbe=not requested
NCNNSLOT RESULT role=rec mode=cpu LANDED=CPU engine=ncnn vkReq=0 vk=0 vkLayers=1/252 rep=0 match=1 code=苏ED5172 colour=蓝牌 total=49.5456 stages=36.8009|1.5742|10.0114|1.1459 chars=苏|E|D|5|1|7|2 clsScores=0.0001|0.9998|0.0001
NCNNSLOT RESULT role=rec mode=cpu LANDED=CPU engine=ncnn vkReq=0 vk=0 vkLayers=1/252 rep=1 match=1 code=苏ED5172 colour=蓝牌 total=45.1248 stages=31.6217|1.6006|10.6831|1.2081 chars=苏|E|D|5|1|7|2 clsScores=0.0001|0.9998|0.0001
NCNNSLOT RESULT role=rec mode=cpu LANDED=CPU engine=ncnn vkReq=0 vk=0 vkLayers=1/252 rep=2 match=1 code=苏ED5172 colour=蓝牌 total=42.1503 stages=27.8672|1.6083|11.3825|1.2781 chars=苏|E|D|5|1|7|2 clsScores=0.0001|0.9998|0.0001
NCNNSLOT LOAD role=rec mode=vulkan ok=1;slot=1;layers=252;inputs=in0;outputs=out0;requestedVulkan=1;effectiveVulkan=1;vkLayers=251/252;vkGpuCount=1;vkGpuName=Maleoon_920C;gpuProbe=ok=1;count=1;name=Maleoon 920C;driver=Maleoon 920C;api=4206867;fp16=111
NCNNSLOT RESULT role=rec mode=vulkan LANDED=GPU engine=ncnn vkReq=1 vk=1 vkLayers=251/252 rep=0 match=1 code=苏ED5172 colour=蓝牌 total=100.4708 stages=43.7831|1.4402|49.6598|5.5111 chars=苏|E|D|5|1|7|2 clsScores=0.0001|0.9998|0.0001
NCNNSLOT RESULT role=rec mode=vulkan LANDED=GPU engine=ncnn vkReq=1 vk=1 vkLayers=251/252 rep=1 match=1 code=苏ED5172 colour=蓝牌 total=105.0405 stages=47.7041|2.2175|50.6667|4.4169 chars=苏|E|D|5|1|7|2 clsScores=0.0001|0.9998|0.0001
NCNNSLOT RESULT role=rec mode=vulkan LANDED=GPU engine=ncnn vkReq=1 vk=1 vkLayers=251/252 rep=2 match=1 code=苏ED5172 colour=蓝牌 total=98.0617 stages=32.9659|2.0155|55.5755|7.4528 chars=苏|E|D|5|1|7|2 clsScores=0.0001|0.9998|0.0001
NCNNSLOT LOAD role=cls mode=cpu ok=1;slot=2;layers=78;inputs=in0;outputs=out0;requestedVulkan=0;effectiveVulkan=0;vkLayers=1/78;vkGpuCount=1;vkGpuName=Maleoon_920C;gpuProbe=not requested
NCNNSLOT RESULT role=cls mode=cpu LANDED=CPU engine=ncnn vkReq=0 vk=0 vkLayers=1/78 rep=0 match=1 code=苏ED5172 colour=蓝牌 total=34.0403 stages=27.2666|2.0470|3.4172|1.3031 chars=苏|E|D|5|1|7|2 clsScores=0.0001|0.9998|0.0001
NCNNSLOT RESULT role=cls mode=cpu LANDED=CPU engine=ncnn vkReq=0 vk=0 vkLayers=1/78 rep=1 match=1 code=苏ED5172 colour=蓝牌 total=38.5252 stages=31.4811|2.0738|3.3383|1.6237 chars=苏|E|D|5|1|7|2 clsScores=0.0001|0.9998|0.0001
NCNNSLOT RESULT role=cls mode=cpu LANDED=CPU engine=ncnn vkReq=0 vk=0 vkLayers=1/78 rep=2 match=1 code=苏ED5172 colour=蓝牌 total=34.1166 stages=27.4150|1.7084|3.4772|1.5078 chars=苏|E|D|5|1|7|2 clsScores=0.0001|0.9998|0.0001
NCNNSLOT LOAD role=cls mode=vulkan ok=1;slot=2;layers=78;inputs=in0;outputs=out0;requestedVulkan=1;effectiveVulkan=1;vkLayers=78/78;vkGpuCount=1;vkGpuName=Maleoon_920C;gpuProbe=ok=1;count=1;name=Maleoon 920C;driver=Maleoon 920C;api=4206867;fp16=111
NCNNSLOT RESULT role=cls mode=vulkan LANDED=GPU engine=ncnn vkReq=1 vk=1 vkLayers=78/78 rep=0 match=1 code=苏ED5172 colour=蓝牌 total=53.8183 stages=37.1923|3.5455|3.8544|9.1903 chars=苏|E|D|5|1|7|2 clsScores=0.0001|0.9998|0.0001
NCNNSLOT RESULT role=cls mode=vulkan LANDED=GPU engine=ncnn vkReq=1 vk=1 vkLayers=78/78 rep=1 match=1 code=苏ED5172 colour=蓝牌 total=45.2206 stages=33.2986|1.7202|3.2687|6.8945 chars=苏|E|D|5|1|7|2 clsScores=0.0001|0.9998|0.0001
NCNNSLOT RESULT role=cls mode=vulkan LANDED=GPU engine=ncnn vkReq=1 vk=1 vkLayers=78/78 rep=2 match=1 code=苏ED5172 colour=蓝牌 total=44.0838 stages=31.8847|1.8244|3.4002|6.9686 chars=苏|E|D|5|1|7|2 clsScores=0.0001|0.9998|0.0001
CANN ENUM ok=1;probe=nnrt+hiai;nnrt_runtime=soname;nnrt_core=soname;hiai_foundation=soname;cann_version=108.631.120.010;getAllDevices_rc=0;device_count=2;d0=id=8987859593747354028,name=HIAI_F,type=ACCELERATOR,nameRc=0,typeRc=0;d1=id=13306020061847651998,name=NPU_ohos.boot.hardware.kirin8020_v2_0,type=ACCELERATOR,nameRc=0,typeRc=0;
CANN TRY model=models/probe_hiai_imagenet.om size=2496459 ok=1;bytes=2496459;hiai_compat_code=0;hiai_compat_note=0=compatible,1=incompatible;construct=ok;picked_device=8987859593747354028;picked_device_all0=8987859593747354028;set_device_rc=0;build_rc=0;build_note=0=SUCCESS, else see OH_NN_ReturnCode;executor=ok;in_count=1;out_count=1;in0=name=data,dtype=FLOAT32,shape=[1x3x227x227];out0=name=output_0_prob_0,dtype=FLOAT32,shape=[1x1000x1x1];in_bytes=618348;out_bytes=4000;run_tensors=1in/1out;run_rc=0;run_ms_each=3.687|0.954|1.162;o0_sum=1.0005;o0_argmax=111;o0_max=0.1509;out_note=synthetic-input->argmax NOT meaningful;executor_destroyed=1;destroyed=1;
CANN TRY model=models/probe_om_lprnet.om size=916283 ok=1;bytes=916283;hiai_compat_code=0;hiai_compat_note=0=compatible,1=incompatible;construct=ok;picked_device=8987859593747354028;picked_device_all0=8987859593747354028;set_device_rc=0;build_rc=0;build_note=0=SUCCESS, else see OH_NN_ReturnCode;executor=ok;in_count=1;out_count=1;in0=name=input,dtype=FLOAT32,shape=[1x3x24x94];out0=name=output,dtype=FLOAT32,shape=[1x1x68x18];in_bytes=27072;out_bytes=4896;run_tensors=1in/1out;run_rc=0;run_ms_each=2.035|1.380|1.358;o0_sum=-62362.3169;o0_argmax=1206;o0_max=311.5000;out_note=synthetic-input->argmax NOT meaningful;executor_destroyed=1;destroyed=1;
CANN TRY model=models/probe_om_lprnet_npufix.om size=915413 ok=1;bytes=915413;hiai_compat_code=0;hiai_compat_note=0=compatible,1=incompatible;construct=ok;picked_device=8987859593747354028;picked_device_all0=8987859593747354028;set_device_rc=0;build_rc=0;build_note=0=SUCCESS, else see OH_NN_ReturnCode;executor=ok;in_count=1;out_count=1;in0=name=input,dtype=FLOAT32,shape=[1x3x24x94];out0=name=output,dtype=FLOAT32,shape=[1x1x68x18];in_bytes=27072;out_bytes=4896;run_tensors=1in/1out;run_rc=0;run_ms_each=2.877|1.653|2.024;o0_sum=-62362.3169;o0_argmax=1206;o0_max=311.5000;out_note=synthetic-input->argmax NOT meaningful;executor_destroyed=1;destroyed=1;
CANN TRY model=models/probe_om_det.om size=1948509 ok=1;bytes=1948509;hiai_compat_code=1;hiai_compat_note=0=compatible,1=incompatible;construct=ok;picked_device=8987859593747354028;picked_device_all0=8987859593747354028;set_device_rc=0;build_rc=1;build_note=0=SUCCESS, else see OH_NN_ReturnCode;destroyed=1;
CANN TRY model=models/probe_om_dethead.om size=1010950 ok=1;bytes=1010950;hiai_compat_code=0;hiai_compat_note=0=compatible,1=incompatible;construct=ok;picked_device=8987859593747354028;picked_device_all0=8987859593747354028;set_device_rc=0;build_rc=0;build_note=0=SUCCESS, else see OH_NN_ReturnCode;executor=ok;in_count=1;out_count=3;in0=name=input,dtype=FLOAT32,shape=[1x3x320x320];out0=name=948,dtype=FLOAT32,shape=[1x45x40x40];out1=name=1061,dtype=FLOAT32,shape=[1x45x20x20];out2=name=1174,dtype=FLOAT32,shape=[1x45x10x10];in_bytes=1228800;out_bytes=378000;run_tensors=1in/3out;run_rc=0;run_ms_each=6.352|4.099|4.776;o0_sum=-25055.3415;o0_argmax=28756;o0_max=6.5898;o1_sum=-11325.9309;o1_argmax=11231;o1_max=5.9961;o2_sum=-3700.2237;o2_argmax=2888;o2_max=5.0664;out_note=synthetic-input->argmax NOT meaningful;executor_destroyed=1;destroyed=1;
CANN TRY model=models/probe_om_rec.om size=5041253 ok=1;bytes=5041253;hiai_compat_code=0;hiai_compat_note=0=compatible,1=incompatible;construct=ok;picked_device=8987859593747354028;picked_device_all0=8987859593747354028;set_device_rc=0;build_rc=0;build_note=0=SUCCESS, else see OH_NN_ReturnCode;executor=ok;in_count=1;out_count=1;in0=name=data,dtype=FLOAT32,shape=[1x3x48x160];out0=name=output,dtype=FLOAT32,shape=[1x1x20x78];in_bytes=92160;out_bytes=6240;run_tensors=1in/1out;run_rc=0;run_ms_each=4.719|4.136|5.626;o0_sum=19.9978;o0_argmax=1326;o0_max=0.8359;out_note=synthetic-input->argmax NOT meaningful;executor_destroyed=1;destroyed=1;
CANN TRY model=models/probe_om_cls.om size=841728 ok=1;bytes=841728;hiai_compat_code=0;hiai_compat_note=0=compatible,1=incompatible;construct=ok;picked_device=8987859593747354028;picked_device_all0=8987859593747354028;set_device_rc=0;build_rc=0;build_note=0=SUCCESS, else see OH_NN_ReturnCode;executor=ok;in_count=1;out_count=1;in0=name=data,dtype=FLOAT32,shape=[1x3x96x96];out0=name=output,dtype=FLOAT32,shape=[1x3x1x1];in_bytes=110592;out_bytes=12;run_tensors=1in/1out;run_rc=0;run_ms_each=1.726|0.959|0.805;o0_sum=0.9981;o0_argmax=0;o0_max=0.9980;out_note=synthetic-input->argmax NOT meaningful;executor_destroyed=1;destroyed=1;
CANN TRY model=models/y5fu_320x_head_fp32.ms size=1847336 ok=1;bytes=1847336;hiai_compat_code=1;hiai_compat_note=0=compatible,1=incompatible;construct=ok;picked_device=8987859593747354028;picked_device_all0=8987859593747354028;set_device_rc=0;build_rc=1;build_note=0=SUCCESS, else see OH_NN_ReturnCode;destroyed=1;
CANN TRY model=models/rpv3_mdict_160_r3.ms size=4480304 ok=1;bytes=4480304;hiai_compat_code=1;hiai_compat_note=0=compatible,1=incompatible;construct=ok;picked_device=8987859593747354028;picked_device_all0=8987859593747354028;set_device_rc=0;build_rc=1;build_note=0=SUCCESS, else see OH_NN_ReturnCode;destroyed=1;
CANN TRY model=models/litemodel_cls_96x_r1.ms size=817432 ok=1;bytes=817432;hiai_compat_code=1;hiai_compat_note=0=compatible,1=incompatible;construct=ok;picked_device=8987859593747354028;picked_device_all0=8987859593747354028;set_device_rc=0;build_rc=1;build_note=0=SUCCESS, else see OH_NN_ReturnCode;destroyed=1;
E2EMATRIX LOAD role=det backend=cpu ok=1;id=0;cached=1;name=models/y5fu_320x_head_fp32.ms;backend=CPU;requested=cpu;fallbackFrom=;attemptLog=CPU(ok);inputName=input;outputName=948;inputShape=[1,320,320,3];outputShape=[1,45,40,40];inputFormat=NHWC;outputFormat=NCHW;inputElems=307200;outputElems=72000;error=
E2EMATRIX RESULT role=det backend=cpu LANDED=CPU engine=ms req=cpu fallback= rep=0 match=1 code=苏ED5172 total=38.1094 stages=30.9322|2.4186|3.3948|1.3508 trail=CPU(ok)
E2EMATRIX RESULT role=det backend=cpu LANDED=CPU engine=ms req=cpu fallback= rep=1 match=1 code=苏ED5172 total=37.0964 stages=30.2420|2.1736|3.4677|1.1988 trail=CPU(ok)
E2EMATRIX RESULT role=det backend=cpu LANDED=CPU engine=ms req=cpu fallback= rep=2 match=1 code=苏ED5172 total=61.1395 stages=44.1156|7.7817|5.2491|3.9645 trail=CPU(ok)
E2EMATRIX LOAD role=det backend=nnrt ok=1;id=3;cached=1;name=models/y5fu_320x_head_fp32.ms;backend=NNRT:NPU_ohos.boot.hardware.kirin8020_v2_0;requested=nnrt;fallbackFrom=;attemptLog=NNRT:NPU_ohos.boot.hardware.kirin8020_v2_0(ok);inputName=input;outputName=948;inputShape=[1,320,320,3];outputShape=[1,45,40,40];inputFormat=NHWC;outputFormat=NCHW;inputElems=307200;outputElems=72000;error=
E2EMATRIX RESULT role=det backend=nnrt LANDED=NNRT:NPU_ohos.boot.hardware.kirin8020_v2_0 engine=ms req=nnrt fallback= rep=0 match=0 code=苏E05172 total=36.3195 stages=19.1758|7.7422|5.1669|4.2042 trail=NNRT:NPU_ohos.boot.hardware.kirin8020_v2_0(ok)
E2EMATRIX RESULT role=det backend=nnrt LANDED=NNRT:NPU_ohos.boot.hardware.kirin8020_v2_0 engine=ms req=nnrt fallback= rep=1 match=0 code=苏E05172 total=26.0764 stages=16.5675|4.9575|3.2439|1.2969 trail=NNRT:NPU_ohos.boot.hardware.kirin8020_v2_0(ok)
E2EMATRIX RESULT role=det backend=nnrt LANDED=NNRT:NPU_ohos.boot.hardware.kirin8020_v2_0 engine=ms req=nnrt fallback= rep=2 match=0 code=苏E05172 total=33.1650 stages=16.2869|7.5898|5.2252|4.0347 trail=NNRT:NPU_ohos.boot.hardware.kirin8020_v2_0(ok)
E2EMATRIX LOAD role=det backend=nnrt_fp32 ok=1;id=4;cached=0;name=models/y5fu_320x_head_fp32.ms;backend=NNRT:NPU_ohos.boot.hardware.kirin8020_v2_0#fp32;requested=nnrt_fp32;fallbackFrom=;attemptLog=NNRT:NPU_ohos.boot.hardware.kirin8020_v2_0#fp32(ok);inputName=input;outputName=948;inputShape=[1,320,320,3];outputShape=[1,45,40,40];inputFormat=NHWC;outputFormat=NCHW;inputElems=307200;outputElems=72000;error=
E2EMATRIX RESULT role=det backend=nnrt_fp32 LANDED=NNRT:NPU_ohos.boot.hardware.kirin8020_v2_0#fp32 engine=ms req=nnrt_fp32 fallback= rep=0 match=0 code=苏E05172 total=17.6036 stages=9.1306|2.1531|3.7816|2.5188 trail=NNRT:NPU_ohos.boot.hardware.kirin8020_v2_0#fp32(ok)
E2EMATRIX RESULT role=det backend=nnrt_fp32 LANDED=NNRT:NPU_ohos.boot.hardware.kirin8020_v2_0#fp32 engine=ms req=nnrt_fp32 fallback= rep=1 match=0 code=苏E05172 total=33.3220 stages=16.9814|6.1436|5.1580|4.9811 trail=NNRT:NPU_ohos.boot.hardware.kirin8020_v2_0#fp32(ok)
E2EMATRIX RESULT role=det backend=nnrt_fp32 LANDED=NNRT:NPU_ohos.boot.hardware.kirin8020_v2_0#fp32 engine=ms req=nnrt_fp32 fallback= rep=2 match=0 code=苏E05172 total=16.8839 stages=9.4441|2.1642|3.3370|1.9236 trail=NNRT:NPU_ohos.boot.hardware.kirin8020_v2_0#fp32(ok)
E2EMATRIX LOAD role=det backend=nnrt_fp16 ok=1;id=5;cached=0;name=models/y5fu_320x_head_fp32.ms;backend=NNRT:NPU_ohos.boot.hardware.kirin8020_v2_0;requested=nnrt_fp16;fallbackFrom=;attemptLog=NNRT:NPU_ohos.boot.hardware.kirin8020_v2_0(ok);inputName=input;outputName=948;inputShape=[1,320,320,3];outputShape=[1,45,40,40];inputFormat=NHWC;outputFormat=NCHW;inputElems=307200;outputElems=72000;error=
E2EMATRIX RESULT role=det backend=nnrt_fp16 LANDED=NNRT:NPU_ohos.boot.hardware.kirin8020_v2_0 engine=ms req=nnrt_fp16 fallback= rep=0 match=0 code=苏E05172 total=20.5263 stages=10.3650|3.6230|4.0905|2.4217 trail=NNRT:NPU_ohos.boot.hardware.kirin8020_v2_0(ok)
E2EMATRIX RESULT role=det backend=nnrt_fp16 LANDED=NNRT:NPU_ohos.boot.hardware.kirin8020_v2_0 engine=ms req=nnrt_fp16 fallback= rep=1 match=0 code=苏E05172 total=25.0342 stages=14.0216|4.5733|5.1184|1.3059 trail=NNRT:NPU_ohos.boot.hardware.kirin8020_v2_0(ok)
E2EMATRIX RESULT role=det backend=nnrt_fp16 LANDED=NNRT:NPU_ohos.boot.hardware.kirin8020_v2_0 engine=ms req=nnrt_fp16 fallback= rep=2 match=0 code=苏E05172 total=25.1734 stages=13.3606|5.4248|4.1783|2.1889 trail=NNRT:NPU_ohos.boot.hardware.kirin8020_v2_0(ok)
E2EMATRIX LOAD role=det backend=gpu ok=1;id=6;cached=0;name=models/y5fu_320x_head_fp32.ms;backend=CPU;requested=gpu;fallbackFrom=GPU:fp16;attemptLog=GPU:fp16(fail) GPU:fp32(fail) CPU(ok);inputName=input;outputName=948;inputShape=[1,320,320,3];outputShape=[1,45,40,40];inputFormat=NHWC;outputFormat=NCHW;inputElems=307200;outputElems=72000;error=
E2EMATRIX RESULT role=det backend=gpu LANDED=CPU engine=ms req=gpu fallback=GPU:fp16 rep=0 match=1 code=苏ED5172 total=41.4005 stages=34.3920|2.2469|3.5048|1.2469 trail=GPU:fp16(fail) GPU:fp32(fail) CPU(ok)
E2EMATRIX RESULT role=det backend=gpu LANDED=CPU engine=ms req=gpu fallback=GPU:fp16 rep=1 match=1 code=苏ED5172 total=35.7264 stages=26.3809|2.8802|5.1866|1.2655 trail=GPU:fp16(fail) GPU:fp32(fail) CPU(ok)
E2EMATRIX RESULT role=det backend=gpu LANDED=CPU engine=ms req=gpu fallback=GPU:fp16 rep=2 match=1 code=苏ED5172 total=38.1631 stages=30.8428|2.5203|3.4770|1.3105 trail=GPU:fp16(fail) GPU:fp32(fail) CPU(ok)
E2EMATRIX LOAD role=det backend=kirin ok=1;id=7;cached=0;name=models/y5fu_320x_head_fp32.ms;backend=CPU;requested=kirin;fallbackFrom=KIRIN_NPU;attemptLog=KIRIN_NPU(fail) CPU(ok);inputName=input;outputName=948;inputShape=[1,320,320,3];outputShape=[1,45,40,40];inputFormat=NHWC;outputFormat=NCHW;inputElems=307200;outputElems=72000;error=
E2EMATRIX RESULT role=det backend=kirin LANDED=CPU engine=ms req=kirin fallback=KIRIN_NPU rep=0 match=1 code=苏ED5172 total=32.2027 stages=25.4011|2.1897|3.4800|1.1198 trail=KIRIN_NPU(fail) CPU(ok)
E2EMATRIX RESULT role=det backend=kirin LANDED=CPU engine=ms req=kirin fallback=KIRIN_NPU rep=1 match=1 code=苏ED5172 total=36.7686 stages=29.8108|2.1602|3.5100|1.2777 trail=KIRIN_NPU(fail) CPU(ok)
E2EMATRIX RESULT role=det backend=kirin LANDED=CPU engine=ms req=kirin fallback=KIRIN_NPU rep=2 match=1 code=苏ED5172 total=35.8525 stages=26.2280|2.8025|3.8627|2.9441 trail=KIRIN_NPU(fail) CPU(ok)
E2EMATRIX LOAD role=rec backend=cpu ok=1;id=8;cached=0;name=models/rpv3_mdict_160_r3.ms;backend=CPU;requested=cpu;fallbackFrom=;attemptLog=CPU(ok);inputName=data;outputName=output;inputShape=[1,48,160,3];outputShape=[1,20,78];inputFormat=NHWC;outputFormat=NHWC;inputElems=23040;outputElems=1560;error=
E2EMATRIX RESULT role=rec backend=cpu LANDED=CPU engine=ms req=cpu fallback= rep=0 match=1 code=苏ED5172 total=99.1633 stages=51.8345|2.1722|43.8289|1.3084 trail=CPU(ok)
E2EMATRIX RESULT role=rec backend=cpu LANDED=CPU engine=ms req=cpu fallback= rep=1 match=1 code=苏ED5172 total=100.8805 stages=47.9316|7.7330|43.1956|2.0019 trail=CPU(ok)
E2EMATRIX RESULT role=rec backend=cpu LANDED=CPU engine=ms req=cpu fallback= rep=2 match=1 code=苏ED5172 total=84.1667 stages=48.3587|7.6884|26.5567|1.5487 trail=CPU(ok)
E2EMATRIX LOAD role=rec backend=nnrt ok=1;id=1;cached=1;name=models/rpv3_mdict_160_r3.ms;backend=NNRT:NPU_ohos.boot.hardware.kirin8020_v2_0;requested=nnrt;fallbackFrom=;attemptLog=NNRT:NPU_ohos.boot.hardware.kirin8020_v2_0(ok);inputName=data;outputName=output;inputShape=[1,48,160,3];outputShape=[1,20,78];inputFormat=NHWC;outputFormat=NHWC;inputElems=23040;outputElems=1560;error=
E2EMATRIX RESULT role=rec backend=nnrt LANDED=NNRT:NPU_ohos.boot.hardware.kirin8020_v2_0 engine=ms req=nnrt fallback= rep=0 match=1 code=苏ED5172 total=50.3203 stages=43.3464|2.1695|3.6716|1.1245 trail=NNRT:NPU_ohos.boot.hardware.kirin8020_v2_0(ok)
E2EMATRIX RESULT role=rec backend=nnrt LANDED=NNRT:NPU_ohos.boot.hardware.kirin8020_v2_0 engine=ms req=nnrt fallback= rep=1 match=1 code=苏ED5172 total=35.4078 stages=29.2400|1.7591|3.2997|1.0994 trail=NNRT:NPU_ohos.boot.hardware.kirin8020_v2_0(ok)
E2EMATRIX RESULT role=rec backend=nnrt LANDED=NNRT:NPU_ohos.boot.hardware.kirin8020_v2_0 engine=ms req=nnrt fallback= rep=2 match=1 code=苏ED5172 total=47.4398 stages=39.9712|2.0284|4.3333|1.0947 trail=NNRT:NPU_ohos.boot.hardware.kirin8020_v2_0(ok)
E2EMATRIX LOAD role=rec backend=nnrt_fp32 ok=1;id=9;cached=0;name=models/rpv3_mdict_160_r3.ms;backend=NNRT:NPU_ohos.boot.hardware.kirin8020_v2_0#fp32;requested=nnrt_fp32;fallbackFrom=;attemptLog=NNRT:NPU_ohos.boot.hardware.kirin8020_v2_0#fp32(ok);inputName=data;outputName=output;inputShape=[1,48,160,3];outputShape=[1,20,78];inputFormat=NHWC;outputFormat=NHWC;inputElems=23040;outputElems=1560;error=
E2EMATRIX RESULT role=rec backend=nnrt_fp32 LANDED=NNRT:NPU_ohos.boot.hardware.kirin8020_v2_0#fp32 engine=ms req=nnrt_fp32 fallback= rep=0 match=1 code=苏ED5172 total=44.3483 stages=38.5611|1.5641|3.2308|0.9811 trail=NNRT:NPU_ohos.boot.hardware.kirin8020_v2_0#fp32(ok)
E2EMATRIX RESULT role=rec backend=nnrt_fp32 LANDED=NNRT:NPU_ohos.boot.hardware.kirin8020_v2_0#fp32 engine=ms req=nnrt_fp32 fallback= rep=1 match=1 code=苏ED5172 total=44.1858 stages=37.7991|1.8717|3.3131|1.1852 trail=NNRT:NPU_ohos.boot.hardware.kirin8020_v2_0#fp32(ok)
E2EMATRIX RESULT role=rec backend=nnrt_fp32 LANDED=NNRT:NPU_ohos.boot.hardware.kirin8020_v2_0#fp32 engine=ms req=nnrt_fp32 fallback= rep=2 match=1 code=苏ED5172 total=39.8830 stages=34.1320|1.5639|3.1928|0.9848 trail=NNRT:NPU_ohos.boot.hardware.kirin8020_v2_0#fp32(ok)
E2EMATRIX LOAD role=rec backend=nnrt_fp16 ok=1;id=10;cached=0;name=models/rpv3_mdict_160_r3.ms;backend=NNRT:NPU_ohos.boot.hardware.kirin8020_v2_0;requested=nnrt_fp16;fallbackFrom=;attemptLog=NNRT:NPU_ohos.boot.hardware.kirin8020_v2_0(ok);inputName=data;outputName=output;inputShape=[1,48,160,3];outputShape=[1,20,78];inputFormat=NHWC;outputFormat=NHWC;inputElems=23040;outputElems=1560;error=
E2EMATRIX RESULT role=rec backend=nnrt_fp16 LANDED=NNRT:NPU_ohos.boot.hardware.kirin8020_v2_0 engine=ms req=nnrt_fp16 fallback= rep=0 match=1 code=苏ED5172 total=74.0222 stages=64.4683|2.0120|6.0422|1.4836 trail=NNRT:NPU_ohos.boot.hardware.kirin8020_v2_0(ok)
E2EMATRIX RESULT role=rec backend=nnrt_fp16 LANDED=NNRT:NPU_ohos.boot.hardware.kirin8020_v2_0 engine=ms req=nnrt_fp16 fallback= rep=1 match=1 code=苏ED5172 total=46.2381 stages=39.4284|2.1905|3.3220|1.2763 trail=NNRT:NPU_ohos.boot.hardware.kirin8020_v2_0(ok)
E2EMATRIX RESULT role=rec backend=nnrt_fp16 LANDED=NNRT:NPU_ohos.boot.hardware.kirin8020_v2_0 engine=ms req=nnrt_fp16 fallback= rep=2 match=1 code=苏ED5172 total=41.0688 stages=34.0470|2.1542|3.4823|1.3720 trail=NNRT:NPU_ohos.boot.hardware.kirin8020_v2_0(ok)
E2EMATRIX LOAD role=rec backend=gpu ok=1;id=11;cached=0;name=models/rpv3_mdict_160_r3.ms;backend=CPU;requested=gpu;fallbackFrom=GPU:fp16;attemptLog=GPU:fp16(fail) GPU:fp32(fail) CPU(ok);inputName=data;outputName=output;inputShape=[1,48,160,3];outputShape=[1,20,78];inputFormat=NHWC;outputFormat=NHWC;inputElems=23040;outputElems=1560;error=
E2EMATRIX RESULT role=rec backend=gpu LANDED=CPU engine=ms req=gpu fallback=GPU:fp16 rep=0 match=1 code=苏ED5172 total=62.7622 stages=43.5205|1.8283|16.0970|1.3025 trail=GPU:fp16(fail) GPU:fp32(fail) CPU(ok)
E2EMATRIX RESULT role=rec backend=gpu LANDED=CPU engine=ms req=gpu fallback=GPU:fp16 rep=1 match=1 code=苏ED5172 total=56.8014 stages=33.1189|2.1652|20.3234|1.1797 trail=GPU:fp16(fail) GPU:fp32(fail) CPU(ok)
E2EMATRIX RESULT role=rec backend=gpu LANDED=CPU engine=ms req=gpu fallback=GPU:fp16 rep=2 match=1 code=苏ED5172 total=57.5131 stages=35.7780|1.8908|18.6400|1.1884 trail=GPU:fp16(fail) GPU:fp32(fail) CPU(ok)
E2EMATRIX LOAD role=rec backend=kirin ok=1;id=12;cached=0;name=models/rpv3_mdict_160_r3.ms;backend=CPU;requested=kirin;fallbackFrom=KIRIN_NPU;attemptLog=KIRIN_NPU(fail) CPU(ok);inputName=data;outputName=output;inputShape=[1,48,160,3];outputShape=[1,20,78];inputFormat=NHWC;outputFormat=NHWC;inputElems=23040;outputElems=1560;error=
E2EMATRIX RESULT role=rec backend=kirin LANDED=CPU engine=ms req=kirin fallback=KIRIN_NPU rep=0 match=1 code=苏ED5172 total=60.2767 stages=41.7041|1.6886|15.8564|1.0144 trail=KIRIN_NPU(fail) CPU(ok)
E2EMATRIX RESULT role=rec backend=kirin LANDED=CPU engine=ms req=kirin fallback=KIRIN_NPU rep=1 match=1 code=苏ED5172 total=57.6631 stages=36.5069|1.8581|18.0580|1.2242 trail=KIRIN_NPU(fail) CPU(ok)
E2EMATRIX RESULT role=rec backend=kirin LANDED=CPU engine=ms req=kirin fallback=KIRIN_NPU rep=2 match=1 code=苏ED5172 total=57.1628 stages=36.9952|1.9619|17.0967|1.0941 trail=KIRIN_NPU(fail) CPU(ok)
E2EMATRIX LOAD role=cls backend=cpu ok=1;id=2;cached=1;name=models/litemodel_cls_96x_r1.ms;backend=CPU;requested=cpu;fallbackFrom=;attemptLog=CPU(ok);inputName=data;outputName=output;inputShape=[1,96,96,3];outputShape=[1,3];inputFormat=NHWC;outputFormat=NCHW;inputElems=27648;outputElems=3;error=
E2EMATRIX RESULT role=cls backend=cpu LANDED=CPU engine=ms req=cpu fallback= rep=0 match=1 code=苏ED5172 total=36.8611 stages=30.1902|2.1813|3.3792|1.1002 trail=CPU(ok)
E2EMATRIX RESULT role=cls backend=cpu LANDED=CPU engine=ms req=cpu fallback= rep=1 match=1 code=苏ED5172 total=36.6872 stages=29.9883|2.2089|3.4319|1.0464 trail=CPU(ok)
E2EMATRIX RESULT role=cls backend=cpu LANDED=CPU engine=ms req=cpu fallback= rep=2 match=1 code=苏ED5172 total=34.0669 stages=27.1816|2.0616|3.6369|1.1750 trail=CPU(ok)
E2EMATRIX LOAD role=cls backend=nnrt ok=1;id=13;cached=0;name=models/litemodel_cls_96x_r1.ms;backend=CPU;requested=nnrt;fallbackFrom=NNRT:NPU_ohos.boot.hardware.kirin8020_v2_0;attemptLog=NNRT:NPU_ohos.boot.hardware.kirin8020_v2_0(fail) NNRT:HIAI_F(fail) CPU(ok);inputName=data;outputName=output;inputShape=[1,96,96,3];outputShape=[1,3];inputFormat=NHWC;outputFormat=NCHW;inputElems=27648;outputElems=3;error=
E2EMATRIX RESULT role=cls backend=nnrt LANDED=CPU engine=ms req=nnrt fallback=NNRT:NPU_ohos.boot.hardware.kirin8020_v2_0 rep=0 match=1 code=苏ED5172 total=46.1261 stages=38.5308|2.6892|3.6853|1.2075 trail=NNRT:NPU_ohos.boot.hardware.kirin8020_v2_0(fail) NNRT:HIAI_F(fail) CPU(ok)
E2EMATRIX RESULT role=cls backend=nnrt LANDED=CPU engine=ms req=nnrt fallback=NNRT:NPU_ohos.boot.hardware.kirin8020_v2_0 rep=1 match=1 code=苏ED5172 total=66.0089 stages=48.8881|7.9631|5.4444|3.6184 trail=NNRT:NPU_ohos.boot.hardware.kirin8020_v2_0(fail) NNRT:HIAI_F(fail) CPU(ok)
E2EMATRIX RESULT role=cls backend=nnrt LANDED=CPU engine=ms req=nnrt fallback=NNRT:NPU_ohos.boot.hardware.kirin8020_v2_0 rep=2 match=1 code=苏ED5172 total=42.2445 stages=35.6345|2.0391|3.3706|1.1873 trail=NNRT:NPU_ohos.boot.hardware.kirin8020_v2_0(fail) NNRT:HIAI_F(fail) CPU(ok)
E2EMATRIX LOAD role=cls backend=nnrt_fp32 ok=1;id=14;cached=0;name=models/litemodel_cls_96x_r1.ms;backend=CPU;requested=nnrt_fp32;fallbackFrom=NNRT:NPU_ohos.boot.hardware.kirin8020_v2_0#fp32;attemptLog=NNRT:NPU_ohos.boot.hardware.kirin8020_v2_0#fp32(fail) NNRT:HIAI_F#fp32(fail) CPU(ok);inputName=data;outputName=output;inputShape=[1,96,96,3];outputShape=[1,3];inputFormat=NHWC;outputFormat=NCHW;inputElems=27648;outputElems=3;error=
E2EMATRIX RESULT role=cls backend=nnrt_fp32 LANDED=CPU engine=ms req=nnrt_fp32 fallback=NNRT:NPU_ohos.boot.hardware.kirin8020_v2_0#fp32 rep=0 match=1 code=苏ED5172 total=48.9725 stages=41.8809|2.2030|3.5277|1.3422 trail=NNRT:NPU_ohos.boot.hardware.kirin8020_v2_0#fp32(fail) NNRT:HIAI_F#fp32(fail) CPU(ok)
E2EMATRIX RESULT role=cls backend=nnrt_fp32 LANDED=CPU engine=ms req=nnrt_fp32 fallback=NNRT:NPU_ohos.boot.hardware.kirin8020_v2_0#fp32 rep=1 match=1 code=苏ED5172 total=40.1083 stages=31.6022|2.1761|3.5817|1.2820 trail=NNRT:NPU_ohos.boot.hardware.kirin8020_v2_0#fp32(fail) NNRT:HIAI_F#fp32(fail) CPU(ok)
E2EMATRIX RESULT role=cls backend=nnrt_fp32 LANDED=CPU engine=ms req=nnrt_fp32 fallback=NNRT:NPU_ohos.boot.hardware.kirin8020_v2_0#fp32 rep=2 match=1 code=苏ED5172 total=79.4714 stages=62.4194|7.6091|5.2028|4.2059 trail=NNRT:NPU_ohos.boot.hardware.kirin8020_v2_0#fp32(fail) NNRT:HIAI_F#fp32(fail) CPU(ok)
E2EMATRIX LOAD role=cls backend=nnrt_fp16 ok=1;id=15;cached=0;name=models/litemodel_cls_96x_r1.ms;backend=CPU;requested=nnrt_fp16;fallbackFrom=NNRT:NPU_ohos.boot.hardware.kirin8020_v2_0;attemptLog=NNRT:NPU_ohos.boot.hardware.kirin8020_v2_0(fail) NNRT:HIAI_F(fail) CPU(ok);inputName=data;outputName=output;inputShape=[1,96,96,3];outputShape=[1,3];inputFormat=NHWC;outputFormat=NCHW;inputElems=27648;outputElems=3;error=
E2EMATRIX RESULT role=cls backend=nnrt_fp16 LANDED=CPU engine=ms req=nnrt_fp16 fallback=NNRT:NPU_ohos.boot.hardware.kirin8020_v2_0 rep=0 match=1 code=苏ED5172 total=60.4002 stages=53.3155|2.1716|3.5553|1.3405 trail=NNRT:NPU_ohos.boot.hardware.kirin8020_v2_0(fail) NNRT:HIAI_F(fail) CPU(ok)
E2EMATRIX RESULT role=cls backend=nnrt_fp16 LANDED=CPU engine=ms req=nnrt_fp16 fallback=NNRT:NPU_ohos.boot.hardware.kirin8020_v2_0 rep=1 match=1 code=苏ED5172 total=45.8116 stages=38.8563|2.2447|3.4784|1.2216 trail=NNRT:NPU_ohos.boot.hardware.kirin8020_v2_0(fail) NNRT:HIAI_F(fail) CPU(ok)
E2EMATRIX RESULT role=cls backend=nnrt_fp16 LANDED=CPU engine=ms req=nnrt_fp16 fallback=NNRT:NPU_ohos.boot.hardware.kirin8020_v2_0 rep=2 match=1 code=苏ED5172 total=40.1539 stages=33.5408|2.0197|3.4661|1.1120 trail=NNRT:NPU_ohos.boot.hardware.kirin8020_v2_0(fail) NNRT:HIAI_F(fail) CPU(ok)
E2EMATRIX LOAD role=cls backend=gpu ok=1;id=16;cached=0;name=models/litemodel_cls_96x_r1.ms;backend=CPU;requested=gpu;fallbackFrom=GPU:fp16;attemptLog=GPU:fp16(fail) GPU:fp32(fail) CPU(ok);inputName=data;outputName=output;inputShape=[1,96,96,3];outputShape=[1,3];inputFormat=NHWC;outputFormat=NCHW;inputElems=27648;outputElems=3;error=
E2EMATRIX RESULT role=cls backend=gpu LANDED=CPU engine=ms req=gpu fallback=GPU:fp16 rep=0 match=1 code=苏ED5172 total=45.9005 stages=39.4219|1.9122|3.3622|1.1880 trail=GPU:fp16(fail) GPU:fp32(fail) CPU(ok)
E2EMATRIX RESULT role=cls backend=gpu LANDED=CPU engine=ms req=gpu fallback=GPU:fp16 rep=1 match=1 code=苏ED5172 total=39.4970 stages=33.5213|1.6612|3.2847|1.0203 trail=GPU:fp16(fail) GPU:fp32(fail) CPU(ok)
E2EMATRIX RESULT role=cls backend=gpu LANDED=CPU engine=ms req=gpu fallback=GPU:fp16 rep=2 match=1 code=苏ED5172 total=36.4487 stages=30.0064|2.0114|3.4106|1.0092 trail=GPU:fp16(fail) GPU:fp32(fail) CPU(ok)
E2EMATRIX LOAD role=cls backend=kirin ok=1;id=17;cached=0;name=models/litemodel_cls_96x_r1.ms;backend=CPU;requested=kirin;fallbackFrom=KIRIN_NPU;attemptLog=KIRIN_NPU(fail) CPU(ok);inputName=data;outputName=output;inputShape=[1,96,96,3];outputShape=[1,3];inputFormat=NHWC;outputFormat=NCHW;inputElems=27648;outputElems=3;error=
E2EMATRIX RESULT role=cls backend=kirin LANDED=CPU engine=ms req=kirin fallback=KIRIN_NPU rep=0 match=1 code=苏ED5172 total=44.2831 stages=37.8523|1.7236|3.5798|1.1169 trail=KIRIN_NPU(fail) CPU(ok)
E2EMATRIX RESULT role=cls backend=kirin LANDED=CPU engine=ms req=kirin fallback=KIRIN_NPU rep=1 match=1 code=苏ED5172 total=38.5802 stages=31.6492|1.6123|4.2919|1.0131 trail=KIRIN_NPU(fail) CPU(ok)
E2EMATRIX RESULT role=cls backend=kirin LANDED=CPU engine=ms req=kirin fallback=KIRIN_NPU rep=2 match=1 code=苏ED5172 total=34.5036 stages=27.4903|2.1700|3.4797|1.3495 trail=KIRIN_NPU(fail) CPU(ok)
E2EMATRIX LOAD role=cls-fp32 backend=cpu ok=1;id=18;cached=0;name=models/litemodel_cls_96x_r1_fp32.ms;backend=CPU;requested=cpu;fallbackFrom=;attemptLog=CPU(ok);inputName=data;outputName=output;inputShape=[1,96,96,3];outputShape=[1,3];inputFormat=NHWC;outputFormat=NCHW;inputElems=27648;outputElems=3;error=
E2EMATRIX RESULT role=cls-fp32 backend=cpu LANDED=CPU engine=ms req=cpu fallback= rep=0 match=1 code=苏ED5172 total=41.6886 stages=35.0103|2.0373|3.4363|1.1887 trail=CPU(ok)
E2EMATRIX RESULT role=cls-fp32 backend=cpu LANDED=CPU engine=ms req=cpu fallback= rep=1 match=1 code=苏ED5172 total=39.7763 stages=33.4850|1.8308|3.3438|1.1073 trail=CPU(ok)
E2EMATRIX RESULT role=cls-fp32 backend=cpu LANDED=CPU engine=ms req=cpu fallback= rep=2 match=1 code=苏ED5172 total=40.2808 stages=33.9767|1.8256|3.3644|1.1016 trail=CPU(ok)
E2EMATRIX LOAD role=cls-fp32 backend=nnrt ok=1;id=19;cached=0;name=models/litemodel_cls_96x_r1_fp32.ms;backend=NNRT:NPU_ohos.boot.hardware.kirin8020_v2_0;requested=nnrt;fallbackFrom=;attemptLog=NNRT:NPU_ohos.boot.hardware.kirin8020_v2_0(ok);inputName=data;outputName=output;inputShape=[1,96,96,3];outputShape=[1,3];inputFormat=NHWC;outputFormat=NCHW;inputElems=27648;outputElems=3;error=
E2EMATRIX RESULT role=cls-fp32 backend=nnrt LANDED=NNRT:NPU_ohos.boot.hardware.kirin8020_v2_0 engine=ms req=nnrt fallback= rep=0 match=1 code=苏ED5172 total=39.7192 stages=33.2670|1.9002|3.3666|1.1755 trail=NNRT:NPU_ohos.boot.hardware.kirin8020_v2_0(ok)
E2EMATRIX RESULT role=cls-fp32 backend=nnrt LANDED=NNRT:NPU_ohos.boot.hardware.kirin8020_v2_0 engine=ms req=nnrt fallback= rep=1 match=1 code=苏ED5172 total=37.9448 stages=31.0484|2.1830|3.4889|1.2158 trail=NNRT:NPU_ohos.boot.hardware.kirin8020_v2_0(ok)
E2EMATRIX RESULT role=cls-fp32 backend=nnrt LANDED=NNRT:NPU_ohos.boot.hardware.kirin8020_v2_0 engine=ms req=nnrt fallback= rep=2 match=1 code=苏ED5172 total=35.9723 stages=29.7298|1.6812|3.4011|1.1528 trail=NNRT:NPU_ohos.boot.hardware.kirin8020_v2_0(ok)
E2EMATRIX LOAD role=cls-fp32 backend=nnrt_fp32 ok=0;backend=nnrt_fp32;error=session cap 20 reached
E2EMATRIX LOAD role=cls-fp32 backend=nnrt_fp16 ok=0;backend=nnrt_fp16;error=session cap 20 reached
E2EMATRIX LOAD role=cls-fp32 backend=gpu ok=0;backend=gpu;error=session cap 20 reached
E2EMATRIX LOAD role=cls-fp32 backend=kirin ok=0;backend=kirin;error=session cap 20 reached
NCNNSLOT LOAD role=rec mode=cpu ok=1;slot=1;layers=252;inputs=in0;outputs=out0;requestedVulkan=0;effectiveVulkan=0;vkLayers=1/252;vkGpuCount=1;vkGpuName=Maleoon_920C;gpuProbe=not requested
NCNNSLOT RESULT role=rec mode=cpu LANDED=CPU engine=ncnn vkReq=0 vk=0 vkLayers=1/252 rep=0 match=1 code=苏ED5172 colour=蓝牌 total=47.8886 stages=34.1877|1.5800|10.9116|1.1975 chars=苏|E|D|5|1|7|2 clsScores=0.0001|0.9998|0.0001
NCNNSLOT RESULT role=rec mode=cpu LANDED=CPU engine=ncnn vkReq=0 vk=0 vkLayers=1/252 rep=1 match=1 code=苏ED5172 colour=蓝牌 total=67.8170 stages=45.9503|2.1642|18.1123|1.5752 chars=苏|E|D|5|1|7|2 clsScores=0.0001|0.9998|0.0001
NCNNSLOT RESULT role=rec mode=cpu LANDED=CPU engine=ncnn vkReq=0 vk=0 vkLayers=1/252 rep=2 match=1 code=苏ED5172 colour=蓝牌 total=46.4183 stages=33.6347|1.2048|10.0248|1.5436 chars=苏|E|D|5|1|7|2 clsScores=0.0001|0.9998|0.0001
NCNNSLOT LOAD role=rec mode=vulkan ok=1;slot=1;layers=252;inputs=in0;outputs=out0;requestedVulkan=1;effectiveVulkan=1;vkLayers=251/252;vkGpuCount=1;vkGpuName=Maleoon_920C;gpuProbe=ok=1;count=1;name=Maleoon 920C;driver=Maleoon 920C;api=4206867;fp16=111
NCNNSLOT RESULT role=rec mode=vulkan LANDED=GPU engine=ncnn vkReq=1 vk=1 vkLayers=251/252 rep=0 match=1 code=苏ED5172 colour=蓝牌 total=114.8608 stages=53.5964|2.0561|54.2445|4.9394 chars=苏|E|D|5|1|7|2 clsScores=0.0001|0.9998|0.0001
NCNNSLOT RESULT role=rec mode=vulkan LANDED=GPU engine=ncnn vkReq=1 vk=1 vkLayers=251/252 rep=1 match=1 code=苏ED5172 colour=蓝牌 total=91.0805 stages=35.0025|2.0280|51.0537|2.9650 chars=苏|E|D|5|1|7|2 clsScores=0.0001|0.9998|0.0001
NCNNSLOT RESULT role=rec mode=vulkan LANDED=GPU engine=ncnn vkReq=1 vk=1 vkLayers=251/252 rep=2 match=1 code=苏ED5172 colour=蓝牌 total=104.6061 stages=50.8575|1.5947|50.2977|1.8383 chars=苏|E|D|5|1|7|2 clsScores=0.0001|0.9998|0.0001
NCNNSLOT LOAD role=cls mode=cpu ok=1;slot=2;layers=78;inputs=in0;outputs=out0;requestedVulkan=0;effectiveVulkan=0;vkLayers=1/78;vkGpuCount=1;vkGpuName=Maleoon_920C;gpuProbe=not requested
NCNNSLOT RESULT role=cls mode=cpu LANDED=CPU engine=ncnn vkReq=0 vk=0 vkLayers=1/78 rep=0 match=1 code=苏ED5172 colour=蓝牌 total=26.3180 stages=19.1656|1.0989|3.8361|2.2013 chars=苏|E|D|5|1|7|2 clsScores=0.0001|0.9998|0.0001
NCNNSLOT RESULT role=cls mode=cpu LANDED=CPU engine=ncnn vkReq=0 vk=0 vkLayers=1/78 rep=1 match=1 code=苏ED5172 colour=蓝牌 total=23.5527 stages=15.0642|2.4395|4.2122|1.8186 chars=苏|E|D|5|1|7|2 clsScores=0.0001|0.9998|0.0001
NCNNSLOT RESULT role=cls mode=cpu LANDED=CPU engine=ncnn vkReq=0 vk=0 vkLayers=1/78 rep=2 match=1 code=苏ED5172 colour=蓝牌 total=23.5117 stages=16.6259|1.5709|3.6083|1.6920 chars=苏|E|D|5|1|7|2 clsScores=0.0001|0.9998|0.0001
NCNNSLOT LOAD role=cls mode=vulkan ok=1;slot=2;layers=78;inputs=in0;outputs=out0;requestedVulkan=1;effectiveVulkan=1;vkLayers=78/78;vkGpuCount=1;vkGpuName=Maleoon_920C;gpuProbe=ok=1;count=1;name=Maleoon 920C;driver=Maleoon 920C;api=4206867;fp16=111
NCNNSLOT RESULT role=cls mode=vulkan LANDED=GPU engine=ncnn vkReq=1 vk=1 vkLayers=78/78 rep=0 match=1 code=苏ED5172 colour=蓝牌 total=48.1997 stages=35.2828|1.7489|3.4714|7.6881 chars=苏|E|D|5|1|7|2 clsScores=0.0001|0.9998|0.0001
NCNNSLOT RESULT role=cls mode=vulkan LANDED=GPU engine=ncnn vkReq=1 vk=1 vkLayers=78/78 rep=1 match=1 code=苏ED5172 colour=蓝牌 total=72.5173 stages=46.4056|7.6011|5.4295|13.0612 chars=苏|E|D|5|1|7|2 clsScores=0.0001|0.9998|0.0001
NCNNSLOT RESULT role=cls mode=vulkan LANDED=GPU engine=ncnn vkReq=1 vk=1 vkLayers=78/78 rep=2 match=1 code=苏ED5172 colour=蓝牌 total=82.9283 stages=56.4161|7.6219|5.6847|13.1844 chars=苏|E|D|5|1|7|2 clsScores=0.0001|0.9998|0.0001
CANN ENUM ok=1;probe=nnrt+hiai;nnrt_runtime=soname;nnrt_core=soname;hiai_foundation=soname;cann_version=108.631.120.010;getAllDevices_rc=0;device_count=2;d0=id=8987859593747354028,name=HIAI_F,type=ACCELERATOR,nameRc=0,typeRc=0;d1=id=13306020061847651998,name=NPU_ohos.boot.hardware.kirin8020_v2_0,type=ACCELERATOR,nameRc=0,typeRc=0;
CANN TRY model=models/probe_hiai_imagenet.om size=2496459 ok=1;bytes=2496459;hiai_compat_code=0;hiai_compat_note=0=compatible,1=incompatible;construct=ok;picked_device=8987859593747354028;picked_device_all0=8987859593747354028;set_device_rc=0;build_rc=0;build_note=0=SUCCESS, else see OH_NN_ReturnCode;executor=ok;in_count=1;out_count=1;in0=name=data,dtype=FLOAT32,shape=[1x3x227x227];out0=name=output_0_prob_0,dtype=FLOAT32,shape=[1x1000x1x1];in_bytes=618348;out_bytes=4000;run_tensors=1in/1out;run_rc=0;run_ms_each=3.135|0.994|0.942;o0_sum=1.0005;o0_argmax=111;o0_max=0.1509;out_note=synthetic-input->argmax NOT meaningful;executor_destroyed=1;destroyed=1;
CANN TRY model=models/probe_om_lprnet.om size=916283 ok=1;bytes=916283;hiai_compat_code=0;hiai_compat_note=0=compatible,1=incompatible;construct=ok;picked_device=8987859593747354028;picked_device_all0=8987859593747354028;set_device_rc=0;build_rc=0;build_note=0=SUCCESS, else see OH_NN_ReturnCode;executor=ok;in_count=1;out_count=1;in0=name=input,dtype=FLOAT32,shape=[1x3x24x94];out0=name=output,dtype=FLOAT32,shape=[1x1x68x18];in_bytes=27072;out_bytes=4896;run_tensors=1in/1out;run_rc=0;run_ms_each=2.098|1.328|1.271;o0_sum=-62362.3169;o0_argmax=1206;o0_max=311.5000;out_note=synthetic-input->argmax NOT meaningful;executor_destroyed=1;destroyed=1;
CANN TRY model=models/probe_om_lprnet_npufix.om size=915413 ok=1;bytes=915413;hiai_compat_code=0;hiai_compat_note=0=compatible,1=incompatible;construct=ok;picked_device=8987859593747354028;picked_device_all0=8987859593747354028;set_device_rc=0;build_rc=0;build_note=0=SUCCESS, else see OH_NN_ReturnCode;executor=ok;in_count=1;out_count=1;in0=name=input,dtype=FLOAT32,shape=[1x3x24x94];out0=name=output,dtype=FLOAT32,shape=[1x1x68x18];in_bytes=27072;out_bytes=4896;run_tensors=1in/1out;run_rc=0;run_ms_each=2.696|1.347|1.381;o0_sum=-62362.3169;o0_argmax=1206;o0_max=311.5000;out_note=synthetic-input->argmax NOT meaningful;executor_destroyed=1;destroyed=1;
CANN TRY model=models/probe_om_det.om size=1948509 ok=1;bytes=1948509;hiai_compat_code=1;hiai_compat_note=0=compatible,1=incompatible;construct=ok;picked_device=8987859593747354028;picked_device_all0=8987859593747354028;set_device_rc=0;build_rc=1;build_note=0=SUCCESS, else see OH_NN_ReturnCode;destroyed=1;
CANN TRY model=models/probe_om_dethead.om size=1010950 ok=1;bytes=1010950;hiai_compat_code=0;hiai_compat_note=0=compatible,1=incompatible;construct=ok;picked_device=8987859593747354028;picked_device_all0=8987859593747354028;set_device_rc=0;build_rc=0;build_note=0=SUCCESS, else see OH_NN_ReturnCode;executor=ok;in_count=1;out_count=3;in0=name=input,dtype=FLOAT32,shape=[1x3x320x320];out0=name=948,dtype=FLOAT32,shape=[1x45x40x40];out1=name=1061,dtype=FLOAT32,shape=[1x45x20x20];out2=name=1174,dtype=FLOAT32,shape=[1x45x10x10];in_bytes=1228800;out_bytes=378000;run_tensors=1in/3out;run_rc=0;run_ms_each=4.069|3.408|3.381;o0_sum=-25055.3415;o0_argmax=28756;o0_max=6.5898;o1_sum=-11325.9309;o1_argmax=11231;o1_max=5.9961;o2_sum=-3700.2237;o2_argmax=2888;o2_max=5.0664;out_note=synthetic-input->argmax NOT meaningful;executor_destroyed=1;destroyed=1;
CANN TRY model=models/probe_om_rec.om size=5041253 ok=1;bytes=5041253;hiai_compat_code=0;hiai_compat_note=0=compatible,1=incompatible;construct=ok;picked_device=8987859593747354028;picked_device_all0=8987859593747354028;set_device_rc=0;build_rc=0;build_note=0=SUCCESS, else see OH_NN_ReturnCode;executor=ok;in_count=1;out_count=1;in0=name=data,dtype=FLOAT32,shape=[1x3x48x160];out0=name=output,dtype=FLOAT32,shape=[1x1x20x78];in_bytes=92160;out_bytes=6240;run_tensors=1in/1out;run_rc=0;run_ms_each=4.776|4.823|5.713;o0_sum=19.9978;o0_argmax=1326;o0_max=0.8359;out_note=synthetic-input->argmax NOT meaningful;executor_destroyed=1;destroyed=1;
CANN TRY model=models/probe_om_cls.om size=841728 ok=1;bytes=841728;hiai_compat_code=0;hiai_compat_note=0=compatible,1=incompatible;construct=ok;picked_device=8987859593747354028;picked_device_all0=8987859593747354028;set_device_rc=0;build_rc=0;build_note=0=SUCCESS, else see OH_NN_ReturnCode;executor=ok;in_count=1;out_count=1;in0=name=data,dtype=FLOAT32,shape=[1x3x96x96];out0=name=output,dtype=FLOAT32,shape=[1x3x1x1];in_bytes=110592;out_bytes=12;run_tensors=1in/1out;run_rc=0;run_ms_each=2.189|1.423|1.258;o0_sum=0.9981;o0_argmax=0;o0_max=0.9980;out_note=synthetic-input->argmax NOT meaningful;executor_destroyed=1;destroyed=1;
CANN TRY model=models/y5fu_320x_head_fp32.ms size=1847336 ok=1;bytes=1847336;hiai_compat_code=1;hiai_compat_note=0=compatible,1=incompatible;construct=ok;picked_device=8987859593747354028;picked_device_all0=8987859593747354028;set_device_rc=0;build_rc=1;build_note=0=SUCCESS, else see OH_NN_ReturnCode;destroyed=1;
CANN TRY model=models/rpv3_mdict_160_r3.ms size=4480304 ok=1;bytes=4480304;hiai_compat_code=1;hiai_compat_note=0=compatible,1=incompatible;construct=ok;picked_device=8987859593747354028;picked_device_all0=8987859593747354028;set_device_rc=0;build_rc=1;build_note=0=SUCCESS, else see OH_NN_ReturnCode;destroyed=1;
CANN TRY model=models/litemodel_cls_96x_r1.ms size=817432 ok=1;bytes=817432;hiai_compat_code=1;hiai_compat_note=0=compatible,1=incompatible;construct=ok;picked_device=8987859593747354028;picked_device_all0=8987859593747354028;set_device_rc=0;build_rc=1;build_note=0=SUCCESS, else see OH_NN_ReturnCode;destroyed=1;
E2EMATRIX LOAD role=det backend=cpu ok=1;id=0;cached=1;name=models/y5fu_320x_head_fp32.ms;backend=CPU;requested=cpu;fallbackFrom=;attemptLog=CPU(ok);inputName=input;outputName=948;inputShape=[1,320,320,3];outputShape=[1,45,40,40];inputFormat=NHWC;outputFormat=NCHW;inputElems=307200;outputElems=72000;error=
E2EMATRIX RESULT role=det backend=cpu LANDED=CPU engine=ms req=cpu fallback= rep=0 match=1 code=苏ED5172 total=31.7628 stages=24.6830|2.1958|3.5048|1.3692 trail=CPU(ok)
E2EMATRIX RESULT role=det backend=cpu LANDED=CPU engine=ms req=cpu fallback= rep=1 match=1 code=苏ED5172 total=40.2200 stages=34.0442|1.8300|3.2977|1.0377 trail=CPU(ok)
E2EMATRIX RESULT role=det backend=cpu LANDED=CPU engine=ms req=cpu fallback= rep=2 match=1 code=苏ED5172 total=40.7747 stages=34.2378|2.0439|3.3289|1.1531 trail=CPU(ok)
E2EMATRIX LOAD role=det backend=nnrt ok=1;id=3;cached=1;name=models/y5fu_320x_head_fp32.ms;backend=NNRT:NPU_ohos.boot.hardware.kirin8020_v2_0;requested=nnrt;fallbackFrom=;attemptLog=NNRT:NPU_ohos.boot.hardware.kirin8020_v2_0(ok);inputName=input;outputName=948;inputShape=[1,320,320,3];outputShape=[1,45,40,40];inputFormat=NHWC;outputFormat=NCHW;inputElems=307200;outputElems=72000;error=
E2EMATRIX RESULT role=det backend=nnrt LANDED=NNRT:NPU_ohos.boot.hardware.kirin8020_v2_0 engine=ms req=nnrt fallback= rep=0 match=0 code=苏E05172 total=27.9073 stages=19.3058|3.9778|3.2561|1.3533 trail=NNRT:NPU_ohos.boot.hardware.kirin8020_v2_0(ok)
E2EMATRIX RESULT role=det backend=nnrt LANDED=NNRT:NPU_ohos.boot.hardware.kirin8020_v2_0 engine=ms req=nnrt fallback= rep=1 match=0 code=苏E05172 total=34.9288 stages=23.6553|4.7728|4.0814|2.4008 trail=NNRT:NPU_ohos.boot.hardware.kirin8020_v2_0(ok)
E2EMATRIX RESULT role=det backend=nnrt LANDED=NNRT:NPU_ohos.boot.hardware.kirin8020_v2_0 engine=ms req=nnrt fallback= rep=2 match=0 code=苏E05172 total=37.0831 stages=23.8389|5.8147|4.3959|3.0009 trail=NNRT:NPU_ohos.boot.hardware.kirin8020_v2_0(ok)
E2EMATRIX LOAD role=det backend=nnrt_fp32 ok=1;id=4;cached=0;name=models/y5fu_320x_head_fp32.ms;backend=NNRT:NPU_ohos.boot.hardware.kirin8020_v2_0#fp32;requested=nnrt_fp32;fallbackFrom=;attemptLog=NNRT:NPU_ohos.boot.hardware.kirin8020_v2_0#fp32(ok);inputName=input;outputName=948;inputShape=[1,320,320,3];outputShape=[1,45,40,40];inputFormat=NHWC;outputFormat=NCHW;inputElems=307200;outputElems=72000;error=
E2EMATRIX RESULT role=det backend=nnrt_fp32 LANDED=NNRT:NPU_ohos.boot.hardware.kirin8020_v2_0#fp32 engine=ms req=nnrt_fp32 fallback= rep=0 match=0 code=苏E05172 total=18.3803 stages=11.9422|1.9020|3.2311|1.2870 trail=NNRT:NPU_ohos.boot.hardware.kirin8020_v2_0#fp32(ok)
E2EMATRIX RESULT role=det backend=nnrt_fp32 LANDED=NNRT:NPU_ohos.boot.hardware.kirin8020_v2_0#fp32 engine=ms req=nnrt_fp32 fallback= rep=1 match=0 code=苏E05172 total=23.6541 stages=12.8492|4.2103|4.0056|2.5639 trail=NNRT:NPU_ohos.boot.hardware.kirin8020_v2_0#fp32(ok)
E2EMATRIX RESULT role=det backend=nnrt_fp32 LANDED=NNRT:NPU_ohos.boot.hardware.kirin8020_v2_0#fp32 engine=ms req=nnrt_fp32 fallback= rep=2 match=0 code=苏E05172 total=25.4061 stages=14.1130|4.6461|4.0922|2.5322 trail=NNRT:NPU_ohos.boot.hardware.kirin8020_v2_0#fp32(ok)
E2EMATRIX LOAD role=det backend=nnrt_fp16 ok=1;id=5;cached=0;name=models/y5fu_320x_head_fp32.ms;backend=NNRT:NPU_ohos.boot.hardware.kirin8020_v2_0;requested=nnrt_fp16;fallbackFrom=;attemptLog=NNRT:NPU_ohos.boot.hardware.kirin8020_v2_0(ok);inputName=input;outputName=948;inputShape=[1,320,320,3];outputShape=[1,45,40,40];inputFormat=NHWC;outputFormat=NCHW;inputElems=307200;outputElems=72000;error=
E2EMATRIX RESULT role=det backend=nnrt_fp16 LANDED=NNRT:NPU_ohos.boot.hardware.kirin8020_v2_0 engine=ms req=nnrt_fp16 fallback= rep=0 match=0 code=苏E05172 total=30.7191 stages=16.6731|5.7331|5.1456|3.1414 trail=NNRT:NPU_ohos.boot.hardware.kirin8020_v2_0(ok)
E2EMATRIX RESULT role=det backend=nnrt_fp16 LANDED=NNRT:NPU_ohos.boot.hardware.kirin8020_v2_0 engine=ms req=nnrt_fp16 fallback= rep=1 match=0 code=苏E05172 total=36.1738 stages=19.1283|7.6234|5.2011|4.1645 trail=NNRT:NPU_ohos.boot.hardware.kirin8020_v2_0(ok)
E2EMATRIX RESULT role=det backend=nnrt_fp16 LANDED=NNRT:NPU_ohos.boot.hardware.kirin8020_v2_0 engine=ms req=nnrt_fp16 fallback= rep=2 match=0 code=苏E05172 total=35.6622 stages=18.9072|7.6275|5.3855|3.7122 trail=NNRT:NPU_ohos.boot.hardware.kirin8020_v2_0(ok)
E2EMATRIX LOAD role=det backend=gpu ok=1;id=6;cached=0;name=models/y5fu_320x_head_fp32.ms;backend=CPU;requested=gpu;fallbackFrom=GPU:fp16;attemptLog=GPU:fp16(fail) GPU:fp32(fail) CPU(ok);inputName=input;outputName=948;inputShape=[1,320,320,3];outputShape=[1,45,40,40];inputFormat=NHWC;outputFormat=NCHW;inputElems=307200;outputElems=72000;error=
E2EMATRIX RESULT role=det backend=gpu LANDED=CPU engine=ms req=gpu fallback=GPU:fp16 rep=0 match=1 code=苏ED5172 total=40.2830 stages=33.3934|2.2337|3.4428|1.2003 trail=GPU:fp16(fail) GPU:fp32(fail) CPU(ok)
E2EMATRIX RESULT role=det backend=gpu LANDED=CPU engine=ms req=gpu fallback=GPU:fp16 rep=1 match=1 code=苏ED5172 total=39.9819 stages=33.1186|2.2345|3.4347|1.1831 trail=GPU:fp16(fail) GPU:fp32(fail) CPU(ok)
E2EMATRIX RESULT role=det backend=gpu LANDED=CPU engine=ms req=gpu fallback=GPU:fp16 rep=2 match=1 code=苏ED5172 total=36.9373 stages=29.3458|2.4914|3.8286|1.2611 trail=GPU:fp16(fail) GPU:fp32(fail) CPU(ok)
E2EMATRIX LOAD role=det backend=kirin ok=1;id=7;cached=0;name=models/y5fu_320x_head_fp32.ms;backend=CPU;requested=kirin;fallbackFrom=KIRIN_NPU;attemptLog=KIRIN_NPU(fail) CPU(ok);inputName=input;outputName=948;inputShape=[1,320,320,3];outputShape=[1,45,40,40];inputFormat=NHWC;outputFormat=NCHW;inputElems=307200;outputElems=72000;error=
E2EMATRIX RESULT role=det backend=kirin LANDED=CPU engine=ms req=kirin fallback=KIRIN_NPU rep=0 match=1 code=苏ED5172 total=36.5806 stages=28.5717|2.2389|4.4264|1.3261 trail=KIRIN_NPU(fail) CPU(ok)
E2EMATRIX RESULT role=det backend=kirin LANDED=CPU engine=ms req=kirin fallback=KIRIN_NPU rep=1 match=1 code=苏ED5172 total=42.8759 stages=35.4605|2.2023|3.6547|1.5405 trail=KIRIN_NPU(fail) CPU(ok)
E2EMATRIX RESULT role=det backend=kirin LANDED=CPU engine=ms req=kirin fallback=KIRIN_NPU rep=2 match=1 code=苏ED5172 total=37.8831 stages=30.6052|2.2120|3.5172|1.5355 trail=KIRIN_NPU(fail) CPU(ok)
E2EMATRIX LOAD role=rec backend=cpu ok=1;id=8;cached=0;name=models/rpv3_mdict_160_r3.ms;backend=CPU;requested=cpu;fallbackFrom=;attemptLog=CPU(ok);inputName=data;outputName=output;inputShape=[1,48,160,3];outputShape=[1,20,78];inputFormat=NHWC;outputFormat=NHWC;inputElems=23040;outputElems=1560;error=
E2EMATRIX RESULT role=rec backend=cpu LANDED=CPU engine=ms req=cpu fallback= rep=0 match=1 code=苏ED5172 total=61.7450 stages=43.9908|1.1552|15.5377|1.0523 trail=CPU(ok)
E2EMATRIX RESULT role=rec backend=cpu LANDED=CPU engine=ms req=cpu fallback= rep=1 match=1 code=苏ED5172 total=57.0061 stages=38.9256|2.0356|14.9686|1.0675 trail=CPU(ok)
E2EMATRIX RESULT role=rec backend=cpu LANDED=CPU engine=ms req=cpu fallback= rep=2 match=1 code=苏ED5172 total=55.3239 stages=42.8359|1.7178|9.7609|0.9961 trail=CPU(ok)
E2EMATRIX LOAD role=rec backend=nnrt ok=1;id=1;cached=1;name=models/rpv3_mdict_160_r3.ms;backend=NNRT:NPU_ohos.boot.hardware.kirin8020_v2_0;requested=nnrt;fallbackFrom=;attemptLog=NNRT:NPU_ohos.boot.hardware.kirin8020_v2_0(ok);inputName=data;outputName=output;inputShape=[1,48,160,3];outputShape=[1,20,78];inputFormat=NHWC;outputFormat=NHWC;inputElems=23040;outputElems=1560;error=
E2EMATRIX RESULT role=rec backend=nnrt LANDED=NNRT:NPU_ohos.boot.hardware.kirin8020_v2_0 engine=ms req=nnrt fallback= rep=0 match=1 code=苏ED5172 total=54.5305 stages=46.1820|2.3720|3.4566|2.5056 trail=NNRT:NPU_ohos.boot.hardware.kirin8020_v2_0(ok)
E2EMATRIX RESULT role=rec backend=nnrt LANDED=NNRT:NPU_ohos.boot.hardware.kirin8020_v2_0 engine=ms req=nnrt fallback= rep=1 match=1 code=苏ED5172 total=50.8108 stages=44.7281|1.6831|3.2867|1.1025 trail=NNRT:NPU_ohos.boot.hardware.kirin8020_v2_0(ok)
E2EMATRIX RESULT role=rec backend=nnrt LANDED=NNRT:NPU_ohos.boot.hardware.kirin8020_v2_0 engine=ms req=nnrt fallback= rep=2 match=1 code=苏ED5172 total=42.7619 stages=36.0717|2.0598|3.5372|1.0831 trail=NNRT:NPU_ohos.boot.hardware.kirin8020_v2_0(ok)
E2EMATRIX LOAD role=rec backend=nnrt_fp32 ok=1;id=9;cached=0;name=models/rpv3_mdict_160_r3.ms;backend=NNRT:NPU_ohos.boot.hardware.kirin8020_v2_0#fp32;requested=nnrt_fp32;fallbackFrom=;attemptLog=NNRT:NPU_ohos.boot.hardware.kirin8020_v2_0#fp32(ok);inputName=data;outputName=output;inputShape=[1,48,160,3];outputShape=[1,20,78];inputFormat=NHWC;outputFormat=NHWC;inputElems=23040;outputElems=1560;error=
E2EMATRIX RESULT role=rec backend=nnrt_fp32 LANDED=NNRT:NPU_ohos.boot.hardware.kirin8020_v2_0#fp32 engine=ms req=nnrt_fp32 fallback= rep=0 match=1 code=苏ED5172 total=42.6186 stages=35.4150|2.1709|3.6259|1.3870 trail=NNRT:NPU_ohos.boot.hardware.kirin8020_v2_0#fp32(ok)
E2EMATRIX RESULT role=rec backend=nnrt_fp32 LANDED=NNRT:NPU_ohos.boot.hardware.kirin8020_v2_0#fp32 engine=ms req=nnrt_fp32 fallback= rep=1 match=1 code=苏ED5172 total=45.8587 stages=39.2958|1.9030|3.4750|1.1742 trail=NNRT:NPU_ohos.boot.hardware.kirin8020_v2_0#fp32(ok)
E2EMATRIX RESULT role=rec backend=nnrt_fp32 LANDED=NNRT:NPU_ohos.boot.hardware.kirin8020_v2_0#fp32 engine=ms req=nnrt_fp32 fallback= rep=2 match=1 code=苏ED5172 total=42.0986 stages=32.2786|3.5491|4.1036|2.1494 trail=NNRT:NPU_ohos.boot.hardware.kirin8020_v2_0#fp32(ok)
E2EMATRIX LOAD role=rec backend=nnrt_fp16 ok=1;id=10;cached=0;name=models/rpv3_mdict_160_r3.ms;backend=NNRT:NPU_ohos.boot.hardware.kirin8020_v2_0;requested=nnrt_fp16;fallbackFrom=;attemptLog=NNRT:NPU_ohos.boot.hardware.kirin8020_v2_0(ok);inputName=data;outputName=output;inputShape=[1,48,160,3];outputShape=[1,20,78];inputFormat=NHWC;outputFormat=NHWC;inputElems=23040;outputElems=1560;error=
E2EMATRIX RESULT role=rec backend=nnrt_fp16 LANDED=NNRT:NPU_ohos.boot.hardware.kirin8020_v2_0 engine=ms req=nnrt_fp16 fallback= rep=0 match=1 code=苏ED5172 total=37.1742 stages=30.0277|2.2019|3.7023|1.2284 trail=NNRT:NPU_ohos.boot.hardware.kirin8020_v2_0(ok)
E2EMATRIX RESULT role=rec backend=nnrt_fp16 LANDED=NNRT:NPU_ohos.boot.hardware.kirin8020_v2_0 engine=ms req=nnrt_fp16 fallback= rep=1 match=1 code=苏ED5172 total=65.8755 stages=48.1983|7.6534|5.6825|4.3063 trail=NNRT:NPU_ohos.boot.hardware.kirin8020_v2_0(ok)
E2EMATRIX RESULT role=rec backend=nnrt_fp16 LANDED=NNRT:NPU_ohos.boot.hardware.kirin8020_v2_0 engine=ms req=nnrt_fp16 fallback= rep=2 match=1 code=苏ED5172 total=55.1784 stages=45.6813|3.5553|3.8781|2.0391 trail=NNRT:NPU_ohos.boot.hardware.kirin8020_v2_0(ok)
E2EMATRIX LOAD role=rec backend=gpu ok=1;id=11;cached=0;name=models/rpv3_mdict_160_r3.ms;backend=CPU;requested=gpu;fallbackFrom=GPU:fp16;attemptLog=GPU:fp16(fail) GPU:fp32(fail) CPU(ok);inputName=data;outputName=output;inputShape=[1,48,160,3];outputShape=[1,20,78];inputFormat=NHWC;outputFormat=NHWC;inputElems=23040;outputElems=1560;error=
E2EMATRIX RESULT role=rec backend=gpu LANDED=CPU engine=ms req=gpu fallback=GPU:fp16 rep=0 match=1 code=苏ED5172 total=60.0992 stages=41.6897|1.2670|16.0002|1.1277 trail=GPU:fp16(fail) GPU:fp32(fail) CPU(ok)
E2EMATRIX RESULT role=rec backend=gpu LANDED=CPU engine=ms req=gpu fallback=GPU:fp16 rep=1 match=1 code=苏ED5172 total=39.1548 stages=20.8197|1.5791|15.5389|1.2042 trail=GPU:fp16(fail) GPU:fp32(fail) CPU(ok)
E2EMATRIX RESULT role=rec backend=gpu LANDED=CPU engine=ms req=gpu fallback=GPU:fp16 rep=2 match=1 code=苏ED5172 total=55.6625 stages=34.5481|1.8712|18.0978|1.1309 trail=GPU:fp16(fail) GPU:fp32(fail) CPU(ok)
E2EMATRIX LOAD role=rec backend=kirin ok=1;id=12;cached=0;name=models/rpv3_mdict_160_r3.ms;backend=CPU;requested=kirin;fallbackFrom=KIRIN_NPU;attemptLog=KIRIN_NPU(fail) CPU(ok);inputName=data;outputName=output;inputShape=[1,48,160,3];outputShape=[1,20,78];inputFormat=NHWC;outputFormat=NHWC;inputElems=23040;outputElems=1560;error=
E2EMATRIX RESULT role=rec backend=kirin LANDED=CPU engine=ms req=kirin fallback=KIRIN_NPU rep=0 match=1 code=苏ED5172 total=58.2988 stages=39.6456|1.5756|16.0155|1.0483 trail=KIRIN_NPU(fail) CPU(ok)
E2EMATRIX RESULT role=rec backend=kirin LANDED=CPU engine=ms req=kirin fallback=KIRIN_NPU rep=1 match=1 code=苏ED5172 total=55.7605 stages=35.4514|1.8939|17.2220|1.1791 trail=KIRIN_NPU(fail) CPU(ok)
E2EMATRIX RESULT role=rec backend=kirin LANDED=CPU engine=ms req=kirin fallback=KIRIN_NPU rep=2 match=1 code=苏ED5172 total=65.2741 stages=44.2612|2.0545|17.8497|1.0970 trail=KIRIN_NPU(fail) CPU(ok)
E2EMATRIX LOAD role=cls backend=cpu ok=1;id=2;cached=1;name=models/litemodel_cls_96x_r1.ms;backend=CPU;requested=cpu;fallbackFrom=;attemptLog=CPU(ok);inputName=data;outputName=output;inputShape=[1,96,96,3];outputShape=[1,3];inputFormat=NHWC;outputFormat=NCHW;inputElems=27648;outputElems=3;error=
E2EMATRIX RESULT role=cls backend=cpu LANDED=CPU engine=ms req=cpu fallback= rep=0 match=1 code=苏ED5172 total=55.1758 stages=48.9541|1.5009|3.4384|1.2700 trail=CPU(ok)
E2EMATRIX RESULT role=cls backend=cpu LANDED=CPU engine=ms req=cpu fallback= rep=1 match=1 code=苏ED5172 total=38.3963 stages=30.7142|2.1855|3.3119|1.1737 trail=CPU(ok)
E2EMATRIX RESULT role=cls backend=cpu LANDED=CPU engine=ms req=cpu fallback= rep=2 match=1 code=苏ED5172 total=39.1406 stages=32.9381|1.7711|3.3328|1.0906 trail=CPU(ok)
E2EMATRIX LOAD role=cls backend=nnrt ok=1;id=13;cached=0;name=models/litemodel_cls_96x_r1.ms;backend=CPU;requested=nnrt;fallbackFrom=NNRT:NPU_ohos.boot.hardware.kirin8020_v2_0;attemptLog=NNRT:NPU_ohos.boot.hardware.kirin8020_v2_0(fail) NNRT:HIAI_F(fail) CPU(ok);inputName=data;outputName=output;inputShape=[1,96,96,3];outputShape=[1,3];inputFormat=NHWC;outputFormat=NCHW;inputElems=27648;outputElems=3;error=
E2EMATRIX RESULT role=cls backend=nnrt LANDED=CPU engine=ms req=nnrt fallback=NNRT:NPU_ohos.boot.hardware.kirin8020_v2_0 rep=0 match=1 code=苏ED5172 total=46.8394 stages=40.6173|1.7864|3.3756|1.0462 trail=NNRT:NPU_ohos.boot.hardware.kirin8020_v2_0(fail) NNRT:HIAI_F(fail) CPU(ok)
E2EMATRIX RESULT role=cls backend=nnrt LANDED=CPU engine=ms req=nnrt fallback=NNRT:NPU_ohos.boot.hardware.kirin8020_v2_0 rep=1 match=1 code=苏ED5172 total=50.1706 stages=43.8097|1.7798|3.5158|1.0533 trail=NNRT:NPU_ohos.boot.hardware.kirin8020_v2_0(fail) NNRT:HIAI_F(fail) CPU(ok)
E2EMATRIX RESULT role=cls backend=nnrt LANDED=CPU engine=ms req=nnrt fallback=NNRT:NPU_ohos.boot.hardware.kirin8020_v2_0 rep=2 match=1 code=苏ED5172 total=46.3575 stages=40.8253|1.1948|3.2570|1.0688 trail=NNRT:NPU_ohos.boot.hardware.kirin8020_v2_0(fail) NNRT:HIAI_F(fail) CPU(ok)
E2EMATRIX LOAD role=cls backend=nnrt_fp32 ok=1;id=14;cached=0;name=models/litemodel_cls_96x_r1.ms;backend=CPU;requested=nnrt_fp32;fallbackFrom=NNRT:NPU_ohos.boot.hardware.kirin8020_v2_0#fp32;attemptLog=NNRT:NPU_ohos.boot.hardware.kirin8020_v2_0#fp32(fail) NNRT:HIAI_F#fp32(fail) CPU(ok);inputName=data;outputName=output;inputShape=[1,96,96,3];outputShape=[1,3];inputFormat=NHWC;outputFormat=NCHW;inputElems=27648;outputElems=3;error=
E2EMATRIX RESULT role=cls backend=nnrt_fp32 LANDED=CPU engine=ms req=nnrt_fp32 fallback=NNRT:NPU_ohos.boot.hardware.kirin8020_v2_0#fp32 rep=0 match=1 code=苏ED5172 total=44.7766 stages=39.0311|1.5963|3.2328|0.9030 trail=NNRT:NPU_ohos.boot.hardware.kirin8020_v2_0#fp32(fail) NNRT:HIAI_F#fp32(fail) CPU(ok)
E2EMATRIX RESULT role=cls backend=nnrt_fp32 LANDED=CPU engine=ms req=nnrt_fp32 fallback=NNRT:NPU_ohos.boot.hardware.kirin8020_v2_0#fp32 rep=1 match=1 code=苏ED5172 total=34.9583 stages=29.2283|1.5914|3.2308|0.8984 trail=NNRT:NPU_ohos.boot.hardware.kirin8020_v2_0#fp32(fail) NNRT:HIAI_F#fp32(fail) CPU(ok)
E2EMATRIX RESULT role=cls backend=nnrt_fp32 LANDED=CPU engine=ms req=nnrt_fp32 fallback=NNRT:NPU_ohos.boot.hardware.kirin8020_v2_0#fp32 rep=2 match=1 code=苏ED5172 total=34.2370 stages=27.9431|1.9019|3.3055|1.0759 trail=NNRT:NPU_ohos.boot.hardware.kirin8020_v2_0#fp32(fail) NNRT:HIAI_F#fp32(fail) CPU(ok)
E2EMATRIX LOAD role=cls backend=nnrt_fp16 ok=1;id=15;cached=0;name=models/litemodel_cls_96x_r1.ms;backend=CPU;requested=nnrt_fp16;fallbackFrom=NNRT:NPU_ohos.boot.hardware.kirin8020_v2_0;attemptLog=NNRT:NPU_ohos.boot.hardware.kirin8020_v2_0(fail) NNRT:HIAI_F(fail) CPU(ok);inputName=data;outputName=output;inputShape=[1,96,96,3];outputShape=[1,3];inputFormat=NHWC;outputFormat=NCHW;inputElems=27648;outputElems=3;error=
E2EMATRIX RESULT role=cls backend=nnrt_fp16 LANDED=CPU engine=ms req=nnrt_fp16 fallback=NNRT:NPU_ohos.boot.hardware.kirin8020_v2_0 rep=0 match=1 code=苏ED5172 total=41.1742 stages=35.2969|1.6111|3.2045|1.0512 trail=NNRT:NPU_ohos.boot.hardware.kirin8020_v2_0(fail) NNRT:HIAI_F(fail) CPU(ok)
E2EMATRIX RESULT role=cls backend=nnrt_fp16 LANDED=CPU engine=ms req=nnrt_fp16 fallback=NNRT:NPU_ohos.boot.hardware.kirin8020_v2_0 rep=1 match=1 code=苏ED5172 total=37.7487 stages=30.9459|2.1758|3.3575|1.2536 trail=NNRT:NPU_ohos.boot.hardware.kirin8020_v2_0(fail) NNRT:HIAI_F(fail) CPU(ok)
E2EMATRIX RESULT role=cls backend=nnrt_fp16 LANDED=CPU engine=ms req=nnrt_fp16 fallback=NNRT:NPU_ohos.boot.hardware.kirin8020_v2_0 rep=2 match=1 code=苏ED5172 total=30.8713 stages=22.7962|2.4097|4.2611|1.3894 trail=NNRT:NPU_ohos.boot.hardware.kirin8020_v2_0(fail) NNRT:HIAI_F(fail) CPU(ok)
E2EMATRIX LOAD role=cls backend=gpu ok=1;id=16;cached=0;name=models/litemodel_cls_96x_r1.ms;backend=CPU;requested=gpu;fallbackFrom=GPU:fp16;attemptLog=GPU:fp16(fail) GPU:fp32(fail) CPU(ok);inputName=data;outputName=output;inputShape=[1,96,96,3];outputShape=[1,3];inputFormat=NHWC;outputFormat=NCHW;inputElems=27648;outputElems=3;error=
E2EMATRIX RESULT role=cls backend=gpu LANDED=CPU engine=ms req=gpu fallback=GPU:fp16 rep=0 match=1 code=苏ED5172 total=42.4034 stages=35.6156|2.1775|3.4881|1.1100 trail=GPU:fp16(fail) GPU:fp32(fail) CPU(ok)
E2EMATRIX RESULT role=cls backend=gpu LANDED=CPU engine=ms req=gpu fallback=GPU:fp16 rep=1 match=1 code=苏ED5172 total=34.7386 stages=28.2503|1.9216|3.4247|1.1302 trail=GPU:fp16(fail) GPU:fp32(fail) CPU(ok)
E2EMATRIX RESULT role=cls backend=gpu LANDED=CPU engine=ms req=gpu fallback=GPU:fp16 rep=2 match=1 code=苏ED5172 total=38.7539 stages=32.4625|1.7375|3.4019|1.1408 trail=GPU:fp16(fail) GPU:fp32(fail) CPU(ok)
E2EMATRIX LOAD role=cls backend=kirin ok=1;id=17;cached=0;name=models/litemodel_cls_96x_r1.ms;backend=CPU;requested=kirin;fallbackFrom=KIRIN_NPU;attemptLog=KIRIN_NPU(fail) CPU(ok);inputName=data;outputName=output;inputShape=[1,96,96,3];outputShape=[1,3];inputFormat=NHWC;outputFormat=NCHW;inputElems=27648;outputElems=3;error=
E2EMATRIX RESULT role=cls backend=kirin LANDED=CPU engine=ms req=kirin fallback=KIRIN_NPU rep=0 match=1 code=苏ED5172 total=46.2459 stages=39.0750|2.3652|3.5238|1.2653 trail=KIRIN_NPU(fail) CPU(ok)
E2EMATRIX RESULT role=cls backend=kirin LANDED=CPU engine=ms req=kirin fallback=KIRIN_NPU rep=1 match=1 code=苏ED5172 total=44.2325 stages=36.1409|2.0036|3.4758|1.1102 trail=KIRIN_NPU(fail) CPU(ok)
E2EMATRIX RESULT role=cls backend=kirin LANDED=CPU engine=ms req=kirin fallback=KIRIN_NPU rep=2 match=1 code=苏ED5172 total=47.9570 stages=41.1270|2.0483|3.4420|1.3241 trail=KIRIN_NPU(fail) CPU(ok)
E2EMATRIX LOAD role=cls-fp32 backend=cpu ok=1;id=18;cached=0;name=models/litemodel_cls_96x_r1_fp32.ms;backend=CPU;requested=cpu;fallbackFrom=;attemptLog=CPU(ok);inputName=data;outputName=output;inputShape=[1,96,96,3];outputShape=[1,3];inputFormat=NHWC;outputFormat=NCHW;inputElems=27648;outputElems=3;error=
E2EMATRIX RESULT role=cls-fp32 backend=cpu LANDED=CPU engine=ms req=cpu fallback= rep=0 match=1 code=苏ED5172 total=33.2759 stages=26.6478|1.8439|3.3697|1.3998 trail=CPU(ok)
E2EMATRIX RESULT role=cls-fp32 backend=cpu LANDED=CPU engine=ms req=cpu fallback= rep=1 match=1 code=苏ED5172 total=41.7431 stages=35.4242|1.8177|3.3656|1.1239 trail=CPU(ok)
E2EMATRIX RESULT role=cls-fp32 backend=cpu LANDED=CPU engine=ms req=cpu fallback= rep=2 match=1 code=苏ED5172 total=38.1308 stages=31.8587|1.7802|3.4289|1.0538 trail=CPU(ok)
E2EMATRIX LOAD role=cls-fp32 backend=nnrt ok=1;id=19;cached=0;name=models/litemodel_cls_96x_r1_fp32.ms;backend=NNRT:NPU_ohos.boot.hardware.kirin8020_v2_0;requested=nnrt;fallbackFrom=;attemptLog=NNRT:NPU_ohos.boot.hardware.kirin8020_v2_0(ok);inputName=data;outputName=output;inputShape=[1,96,96,3];outputShape=[1,3];inputFormat=NHWC;outputFormat=NCHW;inputElems=27648;outputElems=3;error=
E2EMATRIX RESULT role=cls-fp32 backend=nnrt LANDED=NNRT:NPU_ohos.boot.hardware.kirin8020_v2_0 engine=ms req=nnrt fallback= rep=0 match=1 code=苏ED5172 total=41.8461 stages=34.7003|2.2080|3.6477|1.2791 trail=NNRT:NPU_ohos.boot.hardware.kirin8020_v2_0(ok)
E2EMATRIX RESULT role=cls-fp32 backend=nnrt LANDED=NNRT:NPU_ohos.boot.hardware.kirin8020_v2_0 engine=ms req=nnrt fallback= rep=1 match=1 code=苏ED5172 total=46.8339 stages=40.7589|1.6481|3.3002|1.1195 trail=NNRT:NPU_ohos.boot.hardware.kirin8020_v2_0(ok)
E2EMATRIX RESULT role=cls-fp32 backend=nnrt LANDED=NNRT:NPU_ohos.boot.hardware.kirin8020_v2_0 engine=ms req=nnrt fallback= rep=2 match=1 code=苏ED5172 total=38.9950 stages=32.4417|2.0409|3.2886|1.2166 trail=NNRT:NPU_ohos.boot.hardware.kirin8020_v2_0(ok)
E2EMATRIX LOAD role=cls-fp32 backend=nnrt_fp32 ok=0;backend=nnrt_fp32;error=session cap 20 reached
E2EMATRIX LOAD role=cls-fp32 backend=nnrt_fp16 ok=0;backend=nnrt_fp16;error=session cap 20 reached
E2EMATRIX LOAD role=cls-fp32 backend=gpu ok=0;backend=gpu;error=session cap 20 reached
E2EMATRIX LOAD role=cls-fp32 backend=kirin ok=0;backend=kirin;error=session cap 20 reached
NCNNSLOT LOAD role=rec mode=cpu ok=1;slot=1;layers=252;inputs=in0;outputs=out0;requestedVulkan=0;effectiveVulkan=0;vkLayers=1/252;vkGpuCount=1;vkGpuName=Maleoon_920C;gpuProbe=not requested
NCNNSLOT RESULT role=rec mode=cpu LANDED=CPU engine=ncnn vkReq=0 vk=0 vkLayers=1/252 rep=0 match=1 code=苏ED5172 colour=蓝牌 total=59.9722 stages=43.8041|1.5505|13.5041|1.1006 chars=苏|E|D|5|1|7|2 clsScores=0.0001|0.9998|0.0001
NCNNSLOT RESULT role=rec mode=cpu LANDED=CPU engine=ncnn vkReq=0 vk=0 vkLayers=1/252 rep=1 match=1 code=苏ED5172 colour=蓝牌 total=56.0445 stages=40.8927|1.6048|12.2839|1.2513 chars=苏|E|D|5|1|7|2 clsScores=0.0001|0.9998|0.0001
NCNNSLOT RESULT role=rec mode=cpu LANDED=CPU engine=ncnn vkReq=0 vk=0 vkLayers=1/252 rep=2 match=1 code=苏ED5172 colour=蓝牌 total=50.1383 stages=33.9597|2.0244|12.0392|2.0989 chars=苏|E|D|5|1|7|2 clsScores=0.0001|0.9998|0.0001
NCNNSLOT LOAD role=rec mode=vulkan ok=1;slot=1;layers=252;inputs=in0;outputs=out0;requestedVulkan=1;effectiveVulkan=1;vkLayers=251/252;vkGpuCount=1;vkGpuName=Maleoon_920C;gpuProbe=ok=1;count=1;name=Maleoon 920C;driver=Maleoon 920C;api=4206867;fp16=111
NCNNSLOT RESULT role=rec mode=vulkan LANDED=GPU engine=ncnn vkReq=1 vk=1 vkLayers=251/252 rep=0 match=1 code=苏ED5172 colour=蓝牌 total=133.2880 stages=57.6686|1.5975|68.2242|5.7498 chars=苏|E|D|5|1|7|2 clsScores=0.0001|0.9998|0.0001
NCNNSLOT RESULT role=rec mode=vulkan LANDED=GPU engine=ncnn vkReq=1 vk=1 vkLayers=251/252 rep=1 match=1 code=苏ED5172 colour=蓝牌 total=129.6119 stages=58.0944|2.1664|63.1883|6.1236 chars=苏|E|D|5|1|7|2 clsScores=0.0001|0.9998|0.0001
NCNNSLOT RESULT role=rec mode=vulkan LANDED=GPU engine=ncnn vkReq=1 vk=1 vkLayers=251/252 rep=2 match=1 code=苏ED5172 colour=蓝牌 total=102.4405 stages=46.7269|2.0391|48.6089|5.0280 chars=苏|E|D|5|1|7|2 clsScores=0.0001|0.9998|0.0001
NCNNSLOT LOAD role=cls mode=cpu ok=1;slot=2;layers=78;inputs=in0;outputs=out0;requestedVulkan=0;effectiveVulkan=0;vkLayers=1/78;vkGpuCount=1;vkGpuName=Maleoon_920C;gpuProbe=not requested
NCNNSLOT RESULT role=cls mode=cpu LANDED=CPU engine=ncnn vkReq=0 vk=0 vkLayers=1/78 rep=0 match=1 code=苏ED5172 colour=蓝牌 total=32.0222 stages=26.2880|1.1333|3.3317|1.2616 chars=苏|E|D|5|1|7|2 clsScores=0.0001|0.9998|0.0001
NCNNSLOT RESULT role=cls mode=cpu LANDED=CPU engine=ncnn vkReq=0 vk=0 vkLayers=1/78 rep=1 match=1 code=苏ED5172 colour=蓝牌 total=18.9283 stages=12.5539|1.6598|3.4025|1.3033 chars=苏|E|D|5|1|7|2 clsScores=0.0001|0.9998|0.0001
NCNNSLOT RESULT role=cls mode=cpu LANDED=CPU engine=ncnn vkReq=0 vk=0 vkLayers=1/78 rep=2 match=1 code=苏ED5172 colour=蓝牌 total=21.4308 stages=15.4603|1.1655|3.3641|1.4336 chars=苏|E|D|5|1|7|2 clsScores=0.0001|0.9998|0.0001
NCNNSLOT LOAD role=cls mode=vulkan ok=1;slot=2;layers=78;inputs=in0;outputs=out0;requestedVulkan=1;effectiveVulkan=1;vkLayers=78/78;vkGpuCount=1;vkGpuName=Maleoon_920C;gpuProbe=ok=1;count=1;name=Maleoon 920C;driver=Maleoon 920C;api=4206867;fp16=111
NCNNSLOT RESULT role=cls mode=vulkan LANDED=GPU engine=ncnn vkReq=1 vk=1 vkLayers=78/78 rep=0 match=1 code=苏ED5172 colour=蓝牌 total=35.8059 stages=22.6498|1.5856|3.4814|8.0712 chars=苏|E|D|5|1|7|2 clsScores=0.0001|0.9998|0.0001
NCNNSLOT RESULT role=cls mode=vulkan LANDED=GPU engine=ncnn vkReq=1 vk=1 vkLayers=78/78 rep=1 match=1 code=苏ED5172 colour=蓝牌 total=39.3353 stages=24.7170|1.8191|4.5803|8.2075 chars=苏|E|D|5|1|7|2 clsScores=0.0001|0.9998|0.0001
NCNNSLOT RESULT role=cls mode=vulkan LANDED=GPU engine=ncnn vkReq=1 vk=1 vkLayers=78/78 rep=2 match=1 code=苏ED5172 colour=蓝牌 total=40.7961 stages=27.8931|2.0384|3.4677|7.3853 chars=苏|E|D|5|1|7|2 clsScores=0.0001|0.9998|0.0001
CANN ENUM ok=1;probe=nnrt+hiai;nnrt_runtime=soname;nnrt_core=soname;hiai_foundation=soname;cann_version=108.631.120.010;getAllDevices_rc=0;device_count=2;d0=id=8987859593747354028,name=HIAI_F,type=ACCELERATOR,nameRc=0,typeRc=0;d1=id=13306020061847651998,name=NPU_ohos.boot.hardware.kirin8020_v2_0,type=ACCELERATOR,nameRc=0,typeRc=0;
CANN TRY model=models/probe_hiai_imagenet.om size=2496459 ok=1;bytes=2496459;hiai_compat_code=0;hiai_compat_note=0=compatible,1=incompatible;construct=ok;picked_device=8987859593747354028;picked_device_all0=8987859593747354028;set_device_rc=0;build_rc=0;build_note=0=SUCCESS, else see OH_NN_ReturnCode;executor=ok;in_count=1;out_count=1;in0=name=data,dtype=FLOAT32,shape=[1x3x227x227];out0=name=output_0_prob_0,dtype=FLOAT32,shape=[1x1000x1x1];in_bytes=618348;out_bytes=4000;run_tensors=1in/1out;run_rc=0;run_ms_each=3.220|0.952|0.944;o0_sum=1.0005;o0_argmax=111;o0_max=0.1509;out_note=synthetic-input->argmax NOT meaningful;executor_destroyed=1;destroyed=1;
CANN TRY model=models/probe_om_lprnet.om size=916283 ok=1;bytes=916283;hiai_compat_code=0;hiai_compat_note=0=compatible,1=incompatible;construct=ok;picked_device=8987859593747354028;picked_device_all0=8987859593747354028;set_device_rc=0;build_rc=0;build_note=0=SUCCESS, else see OH_NN_ReturnCode;executor=ok;in_count=1;out_count=1;in0=name=input,dtype=FLOAT32,shape=[1x3x24x94];out0=name=output,dtype=FLOAT32,shape=[1x1x68x18];in_bytes=27072;out_bytes=4896;run_tensors=1in/1out;run_rc=0;run_ms_each=2.040|1.352|1.304;o0_sum=-62362.3169;o0_argmax=1206;o0_max=311.5000;out_note=synthetic-input->argmax NOT meaningful;executor_destroyed=1;destroyed=1;
CANN TRY model=models/probe_om_lprnet_npufix.om size=915413 ok=1;bytes=915413;hiai_compat_code=0;hiai_compat_note=0=compatible,1=incompatible;construct=ok;picked_device=8987859593747354028;picked_device_all0=8987859593747354028;set_device_rc=0;build_rc=0;build_note=0=SUCCESS, else see OH_NN_ReturnCode;executor=ok;in_count=1;out_count=1;in0=name=input,dtype=FLOAT32,shape=[1x3x24x94];out0=name=output,dtype=FLOAT32,shape=[1x1x68x18];in_bytes=27072;out_bytes=4896;run_tensors=1in/1out;run_rc=0;run_ms_each=2.529|1.268|1.204;o0_sum=-62362.3169;o0_argmax=1206;o0_max=311.5000;out_note=synthetic-input->argmax NOT meaningful;executor_destroyed=1;destroyed=1;
CANN TRY model=models/probe_om_det.om size=1948509 ok=1;bytes=1948509;hiai_compat_code=1;hiai_compat_note=0=compatible,1=incompatible;construct=ok;picked_device=8987859593747354028;picked_device_all0=8987859593747354028;set_device_rc=0;build_rc=1;build_note=0=SUCCESS, else see OH_NN_ReturnCode;destroyed=1;
CANN TRY model=models/probe_om_dethead.om size=1010950 ok=1;bytes=1010950;hiai_compat_code=0;hiai_compat_note=0=compatible,1=incompatible;construct=ok;picked_device=8987859593747354028;picked_device_all0=8987859593747354028;set_device_rc=0;build_rc=0;build_note=0=SUCCESS, else see OH_NN_ReturnCode;executor=ok;in_count=1;out_count=3;in0=name=input,dtype=FLOAT32,shape=[1x3x320x320];out0=name=948,dtype=FLOAT32,shape=[1x45x40x40];out1=name=1061,dtype=FLOAT32,shape=[1x45x20x20];out2=name=1174,dtype=FLOAT32,shape=[1x45x10x10];in_bytes=1228800;out_bytes=378000;run_tensors=1in/3out;run_rc=0;run_ms_each=5.011|4.000|3.794;o0_sum=-25055.3415;o0_argmax=28756;o0_max=6.5898;o1_sum=-11325.9309;o1_argmax=11231;o1_max=5.9961;o2_sum=-3700.2237;o2_argmax=2888;o2_max=5.0664;out_note=synthetic-input->argmax NOT meaningful;executor_destroyed=1;destroyed=1;
CANN TRY model=models/probe_om_rec.om size=5041253 ok=1;bytes=5041253;hiai_compat_code=0;hiai_compat_note=0=compatible,1=incompatible;construct=ok;picked_device=8987859593747354028;picked_device_all0=8987859593747354028;set_device_rc=0;build_rc=0;build_note=0=SUCCESS, else see OH_NN_ReturnCode;executor=ok;in_count=1;out_count=1;in0=name=data,dtype=FLOAT32,shape=[1x3x48x160];out0=name=output,dtype=FLOAT32,shape=[1x1x20x78];in_bytes=92160;out_bytes=6240;run_tensors=1in/1out;run_rc=0;run_ms_each=4.993|5.510|5.574;o0_sum=19.9978;o0_argmax=1326;o0_max=0.8359;out_note=synthetic-input->argmax NOT meaningful;executor_destroyed=1;destroyed=1;
CANN TRY model=models/probe_om_cls.om size=841728 ok=1;bytes=841728;hiai_compat_code=0;hiai_compat_note=0=compatible,1=incompatible;construct=ok;picked_device=8987859593747354028;picked_device_all0=8987859593747354028;set_device_rc=0;build_rc=0;build_note=0=SUCCESS, else see OH_NN_ReturnCode;executor=ok;in_count=1;out_count=1;in0=name=data,dtype=FLOAT32,shape=[1x3x96x96];out0=name=output,dtype=FLOAT32,shape=[1x3x1x1];in_bytes=110592;out_bytes=12;run_tensors=1in/1out;run_rc=0;run_ms_each=2.007|0.803|0.795;o0_sum=0.9981;o0_argmax=0;o0_max=0.9980;out_note=synthetic-input->argmax NOT meaningful;executor_destroyed=1;destroyed=1;
CANN TRY model=models/y5fu_320x_head_fp32.ms size=1847336 ok=1;bytes=1847336;hiai_compat_code=1;hiai_compat_note=0=compatible,1=incompatible;construct=ok;picked_device=8987859593747354028;picked_device_all0=8987859593747354028;set_device_rc=0;build_rc=1;build_note=0=SUCCESS, else see OH_NN_ReturnCode;destroyed=1;
CANN TRY model=models/rpv3_mdict_160_r3.ms size=4480304 ok=1;bytes=4480304;hiai_compat_code=1;hiai_compat_note=0=compatible,1=incompatible;construct=ok;picked_device=8987859593747354028;picked_device_all0=8987859593747354028;set_device_rc=0;build_rc=1;build_note=0=SUCCESS, else see OH_NN_ReturnCode;destroyed=1;
CANN TRY model=models/litemodel_cls_96x_r1.ms size=817432 ok=1;bytes=817432;hiai_compat_code=1;hiai_compat_note=0=compatible,1=incompatible;construct=ok;picked_device=8987859593747354028;picked_device_all0=8987859593747354028;set_device_rc=0;build_rc=1;build_note=0=SUCCESS, else see OH_NN_ReturnCode;destroyed=1;
