E2EMATRIX LOAD role=det backend=cpu ok=1;id=0;cached=1;name=models/y5fu_320x_head_fp32.ms;backend=CPU;requested=cpu;fallbackFrom=;attemptLog=CPU(ok);inputName=input;outputName=948;inputShape=[1,320,320,3];outputShape=[1,45,40,40];inputFormat=NHWC;outputFormat=NCHW;inputElems=307200;outputElems=72000;error=
E2EMATRIX RESULT role=det backend=cpu LANDED=CPU engine=ms req=cpu fallback= rep=0 match=1 code=苏ED5172 total=32.1486 stages=25.4442|2.1616|3.3578|1.1730 trail=CPU(ok)
E2EMATRIX RESULT role=det backend=cpu LANDED=CPU engine=ms req=cpu fallback= rep=1 match=1 code=苏ED5172 total=35.1134 stages=26.3391|2.1656|5.4741|1.1245 trail=CPU(ok)
E2EMATRIX RESULT role=det backend=cpu LANDED=CPU engine=ms req=cpu fallback= rep=2 match=1 code=苏ED5172 total=44.3466 stages=37.6455|2.1862|3.4281|1.0788 trail=CPU(ok)
E2EMATRIX LOAD role=det backend=nnrt ok=1;id=3;cached=1;name=models/y5fu_320x_head_fp32.ms;backend=NNRT:NPU_ohos.boot.hardware.kirin8020_v2_0;requested=nnrt;fallbackFrom=;attemptLog=NNRT:NPU_ohos.boot.hardware.kirin8020_v2_0(ok);inputName=input;outputName=948;inputShape=[1,320,320,3];outputShape=[1,45,40,40];inputFormat=NHWC;outputFormat=NCHW;inputElems=307200;outputElems=72000;error=
E2EMATRIX RESULT role=det backend=nnrt LANDED=NNRT:NPU_ohos.boot.hardware.kirin8020_v2_0 engine=ms req=nnrt fallback= rep=0 match=0 code=苏E05172 total=29.8600 stages=16.0123|6.1414|4.4320|3.2495 trail=NNRT:NPU_ohos.boot.hardware.kirin8020_v2_0(ok)
E2EMATRIX RESULT role=det backend=nnrt LANDED=NNRT:NPU_ohos.boot.hardware.kirin8020_v2_0 engine=ms req=nnrt fallback= rep=1 match=0 code=苏E05172 total=33.0072 stages=16.6362|7.6477|5.3228|3.3753 trail=NNRT:NPU_ohos.boot.hardware.kirin8020_v2_0(ok)
E2EMATRIX RESULT role=det backend=nnrt LANDED=NNRT:NPU_ohos.boot.hardware.kirin8020_v2_0 engine=ms req=nnrt fallback= rep=2 match=0 code=苏E05172 total=27.6423 stages=15.4906|5.6041|4.1294|2.4011 trail=NNRT:NPU_ohos.boot.hardware.kirin8020_v2_0(ok)
E2EMATRIX LOAD role=det backend=gpu ok=1;id=4;cached=0;name=models/y5fu_320x_head_fp32.ms;backend=CPU;requested=gpu;fallbackFrom=GPU:fp16;attemptLog=GPU:fp16(fail) GPU:fp32(fail) CPU(ok);inputName=input;outputName=948;inputShape=[1,320,320,3];outputShape=[1,45,40,40];inputFormat=NHWC;outputFormat=NCHW;inputElems=307200;outputElems=72000;error=
E2EMATRIX RESULT role=det backend=gpu LANDED=CPU engine=ms req=gpu fallback=GPU:fp16 rep=0 match=1 code=苏ED5172 total=36.1273 stages=29.1700|2.1502|3.5100|1.2875 trail=GPU:fp16(fail) GPU:fp32(fail) CPU(ok)
E2EMATRIX RESULT role=det backend=gpu LANDED=CPU engine=ms req=gpu fallback=GPU:fp16 rep=1 match=1 code=苏ED5172 total=30.0081 stages=23.1348|2.1495|3.5302|1.1830 trail=GPU:fp16(fail) GPU:fp32(fail) CPU(ok)
E2EMATRIX RESULT role=det backend=gpu LANDED=CPU engine=ms req=gpu fallback=GPU:fp16 rep=2 match=1 code=苏ED5172 total=28.6575 stages=21.7791|2.2472|3.4417|1.1781 trail=GPU:fp16(fail) GPU:fp32(fail) CPU(ok)
E2EMATRIX LOAD role=det backend=kirin ok=1;id=5;cached=0;name=models/y5fu_320x_head_fp32.ms;backend=CPU;requested=kirin;fallbackFrom=KIRIN_NPU;attemptLog=KIRIN_NPU(fail) CPU(ok);inputName=input;outputName=948;inputShape=[1,320,320,3];outputShape=[1,45,40,40];inputFormat=NHWC;outputFormat=NCHW;inputElems=307200;outputElems=72000;error=
E2EMATRIX RESULT role=det backend=kirin LANDED=CPU engine=ms req=kirin fallback=KIRIN_NPU rep=0 match=1 code=苏ED5172 total=32.8620 stages=25.8308|2.1969|3.5534|1.2677 trail=KIRIN_NPU(fail) CPU(ok)
E2EMATRIX RESULT role=det backend=kirin LANDED=CPU engine=ms req=kirin fallback=KIRIN_NPU rep=1 match=1 code=苏ED5172 total=28.6206 stages=21.7175|2.1477|3.4850|1.2569 trail=KIRIN_NPU(fail) CPU(ok)
E2EMATRIX RESULT role=det backend=kirin LANDED=CPU engine=ms req=kirin fallback=KIRIN_NPU rep=2 match=1 code=苏ED5172 total=36.6091 stages=28.8806|2.7366|3.6375|1.3409 trail=KIRIN_NPU(fail) CPU(ok)
E2EMATRIX LOAD role=rec backend=cpu ok=1;id=6;cached=0;name=models/rpv3_mdict_160_r3.ms;backend=CPU;requested=cpu;fallbackFrom=;attemptLog=CPU(ok);inputName=data;outputName=output;inputShape=[1,48,160,3];outputShape=[1,20,78];inputFormat=NHWC;outputFormat=NHWC;inputElems=23040;outputElems=1560;error=
E2EMATRIX RESULT role=rec backend=cpu LANDED=CPU engine=ms req=cpu fallback= rep=0 match=1 code=苏ED5172 total=55.4311 stages=36.5314|1.6698|16.1466|1.0739 trail=CPU(ok)
E2EMATRIX RESULT role=rec backend=cpu LANDED=CPU engine=ms req=cpu fallback= rep=1 match=1 code=苏ED5172 total=53.1916 stages=33.9198|1.9225|16.2141|1.1237 trail=CPU(ok)
E2EMATRIX RESULT role=rec backend=cpu LANDED=CPU engine=ms req=cpu fallback= rep=2 match=1 code=苏ED5172 total=53.3828 stages=34.8914|1.5845|15.9330|0.9612 trail=CPU(ok)
E2EMATRIX LOAD role=rec backend=nnrt ok=1;id=1;cached=1;name=models/rpv3_mdict_160_r3.ms;backend=NNRT:NPU_ohos.boot.hardware.kirin8020_v2_0;requested=nnrt;fallbackFrom=;attemptLog=NNRT:NPU_ohos.boot.hardware.kirin8020_v2_0(ok);inputName=data;outputName=output;inputShape=[1,48,160,3];outputShape=[1,20,78];inputFormat=NHWC;outputFormat=NHWC;inputElems=23040;outputElems=1560;error=
E2EMATRIX RESULT role=rec backend=nnrt LANDED=NNRT:NPU_ohos.boot.hardware.kirin8020_v2_0 engine=ms req=nnrt fallback= rep=0 match=1 code=苏ED5172 total=41.1419 stages=34.2887|2.1728|3.4997|1.1719 trail=NNRT:NPU_ohos.boot.hardware.kirin8020_v2_0(ok)
E2EMATRIX RESULT role=rec backend=nnrt LANDED=NNRT:NPU_ohos.boot.hardware.kirin8020_v2_0 engine=ms req=nnrt fallback= rep=1 match=1 code=苏ED5172 total=37.3036 stages=30.4895|2.2331|3.4383|1.1337 trail=NNRT:NPU_ohos.boot.hardware.kirin8020_v2_0(ok)
E2EMATRIX RESULT role=rec backend=nnrt LANDED=NNRT:NPU_ohos.boot.hardware.kirin8020_v2_0 engine=ms req=nnrt fallback= rep=2 match=1 code=苏ED5172 total=36.2891 stages=30.2953|1.5870|3.3053|1.0930 trail=NNRT:NPU_ohos.boot.hardware.kirin8020_v2_0(ok)
E2EMATRIX LOAD role=rec backend=gpu ok=1;id=7;cached=0;name=models/rpv3_mdict_160_r3.ms;backend=CPU;requested=gpu;fallbackFrom=GPU:fp16;attemptLog=GPU:fp16(fail) GPU:fp32(fail) CPU(ok);inputName=data;outputName=output;inputShape=[1,48,160,3];outputShape=[1,20,78];inputFormat=NHWC;outputFormat=NHWC;inputElems=23040;outputElems=1560;error=
E2EMATRIX RESULT role=rec backend=gpu LANDED=CPU engine=ms req=gpu fallback=GPU:fp16 rep=0 match=1 code=苏ED5172 total=56.8891 stages=38.6341|1.5723|15.4459|1.2228 trail=GPU:fp16(fail) GPU:fp32(fail) CPU(ok)
E2EMATRIX RESULT role=rec backend=gpu LANDED=CPU engine=ms req=gpu fallback=GPU:fp16 rep=1 match=1 code=苏ED5172 total=61.1089 stages=42.8998|1.5253|15.6027|1.0677 trail=GPU:fp16(fail) GPU:fp32(fail) CPU(ok)
E2EMATRIX RESULT role=rec backend=gpu LANDED=CPU engine=ms req=gpu fallback=GPU:fp16 rep=2 match=1 code=苏ED5172 total=62.6658 stages=42.7181|1.5383|17.3203|1.0762 trail=GPU:fp16(fail) GPU:fp32(fail) CPU(ok)
E2EMATRIX LOAD role=rec backend=kirin ok=1;id=8;cached=0;name=models/rpv3_mdict_160_r3.ms;backend=CPU;requested=kirin;fallbackFrom=KIRIN_NPU;attemptLog=KIRIN_NPU(fail) CPU(ok);inputName=data;outputName=output;inputShape=[1,48,160,3];outputShape=[1,20,78];inputFormat=NHWC;outputFormat=NHWC;inputElems=23040;outputElems=1560;error=
E2EMATRIX RESULT role=rec backend=kirin LANDED=CPU engine=ms req=kirin fallback=KIRIN_NPU rep=0 match=1 code=苏ED5172 total=64.9369 stages=40.6897|2.1588|20.7812|1.2934 trail=KIRIN_NPU(fail) CPU(ok)
E2EMATRIX RESULT role=rec backend=kirin LANDED=CPU engine=ms req=kirin fallback=KIRIN_NPU rep=1 match=1 code=苏ED5172 total=61.2417 stages=37.4688|2.2547|20.2161|1.2831 trail=KIRIN_NPU(fail) CPU(ok)
E2EMATRIX RESULT role=rec backend=kirin LANDED=CPU engine=ms req=kirin fallback=KIRIN_NPU rep=2 match=1 code=苏ED5172 total=60.9811 stages=37.1023|2.1633|20.5661|1.1344 trail=KIRIN_NPU(fail) CPU(ok)
E2EMATRIX LOAD role=cls backend=cpu ok=1;id=2;cached=1;name=models/litemodel_cls_96x_r1.ms;backend=CPU;requested=cpu;fallbackFrom=;attemptLog=CPU(ok);inputName=data;outputName=output;inputShape=[1,96,96,3];outputShape=[1,3];inputFormat=NHWC;outputFormat=NCHW;inputElems=27648;outputElems=3;error=
E2EMATRIX RESULT role=cls backend=cpu LANDED=CPU engine=ms req=cpu fallback= rep=0 match=1 code=苏ED5172 total=43.9469 stages=37.8162|1.7161|3.3389|1.0658 trail=CPU(ok)
E2EMATRIX RESULT role=cls backend=cpu LANDED=CPU engine=ms req=cpu fallback= rep=1 match=1 code=苏ED5172 total=39.7180 stages=33.8153|1.6600|3.2656|0.9673 trail=CPU(ok)
E2EMATRIX RESULT role=cls backend=cpu LANDED=CPU engine=ms req=cpu fallback= rep=2 match=1 code=苏ED5172 total=36.4258 stages=29.7233|2.1989|3.3833|1.1114 trail=CPU(ok)
E2EMATRIX LOAD role=cls backend=nnrt ok=1;id=9;cached=0;name=models/litemodel_cls_96x_r1.ms;backend=CPU;requested=nnrt;fallbackFrom=NNRT:NPU_ohos.boot.hardware.kirin8020_v2_0;attemptLog=NNRT:NPU_ohos.boot.hardware.kirin8020_v2_0(fail) NNRT:HIAI_F(fail) CPU(ok);inputName=data;outputName=output;inputShape=[1,96,96,3];outputShape=[1,3];inputFormat=NHWC;outputFormat=NCHW;inputElems=27648;outputElems=3;error=
E2EMATRIX RESULT role=cls backend=nnrt LANDED=CPU engine=ms req=nnrt fallback=NNRT:NPU_ohos.boot.hardware.kirin8020_v2_0 rep=0 match=1 code=苏ED5172 total=45.3577 stages=39.2892|1.7006|3.2514|1.0986 trail=NNRT:NPU_ohos.boot.hardware.kirin8020_v2_0(fail) NNRT:HIAI_F(fail) CPU(ok)
E2EMATRIX RESULT role=cls backend=nnrt LANDED=CPU engine=ms req=nnrt fallback=NNRT:NPU_ohos.boot.hardware.kirin8020_v2_0 rep=1 match=1 code=苏ED5172 total=40.8641 stages=34.9561|1.6330|3.3223|0.9409 trail=NNRT:NPU_ohos.boot.hardware.kirin8020_v2_0(fail) NNRT:HIAI_F(fail) CPU(ok)
E2EMATRIX RESULT role=cls backend=nnrt LANDED=CPU engine=ms req=nnrt fallback=NNRT:NPU_ohos.boot.hardware.kirin8020_v2_0 rep=2 match=1 code=苏ED5172 total=34.4359 stages=28.3534|1.7237|3.3187|1.0309 trail=NNRT:NPU_ohos.boot.hardware.kirin8020_v2_0(fail) NNRT:HIAI_F(fail) CPU(ok)
E2EMATRIX LOAD role=cls backend=gpu ok=1;id=10;cached=0;name=models/litemodel_cls_96x_r1.ms;backend=CPU;requested=gpu;fallbackFrom=GPU:fp16;attemptLog=GPU:fp16(fail) GPU:fp32(fail) CPU(ok);inputName=data;outputName=output;inputShape=[1,96,96,3];outputShape=[1,3];inputFormat=NHWC;outputFormat=NCHW;inputElems=27648;outputElems=3;error=
E2EMATRIX RESULT role=cls backend=gpu LANDED=CPU engine=ms req=gpu fallback=GPU:fp16 rep=0 match=1 code=苏ED5172 total=30.4292 stages=23.5497|2.1366|3.5550|1.1739 trail=GPU:fp16(fail) GPU:fp32(fail) CPU(ok)
E2EMATRIX RESULT role=cls backend=gpu LANDED=CPU engine=ms req=gpu fallback=GPU:fp16 rep=1 match=1 code=苏ED5172 total=41.2923 stages=34.6478|2.0023|3.4773|1.1511 trail=GPU:fp16(fail) GPU:fp32(fail) CPU(ok)
E2EMATRIX RESULT role=cls backend=gpu LANDED=CPU engine=ms req=gpu fallback=GPU:fp16 rep=2 match=1 code=苏ED5172 total=33.6455 stages=27.1391|1.9150|3.5134|1.0656 trail=GPU:fp16(fail) GPU:fp32(fail) CPU(ok)
E2EMATRIX LOAD role=cls backend=kirin ok=1;id=11;cached=0;name=models/litemodel_cls_96x_r1.ms;backend=CPU;requested=kirin;fallbackFrom=KIRIN_NPU;attemptLog=KIRIN_NPU(fail) CPU(ok);inputName=data;outputName=output;inputShape=[1,96,96,3];outputShape=[1,3];inputFormat=NHWC;outputFormat=NCHW;inputElems=27648;outputElems=3;error=
E2EMATRIX RESULT role=cls backend=kirin LANDED=CPU engine=ms req=kirin fallback=KIRIN_NPU rep=0 match=1 code=苏ED5172 total=36.5948 stages=29.8183|2.1722|3.4081|1.1831 trail=KIRIN_NPU(fail) CPU(ok)
E2EMATRIX RESULT role=cls backend=kirin LANDED=CPU engine=ms req=kirin fallback=KIRIN_NPU rep=1 match=1 code=苏ED5172 total=35.6086 stages=28.4922|2.1669|3.7297|1.2089 trail=KIRIN_NPU(fail) CPU(ok)
E2EMATRIX RESULT role=cls backend=kirin LANDED=CPU engine=ms req=kirin fallback=KIRIN_NPU rep=2 match=1 code=苏ED5172 total=39.5252 stages=32.6673|2.1878|3.4588|1.1975 trail=KIRIN_NPU(fail) CPU(ok)
E2EMATRIX LOAD role=cls-fp32 backend=cpu ok=1;id=12;cached=0;name=models/litemodel_cls_96x_r1_fp32.ms;backend=CPU;requested=cpu;fallbackFrom=;attemptLog=CPU(ok);inputName=data;outputName=output;inputShape=[1,96,96,3];outputShape=[1,3];inputFormat=NHWC;outputFormat=NCHW;inputElems=27648;outputElems=3;error=
E2EMATRIX RESULT role=cls-fp32 backend=cpu LANDED=CPU engine=ms req=cpu fallback= rep=0 match=1 code=苏ED5172 total=39.0031 stages=32.1567|2.2314|3.4447|1.1605 trail=CPU(ok)
E2EMATRIX RESULT role=cls-fp32 backend=cpu LANDED=CPU engine=ms req=cpu fallback= rep=1 match=1 code=苏ED5172 total=34.3752 stages=28.1462|1.9591|3.2703|0.9911 trail=CPU(ok)
E2EMATRIX RESULT role=cls-fp32 backend=cpu LANDED=CPU engine=ms req=cpu fallback= rep=2 match=1 code=苏ED5172 total=34.9883 stages=29.0163|1.6525|3.3094|1.0011 trail=CPU(ok)
E2EMATRIX LOAD role=cls-fp32 backend=nnrt ok=1;id=13;cached=0;name=models/litemodel_cls_96x_r1_fp32.ms;backend=NNRT:NPU_ohos.boot.hardware.kirin8020_v2_0;requested=nnrt;fallbackFrom=;attemptLog=NNRT:NPU_ohos.boot.hardware.kirin8020_v2_0(ok);inputName=data;outputName=output;inputShape=[1,96,96,3];outputShape=[1,3];inputFormat=NHWC;outputFormat=NCHW;inputElems=27648;outputElems=3;error=
E2EMATRIX RESULT role=cls-fp32 backend=nnrt LANDED=NNRT:NPU_ohos.boot.hardware.kirin8020_v2_0 engine=ms req=nnrt fallback= rep=0 match=1 code=苏ED5172 total=29.4577 stages=22.2672|2.2833|3.6137|1.2794 trail=NNRT:NPU_ohos.boot.hardware.kirin8020_v2_0(ok)
E2EMATRIX RESULT role=cls-fp32 backend=nnrt LANDED=NNRT:NPU_ohos.boot.hardware.kirin8020_v2_0 engine=ms req=nnrt fallback= rep=1 match=1 code=苏ED5172 total=42.1148 stages=35.0845|2.1722|3.6148|1.2331 trail=NNRT:NPU_ohos.boot.hardware.kirin8020_v2_0(ok)
E2EMATRIX RESULT role=cls-fp32 backend=nnrt LANDED=NNRT:NPU_ohos.boot.hardware.kirin8020_v2_0 engine=ms req=nnrt fallback= rep=2 match=1 code=苏ED5172 total=49.5684 stages=43.3673|1.7059|3.3322|1.1553 trail=NNRT:NPU_ohos.boot.hardware.kirin8020_v2_0(ok)
E2EMATRIX LOAD role=cls-fp32 backend=gpu ok=1;id=14;cached=0;name=models/litemodel_cls_96x_r1_fp32.ms;backend=CPU;requested=gpu;fallbackFrom=GPU:fp16;attemptLog=GPU:fp16(fail) GPU:fp32(fail) CPU(ok);inputName=data;outputName=output;inputShape=[1,96,96,3];outputShape=[1,3];inputFormat=NHWC;outputFormat=NCHW;inputElems=27648;outputElems=3;error=
E2EMATRIX RESULT role=cls-fp32 backend=gpu LANDED=CPU engine=ms req=gpu fallback=GPU:fp16 rep=0 match=1 code=苏ED5172 total=39.9006 stages=33.5444|1.8784|3.3500|1.1177 trail=GPU:fp16(fail) GPU:fp32(fail) CPU(ok)
E2EMATRIX RESULT role=cls-fp32 backend=gpu LANDED=CPU engine=ms req=gpu fallback=GPU:fp16 rep=1 match=1 code=苏ED5172 total=42.7497 stages=36.6203|1.5781|3.4697|1.0733 trail=GPU:fp16(fail) GPU:fp32(fail) CPU(ok)
E2EMATRIX RESULT role=cls-fp32 backend=gpu LANDED=CPU engine=ms req=gpu fallback=GPU:fp16 rep=2 match=1 code=苏ED5172 total=39.8425 stages=33.6820|1.7009|3.3625|1.0883 trail=GPU:fp16(fail) GPU:fp32(fail) CPU(ok)
E2EMATRIX LOAD role=cls-fp32 backend=kirin ok=1;id=15;cached=0;name=models/litemodel_cls_96x_r1_fp32.ms;backend=CPU;requested=kirin;fallbackFrom=KIRIN_NPU;attemptLog=KIRIN_NPU(fail) CPU(ok);inputName=data;outputName=output;inputShape=[1,96,96,3];outputShape=[1,3];inputFormat=NHWC;outputFormat=NCHW;inputElems=27648;outputElems=3;error=
E2EMATRIX RESULT role=cls-fp32 backend=kirin LANDED=CPU engine=ms req=kirin fallback=KIRIN_NPU rep=0 match=1 code=苏ED5172 total=42.9809 stages=36.2131|2.0414|3.5109|1.2030 trail=KIRIN_NPU(fail) CPU(ok)
E2EMATRIX RESULT role=cls-fp32 backend=kirin LANDED=CPU engine=ms req=kirin fallback=KIRIN_NPU rep=1 match=1 code=苏ED5172 total=40.2506 stages=33.3795|2.1939|3.4736|1.1906 trail=KIRIN_NPU(fail) CPU(ok)
E2EMATRIX RESULT role=cls-fp32 backend=kirin LANDED=CPU engine=ms req=kirin fallback=KIRIN_NPU rep=2 match=1 code=苏ED5172 total=41.7127 stages=35.6684|1.7384|3.3291|0.9672 trail=KIRIN_NPU(fail) CPU(ok)
NCNNSLOT LOAD role=rec mode=cpu ok=1;slot=1;layers=252;inputs=in0;outputs=out0;requestedVulkan=0;effectiveVulkan=0;vkLayers=1/252;vkGpuCount=1;vkGpuName=Maleoon_920C;gpuProbe=not requested
NCNNSLOT RESULT role=rec mode=cpu LANDED=CPU engine=ncnn vkReq=0 vk=0 vkLayers=1/252 rep=0 match=1 code=苏ED5172 colour=蓝牌 total=52.8156 stages=34.1980|1.5531|15.9152|1.1381 chars=苏|E|D|5|1|7|2 clsScores=0.0001|0.9998|0.0001
NCNNSLOT RESULT role=rec mode=cpu LANDED=CPU engine=ncnn vkReq=0 vk=0 vkLayers=1/252 rep=1 match=1 code=苏ED5172 colour=蓝牌 total=56.7084 stages=37.1873|1.5562|16.4331|1.5208 chars=苏|E|D|5|1|7|2 clsScores=0.0001|0.9998|0.0001
NCNNSLOT RESULT role=rec mode=cpu LANDED=CPU engine=ncnn vkReq=0 vk=0 vkLayers=1/252 rep=2 match=1 code=苏ED5172 colour=蓝牌 total=55.1153 stages=35.4667|1.5917|16.8967|1.1469 chars=苏|E|D|5|1|7|2 clsScores=0.0001|0.9998|0.0001
NCNNSLOT LOAD role=rec mode=vulkan ok=1;slot=1;layers=252;inputs=in0;outputs=out0;requestedVulkan=1;effectiveVulkan=1;vkLayers=251/252;vkGpuCount=1;vkGpuName=Maleoon_920C;gpuProbe=ok=1;count=1;name=Maleoon 920C;driver=Maleoon 920C;api=4206867;fp16=111
NCNNSLOT RESULT role=rec mode=vulkan LANDED=GPU engine=ncnn vkReq=1 vk=1 vkLayers=251/252 rep=0 match=1 code=苏ED5172 colour=蓝牌 total=102.2191 stages=52.3159|2.0252|44.0994|3.7300 chars=苏|E|D|5|1|7|2 clsScores=0.0001|0.9998|0.0001
NCNNSLOT RESULT role=rec mode=vulkan LANDED=GPU engine=ncnn vkReq=1 vk=1 vkLayers=251/252 rep=1 match=1 code=苏ED5172 colour=蓝牌 total=84.2898 stages=38.2447|1.8727|42.4089|1.7475 chars=苏|E|D|5|1|7|2 clsScores=0.0001|0.9998|0.0001
NCNNSLOT RESULT role=rec mode=vulkan LANDED=GPU engine=ncnn vkReq=1 vk=1 vkLayers=251/252 rep=2 match=1 code=苏ED5172 colour=蓝牌 total=80.8264 stages=34.4278|1.8603|43.1578|1.3644 chars=苏|E|D|5|1|7|2 clsScores=0.0001|0.9998|0.0001
NCNNSLOT LOAD role=cls mode=cpu ok=1;slot=2;layers=78;inputs=in0;outputs=out0;requestedVulkan=0;effectiveVulkan=0;vkLayers=1/78;vkGpuCount=1;vkGpuName=Maleoon_920C;gpuProbe=not requested
NCNNSLOT RESULT role=cls mode=cpu LANDED=CPU engine=ncnn vkReq=0 vk=0 vkLayers=1/78 rep=0 match=1 code=苏ED5172 colour=蓝牌 total=34.6777 stages=27.9456|1.6492|3.2502|1.8264 chars=苏|E|D|5|1|7|2 clsScores=0.0001|0.9998|0.0001
NCNNSLOT RESULT role=cls mode=cpu LANDED=CPU engine=ncnn vkReq=0 vk=0 vkLayers=1/78 rep=1 match=1 code=苏ED5172 colour=蓝牌 total=40.2267 stages=34.2702|1.2048|3.2263|1.5169 chars=苏|E|D|5|1|7|2 clsScores=0.0001|0.9998|0.0001
NCNNSLOT RESULT role=cls mode=cpu LANDED=CPU engine=ncnn vkReq=0 vk=0 vkLayers=1/78 rep=2 match=1 code=苏ED5172 colour=蓝牌 total=52.1592 stages=45.2227|1.5728|3.5000|1.8533 chars=苏|E|D|5|1|7|2 clsScores=0.0001|0.9998|0.0001
NCNNSLOT LOAD role=cls mode=vulkan ok=1;slot=2;layers=78;inputs=in0;outputs=out0;requestedVulkan=1;effectiveVulkan=1;vkLayers=78/78;vkGpuCount=1;vkGpuName=Maleoon_920C;gpuProbe=ok=1;count=1;name=Maleoon 920C;driver=Maleoon 920C;api=4206867;fp16=111
NCNNSLOT RESULT role=cls mode=vulkan LANDED=GPU engine=ncnn vkReq=1 vk=1 vkLayers=78/78 rep=0 match=1 code=苏ED5172 colour=蓝牌 total=47.5853 stages=35.7398|1.7845|3.3466|6.7045 chars=苏|E|D|5|1|7|2 clsScores=0.0001|0.9998|0.0001
NCNNSLOT RESULT role=cls mode=vulkan LANDED=GPU engine=ncnn vkReq=1 vk=1 vkLayers=78/78 rep=1 match=1 code=苏ED5172 colour=蓝牌 total=49.7245 stages=38.6022|1.3486|3.2553|6.5114 chars=苏|E|D|5|1|7|2 clsScores=0.0001|0.9998|0.0001
NCNNSLOT RESULT role=cls mode=vulkan LANDED=GPU engine=ncnn vkReq=1 vk=1 vkLayers=78/78 rep=2 match=1 code=苏ED5172 colour=蓝牌 total=47.1867 stages=35.0642|1.7991|3.3773|6.9400 chars=苏|E|D|5|1|7|2 clsScores=0.0001|0.9998|0.0001
CANN ENUM ok=1;probe=nnrt+hiai;nnrt_runtime=soname;nnrt_core=soname;hiai_foundation=soname;cann_version=108.631.120.010;getAllDevices_rc=0;device_count=2;d0=id=8987859593747354028,name=HIAI_F,type=ACCELERATOR,nameRc=0,typeRc=0;d1=id=13306020061847651998,name=NPU_ohos.boot.hardware.kirin8020_v2_0,type=ACCELERATOR,nameRc=0,typeRc=0;
CANN TRY model=models/probe_hiai_imagenet.om size=2496459 ok=1;bytes=2496459;hiai_compat_code=0;hiai_compat_note=0=compatible,1=incompatible;construct=ok;picked_device=8987859593747354028;picked_device_all0=8987859593747354028;set_device_rc=0;build_rc=0;build_note=0=SUCCESS, else see OH_NN_ReturnCode;executor=ok;in_count=1;out_count=1;in0=name=data,dtype=FLOAT32,shape=[1x3x227x227];out0=name=output_0_prob_0,dtype=FLOAT32,shape=[1x1000x1x1];in_bytes=618348;out_bytes=4000;run_tensors=1in/1out;run_rc=0;run_ms_each=1.962|0.909|0.920;o0_sum=1.0005;o0_argmax=111;o0_max=0.1509;out_note=synthetic-input->argmax NOT meaningful;executor_destroyed=1;destroyed=1;
CANN TRY model=models/probe_om_lprnet.om size=916283 ok=1;bytes=916283;hiai_compat_code=0;hiai_compat_note=0=compatible,1=incompatible;construct=ok;picked_device=8987859593747354028;picked_device_all0=8987859593747354028;set_device_rc=0;build_rc=0;build_note=0=SUCCESS, else see OH_NN_ReturnCode;executor=ok;in_count=1;out_count=1;in0=name=input,dtype=FLOAT32,shape=[1x3x24x94];out0=name=output,dtype=FLOAT32,shape=[1x1x68x18];in_bytes=27072;out_bytes=4896;run_tensors=1in/1out;run_rc=0;run_ms_each=2.073|1.434|1.386;o0_sum=-62362.3169;o0_argmax=1206;o0_max=311.5000;out_note=synthetic-input->argmax NOT meaningful;executor_destroyed=1;destroyed=1;
CANN TRY model=models/probe_om_lprnet_npufix.om size=915413 ok=1;bytes=915413;hiai_compat_code=0;hiai_compat_note=0=compatible,1=incompatible;construct=ok;picked_device=8987859593747354028;picked_device_all0=8987859593747354028;set_device_rc=0;build_rc=0;build_note=0=SUCCESS, else see OH_NN_ReturnCode;executor=ok;in_count=1;out_count=1;in0=name=input,dtype=FLOAT32,shape=[1x3x24x94];out0=name=output,dtype=FLOAT32,shape=[1x1x68x18];in_bytes=27072;out_bytes=4896;run_tensors=1in/1out;run_rc=0;run_ms_each=1.921|1.186|1.142;o0_sum=-62362.3169;o0_argmax=1206;o0_max=311.5000;out_note=synthetic-input->argmax NOT meaningful;executor_destroyed=1;destroyed=1;
CANN TRY model=models/probe_om_det.om size=1948509 ok=1;bytes=1948509;hiai_compat_code=1;hiai_compat_note=0=compatible,1=incompatible;construct=ok;picked_device=8987859593747354028;picked_device_all0=8987859593747354028;set_device_rc=0;build_rc=1;build_note=0=SUCCESS, else see OH_NN_ReturnCode;destroyed=1;
CANN TRY model=models/probe_om_dethead.om size=1010950 ok=1;bytes=1010950;hiai_compat_code=0;hiai_compat_note=0=compatible,1=incompatible;construct=ok;picked_device=8987859593747354028;picked_device_all0=8987859593747354028;set_device_rc=0;build_rc=0;build_note=0=SUCCESS, else see OH_NN_ReturnCode;executor=ok;in_count=1;out_count=3;in0=name=input,dtype=FLOAT32,shape=[1x3x320x320];out0=name=948,dtype=FLOAT32,shape=[1x45x40x40];out1=name=1061,dtype=FLOAT32,shape=[1x45x20x20];out2=name=1174,dtype=FLOAT32,shape=[1x45x10x10];in_bytes=1228800;out_bytes=378000;run_tensors=1in/3out;run_rc=0;run_ms_each=4.807|4.062|3.978;o0_sum=-25055.3415;o0_argmax=28756;o0_max=6.5898;o1_sum=-11325.9309;o1_argmax=11231;o1_max=5.9961;o2_sum=-3700.2237;o2_argmax=2888;o2_max=5.0664;out_note=synthetic-input->argmax NOT meaningful;executor_destroyed=1;destroyed=1;
CANN TRY model=models/probe_om_rec.om size=5041253 ok=1;bytes=5041253;hiai_compat_code=0;hiai_compat_note=0=compatible,1=incompatible;construct=ok;picked_device=8987859593747354028;picked_device_all0=8987859593747354028;set_device_rc=0;build_rc=0;build_note=0=SUCCESS, else see OH_NN_ReturnCode;executor=ok;in_count=1;out_count=1;in0=name=data,dtype=FLOAT32,shape=[1x3x48x160];out0=name=output,dtype=FLOAT32,shape=[1x1x20x78];in_bytes=92160;out_bytes=6240;run_tensors=1in/1out;run_rc=0;run_ms_each=4.165|3.188|3.818;o0_sum=19.9978;o0_argmax=1326;o0_max=0.8359;out_note=synthetic-input->argmax NOT meaningful;executor_destroyed=1;destroyed=1;
CANN TRY model=models/probe_om_cls.om size=841728 ok=1;bytes=841728;hiai_compat_code=0;hiai_compat_note=0=compatible,1=incompatible;construct=ok;picked_device=8987859593747354028;picked_device_all0=8987859593747354028;set_device_rc=0;build_rc=0;build_note=0=SUCCESS, else see OH_NN_ReturnCode;executor=ok;in_count=1;out_count=1;in0=name=data,dtype=FLOAT32,shape=[1x3x96x96];out0=name=output,dtype=FLOAT32,shape=[1x3x1x1];in_bytes=110592;out_bytes=12;run_tensors=1in/1out;run_rc=0;run_ms_each=1.484|0.954|0.943;o0_sum=0.9981;o0_argmax=0;o0_max=0.9980;out_note=synthetic-input->argmax NOT meaningful;executor_destroyed=1;destroyed=1;
CANN TRY model=models/y5fu_320x_head_fp32.ms size=1847336 ok=1;bytes=1847336;hiai_compat_code=1;hiai_compat_note=0=compatible,1=incompatible;construct=ok;picked_device=8987859593747354028;picked_device_all0=8987859593747354028;set_device_rc=0;build_rc=1;build_note=0=SUCCESS, else see OH_NN_ReturnCode;destroyed=1;
CANN TRY model=models/rpv3_mdict_160_r3.ms size=4480304 ok=1;bytes=4480304;hiai_compat_code=1;hiai_compat_note=0=compatible,1=incompatible;construct=ok;picked_device=8987859593747354028;picked_device_all0=8987859593747354028;set_device_rc=0;build_rc=1;build_note=0=SUCCESS, else see OH_NN_ReturnCode;destroyed=1;
CANN TRY model=models/litemodel_cls_96x_r1.ms size=817432 ok=1;bytes=817432;hiai_compat_code=1;hiai_compat_note=0=compatible,1=incompatible;construct=ok;picked_device=8987859593747354028;picked_device_all0=8987859593747354028;set_device_rc=0;build_rc=1;build_note=0=SUCCESS, else see OH_NN_ReturnCode;destroyed=1;
E2EMATRIX LOAD role=det backend=cpu ok=1;id=0;cached=1;name=models/y5fu_320x_head_fp32.ms;backend=CPU;requested=cpu;fallbackFrom=;attemptLog=CPU(ok);inputName=input;outputName=948;inputShape=[1,320,320,3];outputShape=[1,45,40,40];inputFormat=NHWC;outputFormat=NCHW;inputElems=307200;outputElems=72000;error=
E2EMATRIX RESULT role=det backend=cpu LANDED=CPU engine=ms req=cpu fallback= rep=0 match=1 code=苏ED5172 total=42.1153 stages=35.4309|1.5502|3.7044|1.4153 trail=CPU(ok)
E2EMATRIX RESULT role=det backend=cpu LANDED=CPU engine=ms req=cpu fallback= rep=1 match=1 code=苏ED5172 total=43.5650 stages=37.6639|1.5936|3.2638|1.0314 trail=CPU(ok)
E2EMATRIX RESULT role=det backend=cpu LANDED=CPU engine=ms req=cpu fallback= rep=2 match=1 code=苏ED5172 total=42.3025 stages=36.7070|1.0889|3.2639|1.2264 trail=CPU(ok)
E2EMATRIX LOAD role=det backend=nnrt ok=1;id=3;cached=1;name=models/y5fu_320x_head_fp32.ms;backend=NNRT:NPU_ohos.boot.hardware.kirin8020_v2_0;requested=nnrt;fallbackFrom=;attemptLog=NNRT:NPU_ohos.boot.hardware.kirin8020_v2_0(ok);inputName=input;outputName=948;inputShape=[1,320,320,3];outputShape=[1,45,40,40];inputFormat=NHWC;outputFormat=NCHW;inputElems=307200;outputElems=72000;error=
E2EMATRIX RESULT role=det backend=nnrt LANDED=NNRT:NPU_ohos.boot.hardware.kirin8020_v2_0 engine=ms req=nnrt fallback= rep=0 match=0 code=苏E05172 total=24.2467 stages=16.1342|3.9194|3.0834|1.0981 trail=NNRT:NPU_ohos.boot.hardware.kirin8020_v2_0(ok)
E2EMATRIX RESULT role=det backend=nnrt LANDED=NNRT:NPU_ohos.boot.hardware.kirin8020_v2_0 engine=ms req=nnrt fallback= rep=1 match=0 code=苏E05172 total=26.5117 stages=16.3802|3.1583|3.8981|3.0497 trail=NNRT:NPU_ohos.boot.hardware.kirin8020_v2_0(ok)
E2EMATRIX RESULT role=det backend=nnrt LANDED=NNRT:NPU_ohos.boot.hardware.kirin8020_v2_0 engine=ms req=nnrt fallback= rep=2 match=0 code=苏E05172 total=27.8727 stages=16.5705|3.5809|4.5512|3.1473 trail=NNRT:NPU_ohos.boot.hardware.kirin8020_v2_0(ok)
E2EMATRIX LOAD role=det backend=gpu ok=1;id=4;cached=0;name=models/y5fu_320x_head_fp32.ms;backend=CPU;requested=gpu;fallbackFrom=GPU:fp16;attemptLog=GPU:fp16(fail) GPU:fp32(fail) CPU(ok);inputName=input;outputName=948;inputShape=[1,320,320,3];outputShape=[1,45,40,40];inputFormat=NHWC;outputFormat=NCHW;inputElems=307200;outputElems=72000;error=
E2EMATRIX RESULT role=det backend=gpu LANDED=CPU engine=ms req=gpu fallback=GPU:fp16 rep=0 match=1 code=苏ED5172 total=30.4855 stages=24.5164|1.6000|3.4511|0.9075 trail=GPU:fp16(fail) GPU:fp32(fail) CPU(ok)
E2EMATRIX RESULT role=det backend=gpu LANDED=CPU engine=ms req=gpu fallback=GPU:fp16 rep=1 match=1 code=苏ED5172 total=29.5267 stages=23.5805|1.6162|3.4019|0.9152 trail=GPU:fp16(fail) GPU:fp32(fail) CPU(ok)
E2EMATRIX RESULT role=det backend=gpu LANDED=CPU engine=ms req=gpu fallback=GPU:fp16 rep=2 match=1 code=苏ED5172 total=28.5192 stages=19.8922|2.0314|4.1659|2.3975 trail=GPU:fp16(fail) GPU:fp32(fail) CPU(ok)
E2EMATRIX LOAD role=det backend=kirin ok=1;id=5;cached=0;name=models/y5fu_320x_head_fp32.ms;backend=CPU;requested=kirin;fallbackFrom=KIRIN_NPU;attemptLog=KIRIN_NPU(fail) CPU(ok);inputName=input;outputName=948;inputShape=[1,320,320,3];outputShape=[1,45,40,40];inputFormat=NHWC;outputFormat=NCHW;inputElems=307200;outputElems=72000;error=
E2EMATRIX RESULT role=det backend=kirin LANDED=CPU engine=ms req=kirin fallback=KIRIN_NPU rep=0 match=1 code=苏ED5172 total=32.0700 stages=25.3031|2.0564|3.4984|1.2003 trail=KIRIN_NPU(fail) CPU(ok)
E2EMATRIX RESULT role=det backend=kirin LANDED=CPU engine=ms req=kirin fallback=KIRIN_NPU rep=1 match=1 code=苏ED5172 total=39.4866 stages=31.3070|2.8414|3.7181|1.6078 trail=KIRIN_NPU(fail) CPU(ok)
E2EMATRIX RESULT role=det backend=kirin LANDED=CPU engine=ms req=kirin fallback=KIRIN_NPU rep=2 match=1 code=苏ED5172 total=32.8230 stages=25.4223|2.3041|3.5617|1.5186 trail=KIRIN_NPU(fail) CPU(ok)
E2EMATRIX LOAD role=rec backend=cpu ok=1;id=6;cached=0;name=models/rpv3_mdict_160_r3.ms;backend=CPU;requested=cpu;fallbackFrom=;attemptLog=CPU(ok);inputName=data;outputName=output;inputShape=[1,48,160,3];outputShape=[1,20,78];inputFormat=NHWC;outputFormat=NHWC;inputElems=23040;outputElems=1560;error=
E2EMATRIX RESULT role=rec backend=cpu LANDED=CPU engine=ms req=cpu fallback= rep=0 match=1 code=苏ED5172 total=48.2991 stages=30.7197|1.7891|14.8130|0.9686 trail=CPU(ok)
E2EMATRIX RESULT role=rec backend=cpu LANDED=CPU engine=ms req=cpu fallback= rep=1 match=1 code=苏ED5172 total=39.9977 stages=18.6733|2.0242|18.2159|1.0702 trail=CPU(ok)
E2EMATRIX RESULT role=rec backend=cpu LANDED=CPU engine=ms req=cpu fallback= rep=2 match=1 code=苏ED5172 total=55.1052 stages=36.3895|1.8080|15.8947|1.0006 trail=CPU(ok)
E2EMATRIX LOAD role=rec backend=nnrt ok=1;id=1;cached=1;name=models/rpv3_mdict_160_r3.ms;backend=NNRT:NPU_ohos.boot.hardware.kirin8020_v2_0;requested=nnrt;fallbackFrom=;attemptLog=NNRT:NPU_ohos.boot.hardware.kirin8020_v2_0(ok);inputName=data;outputName=output;inputShape=[1,48,160,3];outputShape=[1,20,78];inputFormat=NHWC;outputFormat=NHWC;inputElems=23040;outputElems=1560;error=
E2EMATRIX RESULT role=rec backend=nnrt LANDED=NNRT:NPU_ohos.boot.hardware.kirin8020_v2_0 engine=ms req=nnrt fallback= rep=0 match=1 code=苏ED5172 total=44.3058 stages=36.5436|2.8305|3.6022|1.3192 trail=NNRT:NPU_ohos.boot.hardware.kirin8020_v2_0(ok)
E2EMATRIX RESULT role=rec backend=nnrt LANDED=NNRT:NPU_ohos.boot.hardware.kirin8020_v2_0 engine=ms req=nnrt fallback= rep=1 match=1 code=苏ED5172 total=43.5837 stages=36.6739|2.1967|3.4711|1.2320 trail=NNRT:NPU_ohos.boot.hardware.kirin8020_v2_0(ok)
E2EMATRIX RESULT role=rec backend=nnrt LANDED=NNRT:NPU_ohos.boot.hardware.kirin8020_v2_0 engine=ms req=nnrt fallback= rep=2 match=1 code=苏ED5172 total=38.2030 stages=31.8778|1.9056|3.3195|1.0908 trail=NNRT:NPU_ohos.boot.hardware.kirin8020_v2_0(ok)
E2EMATRIX LOAD role=rec backend=gpu ok=1;id=7;cached=0;name=models/rpv3_mdict_160_r3.ms;backend=CPU;requested=gpu;fallbackFrom=GPU:fp16;attemptLog=GPU:fp16(fail) GPU:fp32(fail) CPU(ok);inputName=data;outputName=output;inputShape=[1,48,160,3];outputShape=[1,20,78];inputFormat=NHWC;outputFormat=NHWC;inputElems=23040;outputElems=1560;error=
E2EMATRIX RESULT role=rec backend=gpu LANDED=CPU engine=ms req=gpu fallback=GPU:fp16 rep=0 match=1 code=苏ED5172 total=53.6736 stages=35.1183|1.5750|16.0089|0.9572 trail=GPU:fp16(fail) GPU:fp32(fail) CPU(ok)
E2EMATRIX RESULT role=rec backend=gpu LANDED=CPU engine=ms req=gpu fallback=GPU:fp16 rep=1 match=1 code=苏ED5172 total=48.9344 stages=25.3975|2.2513|20.2091|1.0628 trail=GPU:fp16(fail) GPU:fp32(fail) CPU(ok)
E2EMATRIX RESULT role=rec backend=gpu LANDED=CPU engine=ms req=gpu fallback=GPU:fp16 rep=2 match=1 code=苏ED5172 total=57.5233 stages=37.9148|1.7003|16.3275|1.5641 trail=GPU:fp16(fail) GPU:fp32(fail) CPU(ok)
E2EMATRIX LOAD role=rec backend=kirin ok=1;id=8;cached=0;name=models/rpv3_mdict_160_r3.ms;backend=CPU;requested=kirin;fallbackFrom=KIRIN_NPU;attemptLog=KIRIN_NPU(fail) CPU(ok);inputName=data;outputName=output;inputShape=[1,48,160,3];outputShape=[1,20,78];inputFormat=NHWC;outputFormat=NHWC;inputElems=23040;outputElems=1560;error=
E2EMATRIX RESULT role=rec backend=kirin LANDED=CPU engine=ms req=kirin fallback=KIRIN_NPU rep=0 match=1 code=苏ED5172 total=55.5320 stages=30.4009|2.1909|21.4377|1.4864 trail=KIRIN_NPU(fail) CPU(ok)
E2EMATRIX RESULT role=rec backend=kirin LANDED=CPU engine=ms req=kirin fallback=KIRIN_NPU rep=1 match=1 code=苏ED5172 total=62.3964 stages=40.0881|2.2022|18.5177|1.5727 trail=KIRIN_NPU(fail) CPU(ok)
E2EMATRIX RESULT role=rec backend=kirin LANDED=CPU engine=ms req=kirin fallback=KIRIN_NPU rep=2 match=1 code=苏ED5172 total=64.5550 stages=43.2753|2.1208|17.8489|1.2978 trail=KIRIN_NPU(fail) CPU(ok)
E2EMATRIX LOAD role=cls backend=cpu ok=1;id=2;cached=1;name=models/litemodel_cls_96x_r1.ms;backend=CPU;requested=cpu;fallbackFrom=;attemptLog=CPU(ok);inputName=data;outputName=output;inputShape=[1,96,96,3];outputShape=[1,3];inputFormat=NHWC;outputFormat=NCHW;inputElems=27648;outputElems=3;error=
E2EMATRIX RESULT role=cls backend=cpu LANDED=CPU engine=ms req=cpu fallback= rep=0 match=1 code=苏ED5172 total=39.9258 stages=31.3753|3.1105|3.8089|1.6167 trail=CPU(ok)
E2EMATRIX RESULT role=cls backend=cpu LANDED=CPU engine=ms req=cpu fallback= rep=1 match=1 code=苏ED5172 total=47.2628 stages=40.1117|2.1619|3.4403|1.5361 trail=CPU(ok)
E2EMATRIX RESULT role=cls backend=cpu LANDED=CPU engine=ms req=cpu fallback= rep=2 match=1 code=苏ED5172 total=48.7409 stages=41.7684|2.2048|3.4787|1.2766 trail=CPU(ok)
E2EMATRIX LOAD role=cls backend=nnrt ok=1;id=9;cached=0;name=models/litemodel_cls_96x_r1.ms;backend=CPU;requested=nnrt;fallbackFrom=NNRT:NPU_ohos.boot.hardware.kirin8020_v2_0;attemptLog=NNRT:NPU_ohos.boot.hardware.kirin8020_v2_0(fail) NNRT:HIAI_F(fail) CPU(ok);inputName=data;outputName=output;inputShape=[1,96,96,3];outputShape=[1,3];inputFormat=NHWC;outputFormat=NCHW;inputElems=27648;outputElems=3;error=
E2EMATRIX RESULT role=cls backend=nnrt LANDED=CPU engine=ms req=nnrt fallback=NNRT:NPU_ohos.boot.hardware.kirin8020_v2_0 rep=0 match=1 code=苏ED5172 total=46.6214 stages=39.2936|2.3831|3.5097|1.4195 trail=NNRT:NPU_ohos.boot.hardware.kirin8020_v2_0(fail) NNRT:HIAI_F(fail) CPU(ok)
E2EMATRIX RESULT role=cls backend=nnrt LANDED=CPU engine=ms req=nnrt fallback=NNRT:NPU_ohos.boot.hardware.kirin8020_v2_0 rep=1 match=1 code=苏ED5172 total=47.0942 stages=38.3783|3.1302|3.7613|1.8066 trail=NNRT:NPU_ohos.boot.hardware.kirin8020_v2_0(fail) NNRT:HIAI_F(fail) CPU(ok)
E2EMATRIX RESULT role=cls backend=nnrt LANDED=CPU engine=ms req=nnrt fallback=NNRT:NPU_ohos.boot.hardware.kirin8020_v2_0 rep=2 match=1 code=苏ED5172 total=47.6119 stages=41.4889|1.6189|3.4328|1.0586 trail=NNRT:NPU_ohos.boot.hardware.kirin8020_v2_0(fail) NNRT:HIAI_F(fail) CPU(ok)
E2EMATRIX LOAD role=cls backend=gpu ok=1;id=10;cached=0;name=models/litemodel_cls_96x_r1.ms;backend=CPU;requested=gpu;fallbackFrom=GPU:fp16;attemptLog=GPU:fp16(fail) GPU:fp32(fail) CPU(ok);inputName=data;outputName=output;inputShape=[1,96,96,3];outputShape=[1,3];inputFormat=NHWC;outputFormat=NCHW;inputElems=27648;outputElems=3;error=
E2EMATRIX RESULT role=cls backend=gpu LANDED=CPU engine=ms req=gpu fallback=GPU:fp16 rep=0 match=1 code=苏ED5172 total=39.9628 stages=33.9184|1.7005|3.2638|1.0702 trail=GPU:fp16(fail) GPU:fp32(fail) CPU(ok)
E2EMATRIX RESULT role=cls backend=gpu LANDED=CPU engine=ms req=gpu fallback=GPU:fp16 rep=1 match=1 code=苏ED5172 total=41.4998 stages=35.4463|1.7263|3.3161|1.0002 trail=GPU:fp16(fail) GPU:fp32(fail) CPU(ok)
E2EMATRIX RESULT role=cls backend=gpu LANDED=CPU engine=ms req=gpu fallback=GPU:fp16 rep=2 match=1 code=苏ED5172 total=40.0591 stages=33.2316|2.1837|3.4466|1.1842 trail=GPU:fp16(fail) GPU:fp32(fail) CPU(ok)
E2EMATRIX LOAD role=cls backend=kirin ok=1;id=11;cached=0;name=models/litemodel_cls_96x_r1.ms;backend=CPU;requested=kirin;fallbackFrom=KIRIN_NPU;attemptLog=KIRIN_NPU(fail) CPU(ok);inputName=data;outputName=output;inputShape=[1,96,96,3];outputShape=[1,3];inputFormat=NHWC;outputFormat=NCHW;inputElems=27648;outputElems=3;error=
E2EMATRIX RESULT role=cls backend=kirin LANDED=CPU engine=ms req=kirin fallback=KIRIN_NPU rep=0 match=1 code=苏ED5172 total=41.6253 stages=35.4003|1.8055|3.3802|1.0259 trail=KIRIN_NPU(fail) CPU(ok)
E2EMATRIX RESULT role=cls backend=kirin LANDED=CPU engine=ms req=kirin fallback=KIRIN_NPU rep=1 match=1 code=苏ED5172 total=39.4058 stages=32.1631|2.1842|3.5698|1.2523 trail=KIRIN_NPU(fail) CPU(ok)
E2EMATRIX RESULT role=cls backend=kirin LANDED=CPU engine=ms req=kirin fallback=KIRIN_NPU rep=2 match=1 code=苏ED5172 total=40.9906 stages=34.2211|2.1902|3.4511|1.1147 trail=KIRIN_NPU(fail) CPU(ok)
E2EMATRIX LOAD role=cls-fp32 backend=cpu ok=1;id=12;cached=0;name=models/litemodel_cls_96x_r1_fp32.ms;backend=CPU;requested=cpu;fallbackFrom=;attemptLog=CPU(ok);inputName=data;outputName=output;inputShape=[1,96,96,3];outputShape=[1,3];inputFormat=NHWC;outputFormat=NCHW;inputElems=27648;outputElems=3;error=
E2EMATRIX RESULT role=cls-fp32 backend=cpu LANDED=CPU engine=ms req=cpu fallback= rep=0 match=1 code=苏ED5172 total=52.5050 stages=42.7825|3.6294|4.0208|2.0541 trail=CPU(ok)
E2EMATRIX RESULT role=cls-fp32 backend=cpu LANDED=CPU engine=ms req=cpu fallback= rep=1 match=1 code=苏ED5172 total=63.0102 stages=45.1031|7.7141|6.1247|4.0434 trail=CPU(ok)
E2EMATRIX RESULT role=cls-fp32 backend=cpu LANDED=CPU engine=ms req=cpu fallback= rep=2 match=1 code=苏ED5172 total=80.3461 stages=62.6445|7.5802|6.0606|4.0312 trail=CPU(ok)
E2EMATRIX LOAD role=cls-fp32 backend=nnrt ok=1;id=13;cached=0;name=models/litemodel_cls_96x_r1_fp32.ms;backend=NNRT:NPU_ohos.boot.hardware.kirin8020_v2_0;requested=nnrt;fallbackFrom=;attemptLog=NNRT:NPU_ohos.boot.hardware.kirin8020_v2_0(ok);inputName=data;outputName=output;inputShape=[1,96,96,3];outputShape=[1,3];inputFormat=NHWC;outputFormat=NCHW;inputElems=27648;outputElems=3;error=
E2EMATRIX RESULT role=cls-fp32 backend=nnrt LANDED=NNRT:NPU_ohos.boot.hardware.kirin8020_v2_0 engine=ms req=nnrt fallback= rep=0 match=1 code=苏ED5172 total=74.7948 stages=59.5127|7.6080|5.4916|2.1514 trail=NNRT:NPU_ohos.boot.hardware.kirin8020_v2_0(ok)
E2EMATRIX RESULT role=cls-fp32 backend=nnrt LANDED=NNRT:NPU_ohos.boot.hardware.kirin8020_v2_0 engine=ms req=nnrt fallback= rep=1 match=1 code=苏ED5172 total=57.6480 stages=51.1898|2.0237|3.3061|1.1198 trail=NNRT:NPU_ohos.boot.hardware.kirin8020_v2_0(ok)
E2EMATRIX RESULT role=cls-fp32 backend=nnrt LANDED=NNRT:NPU_ohos.boot.hardware.kirin8020_v2_0 engine=ms req=nnrt fallback= rep=2 match=1 code=苏ED5172 total=45.2833 stages=38.6023|2.1341|3.3922|1.1478 trail=NNRT:NPU_ohos.boot.hardware.kirin8020_v2_0(ok)
E2EMATRIX LOAD role=cls-fp32 backend=gpu ok=1;id=14;cached=0;name=models/litemodel_cls_96x_r1_fp32.ms;backend=CPU;requested=gpu;fallbackFrom=GPU:fp16;attemptLog=GPU:fp16(fail) GPU:fp32(fail) CPU(ok);inputName=data;outputName=output;inputShape=[1,96,96,3];outputShape=[1,3];inputFormat=NHWC;outputFormat=NCHW;inputElems=27648;outputElems=3;error=
E2EMATRIX RESULT role=cls-fp32 backend=gpu LANDED=CPU engine=ms req=gpu fallback=GPU:fp16 rep=0 match=1 code=苏ED5172 total=60.6766 stages=53.6886|2.1448|3.5802|1.2512 trail=GPU:fp16(fail) GPU:fp32(fail) CPU(ok)
E2EMATRIX RESULT role=cls-fp32 backend=gpu LANDED=CPU engine=ms req=gpu fallback=GPU:fp16 rep=1 match=1 code=苏ED5172 total=72.1947 stages=63.9680|2.8186|3.8170|1.5763 trail=GPU:fp16(fail) GPU:fp32(fail) CPU(ok)
E2EMATRIX RESULT role=cls-fp32 backend=gpu LANDED=CPU engine=ms req=gpu fallback=GPU:fp16 rep=2 match=1 code=苏ED5172 total=47.3131 stages=39.6578|2.6069|3.5328|1.5017 trail=GPU:fp16(fail) GPU:fp32(fail) CPU(ok)
E2EMATRIX LOAD role=cls-fp32 backend=kirin ok=1;id=15;cached=0;name=models/litemodel_cls_96x_r1_fp32.ms;backend=CPU;requested=kirin;fallbackFrom=KIRIN_NPU;attemptLog=KIRIN_NPU(fail) CPU(ok);inputName=data;outputName=output;inputShape=[1,96,96,3];outputShape=[1,3];inputFormat=NHWC;outputFormat=NCHW;inputElems=27648;outputElems=3;error=
E2EMATRIX RESULT role=cls-fp32 backend=kirin LANDED=CPU engine=ms req=kirin fallback=KIRIN_NPU rep=0 match=1 code=苏ED5172 total=36.6742 stages=29.7970|2.1977|3.4681|1.1984 trail=KIRIN_NPU(fail) CPU(ok)
E2EMATRIX RESULT role=cls-fp32 backend=kirin LANDED=CPU engine=ms req=kirin fallback=KIRIN_NPU rep=1 match=1 code=苏ED5172 total=47.4836 stages=40.8458|2.0370|3.3502|1.2406 trail=KIRIN_NPU(fail) CPU(ok)
E2EMATRIX RESULT role=cls-fp32 backend=kirin LANDED=CPU engine=ms req=kirin fallback=KIRIN_NPU rep=2 match=1 code=苏ED5172 total=44.6592 stages=37.8239|2.1614|3.3858|1.2745 trail=KIRIN_NPU(fail) CPU(ok)
NCNNSLOT LOAD role=rec mode=cpu ok=1;slot=1;layers=252;inputs=in0;outputs=out0;requestedVulkan=0;effectiveVulkan=0;vkLayers=1/252;vkGpuCount=1;vkGpuName=Maleoon_920C;gpuProbe=not requested
NCNNSLOT RESULT role=rec mode=cpu LANDED=CPU engine=ncnn vkReq=0 vk=0 vkLayers=1/252 rep=0 match=1 code=苏ED5172 colour=蓝牌 total=59.7498 stages=40.1286|1.5859|16.7484|1.2713 chars=苏|E|D|5|1|7|2 clsScores=0.0001|0.9998|0.0001
NCNNSLOT RESULT role=rec mode=cpu LANDED=CPU engine=ncnn vkReq=0 vk=0 vkLayers=1/252 rep=1 match=1 code=苏ED5172 colour=蓝牌 total=44.4556 stages=31.4598|1.5247|10.1800|1.2787 chars=苏|E|D|5|1|7|2 clsScores=0.0001|0.9998|0.0001
NCNNSLOT RESULT role=rec mode=cpu LANDED=CPU engine=ncnn vkReq=0 vk=0 vkLayers=1/252 rep=2 match=1 code=苏ED5172 colour=蓝牌 total=53.1483 stages=33.4681|1.5580|16.2936|1.8159 chars=苏|E|D|5|1|7|2 clsScores=0.0001|0.9998|0.0001
NCNNSLOT LOAD role=rec mode=vulkan ok=1;slot=1;layers=252;inputs=in0;outputs=out0;requestedVulkan=1;effectiveVulkan=1;vkLayers=251/252;vkGpuCount=1;vkGpuName=Maleoon_920C;gpuProbe=ok=1;count=1;name=Maleoon 920C;driver=Maleoon 920C;api=4206867;fp16=111
NCNNSLOT RESULT role=rec mode=vulkan LANDED=GPU engine=ncnn vkReq=1 vk=1 vkLayers=251/252 rep=0 match=1 code=苏ED5172 colour=蓝牌 total=86.1372 stages=38.8564|1.5870|42.6131|3.0469 chars=苏|E|D|5|1|7|2 clsScores=0.0001|0.9998|0.0001
NCNNSLOT RESULT role=rec mode=vulkan LANDED=GPU engine=ncnn vkReq=1 vk=1 vkLayers=251/252 rep=1 match=1 code=苏ED5172 colour=蓝牌 total=109.3786 stages=53.5719|2.4509|48.0500|5.2581 chars=苏|E|D|5|1|7|2 clsScores=0.0001|0.9998|0.0001
NCNNSLOT RESULT role=rec mode=vulkan LANDED=GPU engine=ncnn vkReq=1 vk=1 vkLayers=251/252 rep=2 match=1 code=苏ED5172 colour=蓝牌 total=90.2784 stages=40.2494|1.5969|45.9798|2.4355 chars=苏|E|D|5|1|7|2 clsScores=0.0001|0.9998|0.0001
NCNNSLOT LOAD role=cls mode=cpu ok=1;slot=2;layers=78;inputs=in0;outputs=out0;requestedVulkan=0;effectiveVulkan=0;vkLayers=1/78;vkGpuCount=1;vkGpuName=Maleoon_920C;gpuProbe=not requested
NCNNSLOT RESULT role=cls mode=cpu LANDED=CPU engine=ncnn vkReq=0 vk=0 vkLayers=1/78 rep=0 match=1 code=苏ED5172 colour=蓝牌 total=35.4519 stages=28.6898|1.6052|3.1916|1.9586 chars=苏|E|D|5|1|7|2 clsScores=0.0001|0.9998|0.0001
NCNNSLOT RESULT role=cls mode=cpu LANDED=CPU engine=ncnn vkReq=0 vk=0 vkLayers=1/78 rep=1 match=1 code=苏ED5172 colour=蓝牌 total=44.3220 stages=38.2469|1.5989|3.2616|1.2088 chars=苏|E|D|5|1|7|2 clsScores=0.0001|0.9998|0.0001
NCNNSLOT RESULT role=cls mode=cpu LANDED=CPU engine=ncnn vkReq=0 vk=0 vkLayers=1/78 rep=2 match=1 code=苏ED5172 colour=蓝牌 total=43.2648 stages=36.9673|1.7308|3.2820|1.2783 chars=苏|E|D|5|1|7|2 clsScores=0.0001|0.9998|0.0001
NCNNSLOT LOAD role=cls mode=vulkan ok=1;slot=2;layers=78;inputs=in0;outputs=out0;requestedVulkan=1;effectiveVulkan=1;vkLayers=78/78;vkGpuCount=1;vkGpuName=Maleoon_920C;gpuProbe=ok=1;count=1;name=Maleoon 920C;driver=Maleoon 920C;api=4206867;fp16=111
NCNNSLOT RESULT role=cls mode=vulkan LANDED=GPU engine=ncnn vkReq=1 vk=1 vkLayers=78/78 rep=0 match=1 code=苏ED5172 colour=蓝牌 total=45.2520 stages=33.1102|1.6570|3.3067|7.1691 chars=苏|E|D|5|1|7|2 clsScores=0.0001|0.9998|0.0001
NCNNSLOT RESULT role=cls mode=vulkan LANDED=GPU engine=ncnn vkReq=1 vk=1 vkLayers=78/78 rep=1 match=1 code=苏ED5172 colour=蓝牌 total=46.9828 stages=35.3398|1.6169|3.2355|6.7819 chars=苏|E|D|5|1|7|2 clsScores=0.0001|0.9998|0.0001
NCNNSLOT RESULT role=cls mode=vulkan LANDED=GPU engine=ncnn vkReq=1 vk=1 vkLayers=78/78 rep=2 match=1 code=苏ED5172 colour=蓝牌 total=43.6448 stages=31.1370|2.0516|3.3398|7.1105 chars=苏|E|D|5|1|7|2 clsScores=0.0001|0.9998|0.0001
CANN ENUM ok=1;probe=nnrt+hiai;nnrt_runtime=soname;nnrt_core=soname;hiai_foundation=soname;cann_version=108.631.120.010;getAllDevices_rc=0;device_count=2;d0=id=8987859593747354028,name=HIAI_F,type=ACCELERATOR,nameRc=0,typeRc=0;d1=id=13306020061847651998,name=NPU_ohos.boot.hardware.kirin8020_v2_0,type=ACCELERATOR,nameRc=0,typeRc=0;
CANN TRY model=models/probe_hiai_imagenet.om size=2496459 ok=1;bytes=2496459;hiai_compat_code=0;hiai_compat_note=0=compatible,1=incompatible;construct=ok;picked_device=8987859593747354028;picked_device_all0=8987859593747354028;set_device_rc=0;build_rc=0;build_note=0=SUCCESS, else see OH_NN_ReturnCode;executor=ok;in_count=1;out_count=1;in0=name=data,dtype=FLOAT32,shape=[1x3x227x227];out0=name=output_0_prob_0,dtype=FLOAT32,shape=[1x1000x1x1];in_bytes=618348;out_bytes=4000;run_tensors=1in/1out;run_rc=0;run_ms_each=2.019|1.158|1.251;o0_sum=1.0005;o0_argmax=111;o0_max=0.1509;out_note=synthetic-input->argmax NOT meaningful;executor_destroyed=1;destroyed=1;
CANN TRY model=models/probe_om_lprnet.om size=916283 ok=1;bytes=916283;hiai_compat_code=0;hiai_compat_note=0=compatible,1=incompatible;construct=ok;picked_device=8987859593747354028;picked_device_all0=8987859593747354028;set_device_rc=0;build_rc=0;build_note=0=SUCCESS, else see OH_NN_ReturnCode;executor=ok;in_count=1;out_count=1;in0=name=input,dtype=FLOAT32,shape=[1x3x24x94];out0=name=output,dtype=FLOAT32,shape=[1x1x68x18];in_bytes=27072;out_bytes=4896;run_tensors=1in/1out;run_rc=0;run_ms_each=1.930|1.373|1.306;o0_sum=-62362.3169;o0_argmax=1206;o0_max=311.5000;out_note=synthetic-input->argmax NOT meaningful;executor_destroyed=1;destroyed=1;
CANN TRY model=models/probe_om_lprnet_npufix.om size=915413 ok=1;bytes=915413;hiai_compat_code=0;hiai_compat_note=0=compatible,1=incompatible;construct=ok;picked_device=8987859593747354028;picked_device_all0=8987859593747354028;set_device_rc=0;build_rc=0;build_note=0=SUCCESS, else see OH_NN_ReturnCode;executor=ok;in_count=1;out_count=1;in0=name=input,dtype=FLOAT32,shape=[1x3x24x94];out0=name=output,dtype=FLOAT32,shape=[1x1x68x18];in_bytes=27072;out_bytes=4896;run_tensors=1in/1out;run_rc=0;run_ms_each=1.856|1.240|1.110;o0_sum=-62362.3169;o0_argmax=1206;o0_max=311.5000;out_note=synthetic-input->argmax NOT meaningful;executor_destroyed=1;destroyed=1;
CANN TRY model=models/probe_om_det.om size=1948509 ok=1;bytes=1948509;hiai_compat_code=1;hiai_compat_note=0=compatible,1=incompatible;construct=ok;picked_device=8987859593747354028;picked_device_all0=8987859593747354028;set_device_rc=0;build_rc=1;build_note=0=SUCCESS, else see OH_NN_ReturnCode;destroyed=1;
CANN TRY model=models/probe_om_dethead.om size=1010950 ok=1;bytes=1010950;hiai_compat_code=0;hiai_compat_note=0=compatible,1=incompatible;construct=ok;picked_device=8987859593747354028;picked_device_all0=8987859593747354028;set_device_rc=0;build_rc=0;build_note=0=SUCCESS, else see OH_NN_ReturnCode;executor=ok;in_count=1;out_count=3;in0=name=input,dtype=FLOAT32,shape=[1x3x320x320];out0=name=948,dtype=FLOAT32,shape=[1x45x40x40];out1=name=1061,dtype=FLOAT32,shape=[1x45x20x20];out2=name=1174,dtype=FLOAT32,shape=[1x45x10x10];in_bytes=1228800;out_bytes=378000;run_tensors=1in/3out;run_rc=0;run_ms_each=4.290|3.530|3.449;o0_sum=-25055.3415;o0_argmax=28756;o0_max=6.5898;o1_sum=-11325.9309;o1_argmax=11231;o1_max=5.9961;o2_sum=-3700.2237;o2_argmax=2888;o2_max=5.0664;out_note=synthetic-input->argmax NOT meaningful;executor_destroyed=1;destroyed=1;
CANN TRY model=models/probe_om_rec.om size=5041253 ok=1;bytes=5041253;hiai_compat_code=0;hiai_compat_note=0=compatible,1=incompatible;construct=ok;picked_device=8987859593747354028;picked_device_all0=8987859593747354028;set_device_rc=0;build_rc=0;build_note=0=SUCCESS, else see OH_NN_ReturnCode;executor=ok;in_count=1;out_count=1;in0=name=data,dtype=FLOAT32,shape=[1x3x48x160];out0=name=output,dtype=FLOAT32,shape=[1x1x20x78];in_bytes=92160;out_bytes=6240;run_tensors=1in/1out;run_rc=0;run_ms_each=4.001|3.821|5.724;o0_sum=19.9978;o0_argmax=1326;o0_max=0.8359;out_note=synthetic-input->argmax NOT meaningful;executor_destroyed=1;destroyed=1;
CANN TRY model=models/probe_om_cls.om size=841728 ok=1;bytes=841728;hiai_compat_code=0;hiai_compat_note=0=compatible,1=incompatible;construct=ok;picked_device=8987859593747354028;picked_device_all0=8987859593747354028;set_device_rc=0;build_rc=0;build_note=0=SUCCESS, else see OH_NN_ReturnCode;executor=ok;in_count=1;out_count=1;in0=name=data,dtype=FLOAT32,shape=[1x3x96x96];out0=name=output,dtype=FLOAT32,shape=[1x3x1x1];in_bytes=110592;out_bytes=12;run_tensors=1in/1out;run_rc=0;run_ms_each=1.532|0.992|1.060;o0_sum=0.9981;o0_argmax=0;o0_max=0.9980;out_note=synthetic-input->argmax NOT meaningful;executor_destroyed=1;destroyed=1;
CANN TRY model=models/y5fu_320x_head_fp32.ms size=1847336 ok=1;bytes=1847336;hiai_compat_code=1;hiai_compat_note=0=compatible,1=incompatible;construct=ok;picked_device=8987859593747354028;picked_device_all0=8987859593747354028;set_device_rc=0;build_rc=1;build_note=0=SUCCESS, else see OH_NN_ReturnCode;destroyed=1;
CANN TRY model=models/rpv3_mdict_160_r3.ms size=4480304 ok=1;bytes=4480304;hiai_compat_code=1;hiai_compat_note=0=compatible,1=incompatible;construct=ok;picked_device=8987859593747354028;picked_device_all0=8987859593747354028;set_device_rc=0;build_rc=1;build_note=0=SUCCESS, else see OH_NN_ReturnCode;destroyed=1;
CANN TRY model=models/litemodel_cls_96x_r1.ms size=817432 ok=1;bytes=817432;hiai_compat_code=1;hiai_compat_note=0=compatible,1=incompatible;construct=ok;picked_device=8987859593747354028;picked_device_all0=8987859593747354028;set_device_rc=0;build_rc=1;build_note=0=SUCCESS, else see OH_NN_ReturnCode;destroyed=1;
E2EMATRIX LOAD role=det backend=cpu ok=1;id=0;cached=1;name=models/y5fu_320x_head_fp32.ms;backend=CPU;requested=cpu;fallbackFrom=;attemptLog=CPU(ok);inputName=input;outputName=948;inputShape=[1,320,320,3];outputShape=[1,45,40,40];inputFormat=NHWC;outputFormat=NCHW;inputElems=307200;outputElems=72000;error=
E2EMATRIX RESULT role=det backend=cpu LANDED=CPU engine=ms req=cpu fallback= rep=0 match=1 code=苏ED5172 total=39.2034 stages=33.2391|1.6000|3.2550|1.0983 trail=CPU(ok)
E2EMATRIX RESULT role=det backend=cpu LANDED=CPU engine=ms req=cpu fallback= rep=1 match=1 code=苏ED5172 total=38.2030 stages=30.7323|2.1844|3.6622|1.6091 trail=CPU(ok)
E2EMATRIX RESULT role=det backend=cpu LANDED=CPU engine=ms req=cpu fallback= rep=2 match=1 code=苏ED5172 total=45.5052 stages=39.0381|2.0647|3.3106|1.0820 trail=CPU(ok)
E2EMATRIX LOAD role=det backend=nnrt ok=1;id=3;cached=1;name=models/y5fu_320x_head_fp32.ms;backend=NNRT:NPU_ohos.boot.hardware.kirin8020_v2_0;requested=nnrt;fallbackFrom=;attemptLog=NNRT:NPU_ohos.boot.hardware.kirin8020_v2_0(ok);inputName=input;outputName=948;inputShape=[1,320,320,3];outputShape=[1,45,40,40];inputFormat=NHWC;outputFormat=NCHW;inputElems=307200;outputElems=72000;error=
E2EMATRIX RESULT role=det backend=nnrt LANDED=NNRT:NPU_ohos.boot.hardware.kirin8020_v2_0 engine=ms req=nnrt fallback= rep=0 match=0 code=苏E05172 total=29.6642 stages=19.2900|4.2419|3.8245|2.2913 trail=NNRT:NPU_ohos.boot.hardware.kirin8020_v2_0(ok)
E2EMATRIX RESULT role=det backend=nnrt LANDED=NNRT:NPU_ohos.boot.hardware.kirin8020_v2_0 engine=ms req=nnrt fallback= rep=1 match=0 code=苏E05172 total=36.7637 stages=23.5531|5.7277|4.4345|3.0167 trail=NNRT:NPU_ohos.boot.hardware.kirin8020_v2_0(ok)
E2EMATRIX RESULT role=det backend=nnrt LANDED=NNRT:NPU_ohos.boot.hardware.kirin8020_v2_0 engine=ms req=nnrt fallback= rep=2 match=0 code=苏E05172 total=33.4770 stages=22.8239|4.3627|3.9613|2.3122 trail=NNRT:NPU_ohos.boot.hardware.kirin8020_v2_0(ok)
E2EMATRIX LOAD role=det backend=nnrt_fp32 ok=1;id=4;cached=0;name=models/y5fu_320x_head_fp32.ms;backend=NNRT:NPU_ohos.boot.hardware.kirin8020_v2_0#fp32;requested=nnrt_fp32;fallbackFrom=;attemptLog=NNRT:NPU_ohos.boot.hardware.kirin8020_v2_0#fp32(ok);inputName=input;outputName=948;inputShape=[1,320,320,3];outputShape=[1,45,40,40];inputFormat=NHWC;outputFormat=NCHW;inputElems=307200;outputElems=72000;error=
E2EMATRIX RESULT role=det backend=nnrt_fp32 LANDED=NNRT:NPU_ohos.boot.hardware.kirin8020_v2_0#fp32 engine=ms req=nnrt_fp32 fallback= rep=0 match=0 code=苏E05172 total=21.4403 stages=12.9713|3.7994|3.3222|1.3325 trail=NNRT:NPU_ohos.boot.hardware.kirin8020_v2_0#fp32(ok)
E2EMATRIX RESULT role=det backend=nnrt_fp32 LANDED=NNRT:NPU_ohos.boot.hardware.kirin8020_v2_0#fp32 engine=ms req=nnrt_fp32 fallback= rep=1 match=0 code=苏E05172 total=26.6302 stages=16.7866|4.1383|3.6634|2.0269 trail=NNRT:NPU_ohos.boot.hardware.kirin8020_v2_0#fp32(ok)
E2EMATRIX RESULT role=det backend=nnrt_fp32 LANDED=NNRT:NPU_ohos.boot.hardware.kirin8020_v2_0#fp32 engine=ms req=nnrt_fp32 fallback= rep=2 match=0 code=苏E05172 total=37.3092 stages=23.9759|5.6216|4.6267|3.0514 trail=NNRT:NPU_ohos.boot.hardware.kirin8020_v2_0#fp32(ok)
E2EMATRIX LOAD role=det backend=gpu ok=1;id=5;cached=0;name=models/y5fu_320x_head_fp32.ms;backend=CPU;requested=gpu;fallbackFrom=GPU:fp16;attemptLog=GPU:fp16(fail) GPU:fp32(fail) CPU(ok);inputName=input;outputName=948;inputShape=[1,320,320,3];outputShape=[1,45,40,40];inputFormat=NHWC;outputFormat=NCHW;inputElems=307200;outputElems=72000;error=
E2EMATRIX RESULT role=det backend=gpu LANDED=CPU engine=ms req=gpu fallback=GPU:fp16 rep=0 match=1 code=苏ED5172 total=34.7853 stages=27.2547|2.6791|3.5791|1.2564 trail=GPU:fp16(fail) GPU:fp32(fail) CPU(ok)
E2EMATRIX RESULT role=det backend=gpu LANDED=CPU engine=ms req=gpu fallback=GPU:fp16 rep=1 match=1 code=苏ED5172 total=33.0677 stages=25.0892|3.1383|3.6236|1.2066 trail=GPU:fp16(fail) GPU:fp32(fail) CPU(ok)
E2EMATRIX RESULT role=det backend=gpu LANDED=CPU engine=ms req=gpu fallback=GPU:fp16 rep=2 match=1 code=苏ED5172 total=27.9042 stages=21.2077|2.2197|3.3919|1.0722 trail=GPU:fp16(fail) GPU:fp32(fail) CPU(ok)
E2EMATRIX LOAD role=det backend=kirin ok=1;id=6;cached=0;name=models/y5fu_320x_head_fp32.ms;backend=CPU;requested=kirin;fallbackFrom=KIRIN_NPU;attemptLog=KIRIN_NPU(fail) CPU(ok);inputName=input;outputName=948;inputShape=[1,320,320,3];outputShape=[1,45,40,40];inputFormat=NHWC;outputFormat=NCHW;inputElems=307200;outputElems=72000;error=
E2EMATRIX RESULT role=det backend=kirin LANDED=CPU engine=ms req=kirin fallback=KIRIN_NPU rep=0 match=1 code=苏ED5172 total=32.7247 stages=25.7852|2.2078|3.4427|1.2766 trail=KIRIN_NPU(fail) CPU(ok)
E2EMATRIX RESULT role=det backend=kirin LANDED=CPU engine=ms req=kirin fallback=KIRIN_NPU rep=1 match=1 code=苏ED5172 total=34.0011 stages=26.9625|2.2227|3.4880|1.3105 trail=KIRIN_NPU(fail) CPU(ok)
E2EMATRIX RESULT role=det backend=kirin LANDED=CPU engine=ms req=kirin fallback=KIRIN_NPU rep=2 match=1 code=苏ED5172 total=32.6561 stages=24.5891|2.8247|3.7017|1.5259 trail=KIRIN_NPU(fail) CPU(ok)
E2EMATRIX LOAD role=rec backend=cpu ok=1;id=7;cached=0;name=models/rpv3_mdict_160_r3.ms;backend=CPU;requested=cpu;fallbackFrom=;attemptLog=CPU(ok);inputName=data;outputName=output;inputShape=[1,48,160,3];outputShape=[1,20,78];inputFormat=NHWC;outputFormat=NHWC;inputElems=23040;outputElems=1560;error=
E2EMATRIX RESULT role=rec backend=cpu LANDED=CPU engine=ms req=cpu fallback= rep=0 match=1 code=苏ED5172 total=61.8750 stages=40.5514|1.6966|18.3041|1.3053 trail=CPU(ok)
E2EMATRIX RESULT role=rec backend=cpu LANDED=CPU engine=ms req=cpu fallback= rep=1 match=1 code=苏ED5172 total=85.7333 stages=51.0820|3.5994|29.5891|1.4458 trail=CPU(ok)
E2EMATRIX RESULT role=rec backend=cpu LANDED=CPU engine=ms req=cpu fallback= rep=2 match=1 code=苏ED5172 total=63.0233 stages=43.0411|2.0439|16.5559|1.3652 trail=CPU(ok)
E2EMATRIX LOAD role=rec backend=nnrt ok=1;id=1;cached=1;name=models/rpv3_mdict_160_r3.ms;backend=NNRT:NPU_ohos.boot.hardware.kirin8020_v2_0;requested=nnrt;fallbackFrom=;attemptLog=NNRT:NPU_ohos.boot.hardware.kirin8020_v2_0(ok);inputName=data;outputName=output;inputShape=[1,48,160,3];outputShape=[1,20,78];inputFormat=NHWC;outputFormat=NHWC;inputElems=23040;outputElems=1560;error=
E2EMATRIX RESULT role=rec backend=nnrt LANDED=NNRT:NPU_ohos.boot.hardware.kirin8020_v2_0 engine=ms req=nnrt fallback= rep=0 match=1 code=苏ED5172 total=38.3530 stages=31.5166|2.0545|3.6311|1.1377 trail=NNRT:NPU_ohos.boot.hardware.kirin8020_v2_0(ok)
E2EMATRIX RESULT role=rec backend=nnrt LANDED=NNRT:NPU_ohos.boot.hardware.kirin8020_v2_0 engine=ms req=nnrt fallback= rep=1 match=1 code=苏ED5172 total=42.4102 stages=36.3695|1.5402|3.4306|1.0594 trail=NNRT:NPU_ohos.boot.hardware.kirin8020_v2_0(ok)
E2EMATRIX RESULT role=rec backend=nnrt LANDED=NNRT:NPU_ohos.boot.hardware.kirin8020_v2_0 engine=ms req=nnrt fallback= rep=2 match=1 code=苏ED5172 total=52.8281 stages=46.8519|1.5844|3.2934|1.0881 trail=NNRT:NPU_ohos.boot.hardware.kirin8020_v2_0(ok)
E2EMATRIX LOAD role=rec backend=nnrt_fp32 ok=1;id=8;cached=0;name=models/rpv3_mdict_160_r3.ms;backend=NNRT:NPU_ohos.boot.hardware.kirin8020_v2_0#fp32;requested=nnrt_fp32;fallbackFrom=;attemptLog=NNRT:NPU_ohos.boot.hardware.kirin8020_v2_0#fp32(ok);inputName=data;outputName=output;inputShape=[1,48,160,3];outputShape=[1,20,78];inputFormat=NHWC;outputFormat=NHWC;inputElems=23040;outputElems=1560;error=
E2EMATRIX RESULT role=rec backend=nnrt_fp32 LANDED=NNRT:NPU_ohos.boot.hardware.kirin8020_v2_0#fp32 engine=ms req=nnrt_fp32 fallback= rep=0 match=1 code=苏ED5172 total=40.1217 stages=33.7750|1.9123|3.2964|1.1252 trail=NNRT:NPU_ohos.boot.hardware.kirin8020_v2_0#fp32(ok)
E2EMATRIX RESULT role=rec backend=nnrt_fp32 LANDED=NNRT:NPU_ohos.boot.hardware.kirin8020_v2_0#fp32 engine=ms req=nnrt_fp32 fallback= rep=1 match=1 code=苏ED5172 total=33.5109 stages=27.0325|2.0573|3.3302|1.0750 trail=NNRT:NPU_ohos.boot.hardware.kirin8020_v2_0#fp32(ok)
E2EMATRIX RESULT role=rec backend=nnrt_fp32 LANDED=NNRT:NPU_ohos.boot.hardware.kirin8020_v2_0#fp32 engine=ms req=nnrt_fp32 fallback= rep=2 match=1 code=苏ED5172 total=48.0064 stages=41.8567|1.7373|3.2897|1.1114 trail=NNRT:NPU_ohos.boot.hardware.kirin8020_v2_0#fp32(ok)
E2EMATRIX LOAD role=rec backend=gpu ok=1;id=9;cached=0;name=models/rpv3_mdict_160_r3.ms;backend=CPU;requested=gpu;fallbackFrom=GPU:fp16;attemptLog=GPU:fp16(fail) GPU:fp32(fail) CPU(ok);inputName=data;outputName=output;inputShape=[1,48,160,3];outputShape=[1,20,78];inputFormat=NHWC;outputFormat=NHWC;inputElems=23040;outputElems=1560;error=
E2EMATRIX RESULT role=rec backend=gpu LANDED=CPU engine=ms req=gpu fallback=GPU:fp16 rep=0 match=1 code=苏ED5172 total=54.6039 stages=34.5830|1.7769|16.9677|1.2612 trail=GPU:fp16(fail) GPU:fp32(fail) CPU(ok)
E2EMATRIX RESULT role=rec backend=gpu LANDED=CPU engine=ms req=gpu fallback=GPU:fp16 rep=1 match=1 code=苏ED5172 total=65.7134 stages=40.6178|2.0030|21.8542|1.2186 trail=GPU:fp16(fail) GPU:fp32(fail) CPU(ok)
E2EMATRIX RESULT role=rec backend=gpu LANDED=CPU engine=ms req=gpu fallback=GPU:fp16 rep=2 match=1 code=苏ED5172 total=58.7522 stages=38.1628|1.8306|17.4561|1.2864 trail=GPU:fp16(fail) GPU:fp32(fail) CPU(ok)
E2EMATRIX LOAD role=rec backend=kirin ok=1;id=10;cached=0;name=models/rpv3_mdict_160_r3.ms;backend=CPU;requested=kirin;fallbackFrom=KIRIN_NPU;attemptLog=KIRIN_NPU(fail) CPU(ok);inputName=data;outputName=output;inputShape=[1,48,160,3];outputShape=[1,20,78];inputFormat=NHWC;outputFormat=NHWC;inputElems=23040;outputElems=1560;error=
E2EMATRIX RESULT role=rec backend=kirin LANDED=CPU engine=ms req=kirin fallback=KIRIN_NPU rep=0 match=1 code=苏ED5172 total=79.2853 stages=54.3619|2.0742|20.0767|1.2323 trail=KIRIN_NPU(fail) CPU(ok)
E2EMATRIX RESULT role=rec backend=kirin LANDED=CPU engine=ms req=kirin fallback=KIRIN_NPU rep=1 match=1 code=苏ED5172 total=42.1630 stages=24.0541|1.7169|15.3280|1.0541 trail=KIRIN_NPU(fail) CPU(ok)
E2EMATRIX RESULT role=rec backend=kirin LANDED=CPU engine=ms req=kirin fallback=KIRIN_NPU rep=2 match=1 code=苏ED5172 total=53.4211 stages=34.7856|2.0797|15.5444|0.9975 trail=KIRIN_NPU(fail) CPU(ok)
E2EMATRIX LOAD role=cls backend=cpu ok=1;id=2;cached=1;name=models/litemodel_cls_96x_r1.ms;backend=CPU;requested=cpu;fallbackFrom=;attemptLog=CPU(ok);inputName=data;outputName=output;inputShape=[1,96,96,3];outputShape=[1,3];inputFormat=NHWC;outputFormat=NCHW;inputElems=27648;outputElems=3;error=
E2EMATRIX RESULT role=cls backend=cpu LANDED=CPU engine=ms req=cpu fallback= rep=0 match=1 code=苏ED5172 total=35.8272 stages=29.2316|1.8717|3.5305|1.1819 trail=CPU(ok)
E2EMATRIX RESULT role=cls backend=cpu LANDED=CPU engine=ms req=cpu fallback= rep=1 match=1 code=苏ED5172 total=43.7972 stages=36.7025|2.1450|3.6698|1.2691 trail=CPU(ok)
E2EMATRIX RESULT role=cls backend=cpu LANDED=CPU engine=ms req=cpu fallback= rep=2 match=1 code=苏ED5172 total=45.2386 stages=38.4811|1.9927|3.4281|1.3220 trail=CPU(ok)
E2EMATRIX LOAD role=cls backend=nnrt ok=1;id=11;cached=0;name=models/litemodel_cls_96x_r1.ms;backend=CPU;requested=nnrt;fallbackFrom=NNRT:NPU_ohos.boot.hardware.kirin8020_v2_0;attemptLog=NNRT:NPU_ohos.boot.hardware.kirin8020_v2_0(fail) NNRT:HIAI_F(fail) CPU(ok);inputName=data;outputName=output;inputShape=[1,96,96,3];outputShape=[1,3];inputFormat=NHWC;outputFormat=NCHW;inputElems=27648;outputElems=3;error=
E2EMATRIX RESULT role=cls backend=nnrt LANDED=CPU engine=ms req=nnrt fallback=NNRT:NPU_ohos.boot.hardware.kirin8020_v2_0 rep=0 match=1 code=苏ED5172 total=32.6275 stages=25.5706|2.1873|3.5672|1.2892 trail=NNRT:NPU_ohos.boot.hardware.kirin8020_v2_0(fail) NNRT:HIAI_F(fail) CPU(ok)
E2EMATRIX RESULT role=cls backend=nnrt LANDED=CPU engine=ms req=nnrt fallback=NNRT:NPU_ohos.boot.hardware.kirin8020_v2_0 rep=1 match=1 code=苏ED5172 total=38.2498 stages=32.4283|1.5686|3.2348|1.0038 trail=NNRT:NPU_ohos.boot.hardware.kirin8020_v2_0(fail) NNRT:HIAI_F(fail) CPU(ok)
E2EMATRIX RESULT role=cls backend=nnrt LANDED=CPU engine=ms req=nnrt fallback=NNRT:NPU_ohos.boot.hardware.kirin8020_v2_0 rep=2 match=1 code=苏ED5172 total=39.7583 stages=33.8519|1.5767|3.3131|1.0073 trail=NNRT:NPU_ohos.boot.hardware.kirin8020_v2_0(fail) NNRT:HIAI_F(fail) CPU(ok)
E2EMATRIX LOAD role=cls backend=nnrt_fp32 ok=1;id=12;cached=0;name=models/litemodel_cls_96x_r1.ms;backend=CPU;requested=nnrt_fp32;fallbackFrom=NNRT:NPU_ohos.boot.hardware.kirin8020_v2_0#fp32;attemptLog=NNRT:NPU_ohos.boot.hardware.kirin8020_v2_0#fp32(fail) NNRT:HIAI_F#fp32(fail) CPU(ok);inputName=data;outputName=output;inputShape=[1,96,96,3];outputShape=[1,3];inputFormat=NHWC;outputFormat=NCHW;inputElems=27648;outputElems=3;error=
E2EMATRIX RESULT role=cls backend=nnrt_fp32 LANDED=CPU engine=ms req=nnrt_fp32 fallback=NNRT:NPU_ohos.boot.hardware.kirin8020_v2_0#fp32 rep=0 match=1 code=苏ED5172 total=43.3203 stages=37.4350|1.5716|3.3105|0.9909 trail=NNRT:NPU_ohos.boot.hardware.kirin8020_v2_0#fp32(fail) NNRT:HIAI_F#fp32(fail) CPU(ok)
E2EMATRIX RESULT role=cls backend=nnrt_fp32 LANDED=CPU engine=ms req=nnrt_fp32 fallback=NNRT:NPU_ohos.boot.hardware.kirin8020_v2_0#fp32 rep=1 match=1 code=苏ED5172 total=38.9616 stages=33.2575|1.3167|3.3402|1.0359 trail=NNRT:NPU_ohos.boot.hardware.kirin8020_v2_0#fp32(fail) NNRT:HIAI_F#fp32(fail) CPU(ok)
E2EMATRIX RESULT role=cls backend=nnrt_fp32 LANDED=CPU engine=ms req=nnrt_fp32 fallback=NNRT:NPU_ohos.boot.hardware.kirin8020_v2_0#fp32 rep=2 match=1 code=苏ED5172 total=38.1484 stages=31.8222|1.7850|3.4398|1.0863 trail=NNRT:NPU_ohos.boot.hardware.kirin8020_v2_0#fp32(fail) NNRT:HIAI_F#fp32(fail) CPU(ok)
E2EMATRIX LOAD role=cls backend=gpu ok=1;id=13;cached=0;name=models/litemodel_cls_96x_r1.ms;backend=CPU;requested=gpu;fallbackFrom=GPU:fp16;attemptLog=GPU:fp16(fail) GPU:fp32(fail) CPU(ok);inputName=data;outputName=output;inputShape=[1,96,96,3];outputShape=[1,3];inputFormat=NHWC;outputFormat=NCHW;inputElems=27648;outputElems=3;error=
E2EMATRIX RESULT role=cls backend=gpu LANDED=CPU engine=ms req=gpu fallback=GPU:fp16 rep=0 match=1 code=苏ED5172 total=39.5187 stages=33.2637|1.7873|3.4150|1.0422 trail=GPU:fp16(fail) GPU:fp32(fail) CPU(ok)
E2EMATRIX RESULT role=cls backend=gpu LANDED=CPU engine=ms req=gpu fallback=GPU:fp16 rep=1 match=1 code=苏ED5172 total=40.4755 stages=34.4664|1.7119|3.2842|1.0023 trail=GPU:fp16(fail) GPU:fp32(fail) CPU(ok)
E2EMATRIX RESULT role=cls backend=gpu LANDED=CPU engine=ms req=gpu fallback=GPU:fp16 rep=2 match=1 code=苏ED5172 total=40.0425 stages=33.4391|1.8164|3.5355|1.2388 trail=GPU:fp16(fail) GPU:fp32(fail) CPU(ok)
E2EMATRIX LOAD role=cls backend=kirin ok=1;id=14;cached=0;name=models/litemodel_cls_96x_r1.ms;backend=CPU;requested=kirin;fallbackFrom=KIRIN_NPU;attemptLog=KIRIN_NPU(fail) CPU(ok);inputName=data;outputName=output;inputShape=[1,96,96,3];outputShape=[1,3];inputFormat=NHWC;outputFormat=NCHW;inputElems=27648;outputElems=3;error=
E2EMATRIX RESULT role=cls backend=kirin LANDED=CPU engine=ms req=kirin fallback=KIRIN_NPU rep=0 match=1 code=苏ED5172 total=41.0323 stages=35.3733|1.3470|3.3159|0.9834 trail=KIRIN_NPU(fail) CPU(ok)
E2EMATRIX RESULT role=cls backend=kirin LANDED=CPU engine=ms req=kirin fallback=KIRIN_NPU rep=1 match=1 code=苏ED5172 total=39.7827 stages=32.7094|1.7914|4.2505|1.0186 trail=KIRIN_NPU(fail) CPU(ok)
E2EMATRIX RESULT role=cls backend=kirin LANDED=CPU engine=ms req=kirin fallback=KIRIN_NPU rep=2 match=1 code=苏ED5172 total=40.2278 stages=34.3995|1.5961|3.2737|0.9458 trail=KIRIN_NPU(fail) CPU(ok)
E2EMATRIX LOAD role=cls-fp32 backend=cpu ok=1;id=15;cached=0;name=models/litemodel_cls_96x_r1_fp32.ms;backend=CPU;requested=cpu;fallbackFrom=;attemptLog=CPU(ok);inputName=data;outputName=output;inputShape=[1,96,96,3];outputShape=[1,3];inputFormat=NHWC;outputFormat=NCHW;inputElems=27648;outputElems=3;error=
E2EMATRIX RESULT role=cls-fp32 backend=cpu LANDED=CPU engine=ms req=cpu fallback= rep=0 match=1 code=苏ED5172 total=40.6944 stages=33.9502|2.0170|3.5772|1.1392 trail=CPU(ok)
E2EMATRIX RESULT role=cls-fp32 backend=cpu LANDED=CPU engine=ms req=cpu fallback= rep=1 match=1 code=苏ED5172 total=42.9809 stages=36.9264|1.6934|3.2698|1.0816 trail=CPU(ok)
E2EMATRIX RESULT role=cls-fp32 backend=cpu LANDED=CPU engine=ms req=cpu fallback= rep=2 match=1 code=苏ED5172 total=35.2617 stages=29.3698|1.6092|3.3222|0.9509 trail=CPU(ok)
E2EMATRIX LOAD role=cls-fp32 backend=nnrt ok=1;id=16;cached=0;name=models/litemodel_cls_96x_r1_fp32.ms;backend=NNRT:NPU_ohos.boot.hardware.kirin8020_v2_0;requested=nnrt;fallbackFrom=;attemptLog=NNRT:NPU_ohos.boot.hardware.kirin8020_v2_0(ok);inputName=data;outputName=output;inputShape=[1,96,96,3];outputShape=[1,3];inputFormat=NHWC;outputFormat=NCHW;inputElems=27648;outputElems=3;error=
E2EMATRIX RESULT role=cls-fp32 backend=nnrt LANDED=NNRT:NPU_ohos.boot.hardware.kirin8020_v2_0 engine=ms req=nnrt fallback= rep=0 match=1 code=苏ED5172 total=43.8881 stages=36.8764|2.1205|3.5770|1.3012 trail=NNRT:NPU_ohos.boot.hardware.kirin8020_v2_0(ok)
E2EMATRIX RESULT role=cls-fp32 backend=nnrt LANDED=NNRT:NPU_ohos.boot.hardware.kirin8020_v2_0 engine=ms req=nnrt fallback= rep=1 match=1 code=苏ED5172 total=64.1520 stages=57.9286|1.7761|3.2883|1.1480 trail=NNRT:NPU_ohos.boot.hardware.kirin8020_v2_0(ok)
E2EMATRIX RESULT role=cls-fp32 backend=nnrt LANDED=NNRT:NPU_ohos.boot.hardware.kirin8020_v2_0 engine=ms req=nnrt fallback= rep=2 match=1 code=苏ED5172 total=40.1517 stages=33.9098|1.7247|3.3453|1.1628 trail=NNRT:NPU_ohos.boot.hardware.kirin8020_v2_0(ok)
E2EMATRIX LOAD role=cls-fp32 backend=nnrt_fp32 ok=1;id=17;cached=0;name=models/litemodel_cls_96x_r1_fp32.ms;backend=NNRT:NPU_ohos.boot.hardware.kirin8020_v2_0#fp32;requested=nnrt_fp32;fallbackFrom=;attemptLog=NNRT:NPU_ohos.boot.hardware.kirin8020_v2_0#fp32(ok);inputName=data;outputName=output;inputShape=[1,96,96,3];outputShape=[1,3];inputFormat=NHWC;outputFormat=NCHW;inputElems=27648;outputElems=3;error=
E2EMATRIX RESULT role=cls-fp32 backend=nnrt_fp32 LANDED=NNRT:NPU_ohos.boot.hardware.kirin8020_v2_0#fp32 engine=ms req=nnrt_fp32 fallback= rep=0 match=1 code=苏ED5172 total=55.2477 stages=46.2108|3.5745|4.0092|1.4425 trail=NNRT:NPU_ohos.boot.hardware.kirin8020_v2_0#fp32(ok)
E2EMATRIX RESULT role=cls-fp32 backend=nnrt_fp32 LANDED=NNRT:NPU_ohos.boot.hardware.kirin8020_v2_0#fp32 engine=ms req=nnrt_fp32 fallback= rep=1 match=1 code=苏ED5172 total=45.4592 stages=39.1047|1.7856|3.4097|1.1498 trail=NNRT:NPU_ohos.boot.hardware.kirin8020_v2_0#fp32(ok)
E2EMATRIX RESULT role=cls-fp32 backend=nnrt_fp32 LANDED=NNRT:NPU_ohos.boot.hardware.kirin8020_v2_0#fp32 engine=ms req=nnrt_fp32 fallback= rep=2 match=1 code=苏ED5172 total=72.7656 stages=57.0756|7.6061|5.8622|2.1981 trail=NNRT:NPU_ohos.boot.hardware.kirin8020_v2_0#fp32(ok)
E2EMATRIX LOAD role=cls-fp32 backend=gpu ok=1;id=18;cached=0;name=models/litemodel_cls_96x_r1_fp32.ms;backend=CPU;requested=gpu;fallbackFrom=GPU:fp16;attemptLog=GPU:fp16(fail) GPU:fp32(fail) CPU(ok);inputName=data;outputName=output;inputShape=[1,96,96,3];outputShape=[1,3];inputFormat=NHWC;outputFormat=NCHW;inputElems=27648;outputElems=3;error=
E2EMATRIX RESULT role=cls-fp32 backend=gpu LANDED=CPU engine=ms req=gpu fallback=GPU:fp16 rep=0 match=1 code=苏ED5172 total=51.8391 stages=44.4041|2.5539|3.5975|1.2722 trail=GPU:fp16(fail) GPU:fp32(fail) CPU(ok)
E2EMATRIX RESULT role=cls-fp32 backend=gpu LANDED=CPU engine=ms req=gpu fallback=GPU:fp16 rep=1 match=1 code=苏ED5172 total=66.7487 stages=59.6773|2.1327|3.5186|1.4088 trail=GPU:fp16(fail) GPU:fp32(fail) CPU(ok)
E2EMATRIX RESULT role=cls-fp32 backend=gpu LANDED=CPU engine=ms req=gpu fallback=GPU:fp16 rep=2 match=1 code=苏ED5172 total=57.2186 stages=48.9683|2.8127|3.7736|1.6487 trail=GPU:fp16(fail) GPU:fp32(fail) CPU(ok)
E2EMATRIX LOAD role=cls-fp32 backend=kirin ok=1;id=19;cached=0;name=models/litemodel_cls_96x_r1_fp32.ms;backend=CPU;requested=kirin;fallbackFrom=KIRIN_NPU;attemptLog=KIRIN_NPU(fail) CPU(ok);inputName=data;outputName=output;inputShape=[1,96,96,3];outputShape=[1,3];inputFormat=NHWC;outputFormat=NCHW;inputElems=27648;outputElems=3;error=
E2EMATRIX RESULT role=cls-fp32 backend=kirin LANDED=CPU engine=ms req=kirin fallback=KIRIN_NPU rep=0 match=1 code=苏ED5172 total=42.3930 stages=35.8564|1.9264|3.4447|1.1522 trail=KIRIN_NPU(fail) CPU(ok)
E2EMATRIX RESULT role=cls-fp32 backend=kirin LANDED=CPU engine=ms req=kirin fallback=KIRIN_NPU rep=1 match=1 code=苏ED5172 total=59.1637 stages=52.1862|2.1894|3.5217|1.2545 trail=KIRIN_NPU(fail) CPU(ok)
E2EMATRIX RESULT role=cls-fp32 backend=kirin LANDED=CPU engine=ms req=kirin fallback=KIRIN_NPU rep=2 match=1 code=苏ED5172 total=36.6856 stages=30.5812|1.6837|3.3313|1.0811 trail=KIRIN_NPU(fail) CPU(ok)
NCNNSLOT LOAD role=rec mode=cpu ok=1;slot=1;layers=252;inputs=in0;outputs=out0;requestedVulkan=0;effectiveVulkan=0;vkLayers=1/252;vkGpuCount=1;vkGpuName=Maleoon_920C;gpuProbe=not requested
NCNNSLOT RESULT role=rec mode=cpu LANDED=CPU engine=ncnn vkReq=0 vk=0 vkLayers=1/252 rep=0 match=1 code=苏ED5172 colour=蓝牌 total=53.8900 stages=39.2319|1.9977|11.3550|1.2920 chars=苏|E|D|5|1|7|2 clsScores=0.0001|0.9998|0.0001
NCNNSLOT RESULT role=rec mode=cpu LANDED=CPU engine=ncnn vkReq=0 vk=0 vkLayers=1/252 rep=1 match=1 code=苏ED5172 colour=蓝牌 total=51.8047 stages=34.5189|2.1650|13.6622|1.4452 chars=苏|E|D|5|1|7|2 clsScores=0.0001|0.9998|0.0001
NCNNSLOT RESULT role=rec mode=cpu LANDED=CPU engine=ncnn vkReq=0 vk=0 vkLayers=1/252 rep=2 match=1 code=苏ED5172 colour=蓝牌 total=55.6583 stages=39.4745|2.1641|12.5552|1.4486 chars=苏|E|D|5|1|7|2 clsScores=0.0001|0.9998|0.0001
NCNNSLOT LOAD role=rec mode=vulkan ok=1;slot=1;layers=252;inputs=in0;outputs=out0;requestedVulkan=1;effectiveVulkan=1;vkLayers=251/252;vkGpuCount=1;vkGpuName=Maleoon_920C;gpuProbe=ok=1;count=1;name=Maleoon 920C;driver=Maleoon 920C;api=4206867;fp16=111
NCNNSLOT RESULT role=rec mode=vulkan LANDED=GPU engine=ncnn vkReq=1 vk=1 vkLayers=251/252 rep=0 match=1 code=苏ED5172 colour=蓝牌 total=100.2020 stages=45.7834|1.9395|50.9384|1.5273 chars=苏|E|D|5|1|7|2 clsScores=0.0001|0.9998|0.0001
NCNNSLOT RESULT role=rec mode=vulkan LANDED=GPU engine=ncnn vkReq=1 vk=1 vkLayers=251/252 rep=1 match=1 code=苏ED5172 colour=蓝牌 total=85.4994 stages=32.4600|1.5744|46.9773|4.4530 chars=苏|E|D|5|1|7|2 clsScores=0.0001|0.9998|0.0001
NCNNSLOT RESULT role=rec mode=vulkan LANDED=GPU engine=ncnn vkReq=1 vk=1 vkLayers=251/252 rep=2 match=1 code=苏ED5172 colour=蓝牌 total=96.8183 stages=36.0241|1.4458|52.3055|6.9950 chars=苏|E|D|5|1|7|2 clsScores=0.0001|0.9998|0.0001
NCNNSLOT LOAD role=cls mode=cpu ok=1;slot=2;layers=78;inputs=in0;outputs=out0;requestedVulkan=0;effectiveVulkan=0;vkLayers=1/78;vkGpuCount=1;vkGpuName=Maleoon_920C;gpuProbe=not requested
NCNNSLOT RESULT role=cls mode=cpu LANDED=CPU engine=ncnn vkReq=0 vk=0 vkLayers=1/78 rep=0 match=1 code=苏ED5172 colour=蓝牌 total=38.3941 stages=32.5186|1.0978|3.1958|1.5709 chars=苏|E|D|5|1|7|2 clsScores=0.0001|0.9998|0.0001
NCNNSLOT RESULT role=cls mode=cpu LANDED=CPU engine=ncnn vkReq=0 vk=0 vkLayers=1/78 rep=1 match=1 code=苏ED5172 colour=蓝牌 total=31.6264 stages=25.0623|1.5756|3.3780|1.5997 chars=苏|E|D|5|1|7|2 clsScores=0.0001|0.9998|0.0001
NCNNSLOT RESULT role=cls mode=cpu LANDED=CPU engine=ncnn vkReq=0 vk=0 vkLayers=1/78 rep=2 match=1 code=苏ED5172 colour=蓝牌 total=42.0047 stages=35.6180|1.5866|3.2981|1.4927 chars=苏|E|D|5|1|7|2 clsScores=0.0001|0.9998|0.0001
NCNNSLOT LOAD role=cls mode=vulkan ok=1;slot=2;layers=78;inputs=in0;outputs=out0;requestedVulkan=1;effectiveVulkan=1;vkLayers=78/78;vkGpuCount=1;vkGpuName=Maleoon_920C;gpuProbe=ok=1;count=1;name=Maleoon 920C;driver=Maleoon 920C;api=4206867;fp16=111
NCNNSLOT RESULT role=cls mode=vulkan LANDED=GPU engine=ncnn vkReq=1 vk=1 vkLayers=78/78 rep=0 match=1 code=苏ED5172 colour=蓝牌 total=44.8011 stages=32.3750|1.7202|3.4869|7.1980 chars=苏|E|D|5|1|7|2 clsScores=0.0001|0.9998|0.0001
NCNNSLOT RESULT role=cls mode=vulkan LANDED=GPU engine=ncnn vkReq=1 vk=1 vkLayers=78/78 rep=1 match=1 code=苏ED5172 colour=蓝牌 total=73.6447 stages=61.3177|1.8797|3.3858|7.0508 chars=苏|E|D|5|1|7|2 clsScores=0.0001|0.9998|0.0001
NCNNSLOT RESULT role=cls mode=vulkan LANDED=GPU engine=ncnn vkReq=1 vk=1 vkLayers=78/78 rep=2 match=1 code=苏ED5172 colour=蓝牌 total=58.1956 stages=45.4923|2.0669|3.3466|7.2805 chars=苏|E|D|5|1|7|2 clsScores=0.0001|0.9998|0.0001
CANN ENUM ok=1;probe=nnrt+hiai;nnrt_runtime=soname;nnrt_core=soname;hiai_foundation=soname;cann_version=108.631.120.010;getAllDevices_rc=0;device_count=2;d0=id=8987859593747354028,name=HIAI_F,type=ACCELERATOR,nameRc=0,typeRc=0;d1=id=13306020061847651998,name=NPU_ohos.boot.hardware.kirin8020_v2_0,type=ACCELERATOR,nameRc=0,typeRc=0;
CANN TRY model=models/probe_hiai_imagenet.om size=2496459 ok=1;bytes=2496459;hiai_compat_code=0;hiai_compat_note=0=compatible,1=incompatible;construct=ok;picked_device=8987859593747354028;picked_device_all0=8987859593747354028;set_device_rc=0;build_rc=0;build_note=0=SUCCESS, else see OH_NN_ReturnCode;executor=ok;in_count=1;out_count=1;in0=name=data,dtype=FLOAT32,shape=[1x3x227x227];out0=name=output_0_prob_0,dtype=FLOAT32,shape=[1x1000x1x1];in_bytes=618348;out_bytes=4000;run_tensors=1in/1out;run_rc=0;run_ms_each=2.745|0.978|0.945;o0_sum=1.0005;o0_argmax=111;o0_max=0.1509;out_note=synthetic-input->argmax NOT meaningful;executor_destroyed=1;destroyed=1;
CANN TRY model=models/probe_om_lprnet.om size=916283 ok=1;bytes=916283;hiai_compat_code=0;hiai_compat_note=0=compatible,1=incompatible;construct=ok;picked_device=8987859593747354028;picked_device_all0=8987859593747354028;set_device_rc=0;build_rc=0;build_note=0=SUCCESS, else see OH_NN_ReturnCode;executor=ok;in_count=1;out_count=1;in0=name=input,dtype=FLOAT32,shape=[1x3x24x94];out0=name=output,dtype=FLOAT32,shape=[1x1x68x18];in_bytes=27072;out_bytes=4896;run_tensors=1in/1out;run_rc=0;run_ms_each=2.071|1.412|1.371;o0_sum=-62362.3169;o0_argmax=1206;o0_max=311.5000;out_note=synthetic-input->argmax NOT meaningful;executor_destroyed=1;destroyed=1;
CANN TRY model=models/probe_om_lprnet_npufix.om size=915413 ok=1;bytes=915413;hiai_compat_code=0;hiai_compat_note=0=compatible,1=incompatible;construct=ok;picked_device=8987859593747354028;picked_device_all0=8987859593747354028;set_device_rc=0;build_rc=0;build_note=0=SUCCESS, else see OH_NN_ReturnCode;executor=ok;in_count=1;out_count=1;in0=name=input,dtype=FLOAT32,shape=[1x3x24x94];out0=name=output,dtype=FLOAT32,shape=[1x1x68x18];in_bytes=27072;out_bytes=4896;run_tensors=1in/1out;run_rc=0;run_ms_each=2.021|1.084|1.062;o0_sum=-62362.3169;o0_argmax=1206;o0_max=311.5000;out_note=synthetic-input->argmax NOT meaningful;executor_destroyed=1;destroyed=1;
CANN TRY model=models/probe_om_det.om size=1948509 ok=1;bytes=1948509;hiai_compat_code=1;hiai_compat_note=0=compatible,1=incompatible;construct=ok;picked_device=8987859593747354028;picked_device_all0=8987859593747354028;set_device_rc=0;build_rc=1;build_note=0=SUCCESS, else see OH_NN_ReturnCode;destroyed=1;
CANN TRY model=models/probe_om_dethead.om size=1010950 ok=1;bytes=1010950;hiai_compat_code=0;hiai_compat_note=0=compatible,1=incompatible;construct=ok;picked_device=8987859593747354028;picked_device_all0=8987859593747354028;set_device_rc=0;build_rc=0;build_note=0=SUCCESS, else see OH_NN_ReturnCode;executor=ok;in_count=1;out_count=3;in0=name=input,dtype=FLOAT32,shape=[1x3x320x320];out0=name=948,dtype=FLOAT32,shape=[1x45x40x40];out1=name=1061,dtype=FLOAT32,shape=[1x45x20x20];out2=name=1174,dtype=FLOAT32,shape=[1x45x10x10];in_bytes=1228800;out_bytes=378000;run_tensors=1in/3out;run_rc=0;run_ms_each=4.645|3.392|3.362;o0_sum=-25055.3415;o0_argmax=28756;o0_max=6.5898;o1_sum=-11325.9309;o1_argmax=11231;o1_max=5.9961;o2_sum=-3700.2237;o2_argmax=2888;o2_max=5.0664;out_note=synthetic-input->argmax NOT meaningful;executor_destroyed=1;destroyed=1;
CANN TRY model=models/probe_om_rec.om size=5041253 ok=1;bytes=5041253;hiai_compat_code=0;hiai_compat_note=0=compatible,1=incompatible;construct=ok;picked_device=8987859593747354028;picked_device_all0=8987859593747354028;set_device_rc=0;build_rc=0;build_note=0=SUCCESS, else see OH_NN_ReturnCode;executor=ok;in_count=1;out_count=1;in0=name=data,dtype=FLOAT32,shape=[1x3x48x160];out0=name=output,dtype=FLOAT32,shape=[1x1x20x78];in_bytes=92160;out_bytes=6240;run_tensors=1in/1out;run_rc=0;run_ms_each=3.872|3.099|3.105;o0_sum=19.9978;o0_argmax=1326;o0_max=0.8359;out_note=synthetic-input->argmax NOT meaningful;executor_destroyed=1;destroyed=1;
CANN TRY model=models/probe_om_cls.om size=841728 ok=1;bytes=841728;hiai_compat_code=0;hiai_compat_note=0=compatible,1=incompatible;construct=ok;picked_device=8987859593747354028;picked_device_all0=8987859593747354028;set_device_rc=0;build_rc=0;build_note=0=SUCCESS, else see OH_NN_ReturnCode;executor=ok;in_count=1;out_count=1;in0=name=data,dtype=FLOAT32,shape=[1x3x96x96];out0=name=output,dtype=FLOAT32,shape=[1x3x1x1];in_bytes=110592;out_bytes=12;run_tensors=1in/1out;run_rc=0;run_ms_each=1.617|1.010|0.964;o0_sum=0.9981;o0_argmax=0;o0_max=0.9980;out_note=synthetic-input->argmax NOT meaningful;executor_destroyed=1;destroyed=1;
CANN TRY model=models/y5fu_320x_head_fp32.ms size=1847336 ok=1;bytes=1847336;hiai_compat_code=1;hiai_compat_note=0=compatible,1=incompatible;construct=ok;picked_device=8987859593747354028;picked_device_all0=8987859593747354028;set_device_rc=0;build_rc=1;build_note=0=SUCCESS, else see OH_NN_ReturnCode;destroyed=1;
CANN TRY model=models/rpv3_mdict_160_r3.ms size=4480304 ok=1;bytes=4480304;hiai_compat_code=1;hiai_compat_note=0=compatible,1=incompatible;construct=ok;picked_device=8987859593747354028;picked_device_all0=8987859593747354028;set_device_rc=0;build_rc=1;build_note=0=SUCCESS, else see OH_NN_ReturnCode;destroyed=1;
CANN TRY model=models/litemodel_cls_96x_r1.ms size=817432 ok=1;bytes=817432;hiai_compat_code=1;hiai_compat_note=0=compatible,1=incompatible;construct=ok;picked_device=8987859593747354028;picked_device_all0=8987859593747354028;set_device_rc=0;build_rc=1;build_note=0=SUCCESS, else see OH_NN_ReturnCode;destroyed=1;
E2EMATRIX LOAD role=det backend=cpu ok=1;id=0;cached=1;name=models/y5fu_320x_head_fp32.ms;backend=CPU;requested=cpu;fallbackFrom=;attemptLog=CPU(ok);inputName=input;outputName=948;inputShape=[1,320,320,3];outputShape=[1,45,40,40];inputFormat=NHWC;outputFormat=NCHW;inputElems=307200;outputElems=72000;error=
E2EMATRIX RESULT role=det backend=cpu LANDED=CPU engine=ms req=cpu fallback= rep=0 match=1 code=苏ED5172 total=40.8636 stages=35.0331|1.5812|3.2377|0.9994 trail=CPU(ok)
E2EMATRIX RESULT role=det backend=cpu LANDED=CPU engine=ms req=cpu fallback= rep=1 match=1 code=苏ED5172 total=41.6217 stages=35.7430|1.5827|3.3209|0.9630 trail=CPU(ok)
E2EMATRIX RESULT role=det backend=cpu LANDED=CPU engine=ms req=cpu fallback= rep=2 match=1 code=苏ED5172 total=41.8886 stages=36.0998|1.5803|3.2830|0.9142 trail=CPU(ok)
E2EMATRIX LOAD role=det backend=nnrt ok=1;id=3;cached=1;name=models/y5fu_320x_head_fp32.ms;backend=NNRT:NPU_ohos.boot.hardware.kirin8020_v2_0;requested=nnrt;fallbackFrom=;attemptLog=NNRT:NPU_ohos.boot.hardware.kirin8020_v2_0(ok);inputName=input;outputName=948;inputShape=[1,320,320,3];outputShape=[1,45,40,40];inputFormat=NHWC;outputFormat=NCHW;inputElems=307200;outputElems=72000;error=
E2EMATRIX RESULT role=det backend=nnrt LANDED=NNRT:NPU_ohos.boot.hardware.kirin8020_v2_0 engine=ms req=nnrt fallback= rep=0 match=0 code=苏E05172 total=21.5573 stages=14.5003|1.9097|3.5342|1.5973 trail=NNRT:NPU_ohos.boot.hardware.kirin8020_v2_0(ok)
E2EMATRIX RESULT role=det backend=nnrt LANDED=NNRT:NPU_ohos.boot.hardware.kirin8020_v2_0 engine=ms req=nnrt fallback= rep=1 match=0 code=苏E05172 total=21.9684 stages=14.8283|2.7895|3.3111|1.0280 trail=NNRT:NPU_ohos.boot.hardware.kirin8020_v2_0(ok)
E2EMATRIX RESULT role=det backend=nnrt LANDED=NNRT:NPU_ohos.boot.hardware.kirin8020_v2_0 engine=ms req=nnrt fallback= rep=2 match=0 code=苏E05172 total=22.6681 stages=15.1928|3.1130|3.3661|0.9858 trail=NNRT:NPU_ohos.boot.hardware.kirin8020_v2_0(ok)
E2EMATRIX LOAD role=det backend=nnrt_fp32 ok=1;id=4;cached=0;name=models/y5fu_320x_head_fp32.ms;backend=NNRT:NPU_ohos.boot.hardware.kirin8020_v2_0#fp32;requested=nnrt_fp32;fallbackFrom=;attemptLog=NNRT:NPU_ohos.boot.hardware.kirin8020_v2_0#fp32(ok);inputName=input;outputName=948;inputShape=[1,320,320,3];outputShape=[1,45,40,40];inputFormat=NHWC;outputFormat=NCHW;inputElems=307200;outputElems=72000;error=
E2EMATRIX RESULT role=det backend=nnrt_fp32 LANDED=NNRT:NPU_ohos.boot.hardware.kirin8020_v2_0#fp32 engine=ms req=nnrt_fp32 fallback= rep=0 match=0 code=苏E05172 total=23.9394 stages=17.1825|2.2984|3.1239|1.3223 trail=NNRT:NPU_ohos.boot.hardware.kirin8020_v2_0#fp32(ok)
E2EMATRIX RESULT role=det backend=nnrt_fp32 LANDED=NNRT:NPU_ohos.boot.hardware.kirin8020_v2_0#fp32 engine=ms req=nnrt_fp32 fallback= rep=1 match=0 code=苏E05172 total=24.1344 stages=15.4220|4.0261|3.4317|1.2420 trail=NNRT:NPU_ohos.boot.hardware.kirin8020_v2_0#fp32(ok)
E2EMATRIX RESULT role=det backend=nnrt_fp32 LANDED=NNRT:NPU_ohos.boot.hardware.kirin8020_v2_0#fp32 engine=ms req=nnrt_fp32 fallback= rep=2 match=0 code=苏E05172 total=30.9392 stages=20.1700|4.2695|4.0636|2.4120 trail=NNRT:NPU_ohos.boot.hardware.kirin8020_v2_0#fp32(ok)
E2EMATRIX LOAD role=det backend=gpu ok=1;id=5;cached=0;name=models/y5fu_320x_head_fp32.ms;backend=CPU;requested=gpu;fallbackFrom=GPU:fp16;attemptLog=GPU:fp16(fail) GPU:fp32(fail) CPU(ok);inputName=input;outputName=948;inputShape=[1,320,320,3];outputShape=[1,45,40,40];inputFormat=NHWC;outputFormat=NCHW;inputElems=307200;outputElems=72000;error=
E2EMATRIX RESULT role=det backend=gpu LANDED=CPU engine=ms req=gpu fallback=GPU:fp16 rep=0 match=1 code=苏ED5172 total=34.4894 stages=27.5077|2.2011|3.4875|1.2803 trail=GPU:fp16(fail) GPU:fp32(fail) CPU(ok)
E2EMATRIX RESULT role=det backend=gpu LANDED=CPU engine=ms req=gpu fallback=GPU:fp16 rep=1 match=1 code=苏ED5172 total=35.0302 stages=28.0172|2.1733|3.5519|1.2748 trail=GPU:fp16(fail) GPU:fp32(fail) CPU(ok)
E2EMATRIX RESULT role=det backend=gpu LANDED=CPU engine=ms req=gpu fallback=GPU:fp16 rep=2 match=1 code=苏ED5172 total=32.3364 stages=25.2763|2.1873|3.5170|1.3442 trail=GPU:fp16(fail) GPU:fp32(fail) CPU(ok)
E2EMATRIX LOAD role=det backend=kirin ok=1;id=6;cached=0;name=models/y5fu_320x_head_fp32.ms;backend=CPU;requested=kirin;fallbackFrom=KIRIN_NPU;attemptLog=KIRIN_NPU(fail) CPU(ok);inputName=input;outputName=948;inputShape=[1,320,320,3];outputShape=[1,45,40,40];inputFormat=NHWC;outputFormat=NCHW;inputElems=307200;outputElems=72000;error=
E2EMATRIX RESULT role=det backend=kirin LANDED=CPU engine=ms req=kirin fallback=KIRIN_NPU rep=0 match=1 code=苏ED5172 total=34.4202 stages=27.4020|2.2041|3.5267|1.2703 trail=KIRIN_NPU(fail) CPU(ok)
E2EMATRIX RESULT role=det backend=kirin LANDED=CPU engine=ms req=kirin fallback=KIRIN_NPU rep=1 match=1 code=苏ED5172 total=32.5298 stages=25.8383|2.0703|3.3777|1.2341 trail=KIRIN_NPU(fail) CPU(ok)
E2EMATRIX RESULT role=det backend=kirin LANDED=CPU engine=ms req=kirin fallback=KIRIN_NPU rep=2 match=1 code=苏ED5172 total=28.9230 stages=21.9100|2.1350|3.5895|1.2755 trail=KIRIN_NPU(fail) CPU(ok)
E2EMATRIX LOAD role=rec backend=cpu ok=1;id=7;cached=0;name=models/rpv3_mdict_160_r3.ms;backend=CPU;requested=cpu;fallbackFrom=;attemptLog=CPU(ok);inputName=data;outputName=output;inputShape=[1,48,160,3];outputShape=[1,20,78];inputFormat=NHWC;outputFormat=NHWC;inputElems=23040;outputElems=1560;error=
E2EMATRIX RESULT role=rec backend=cpu LANDED=CPU engine=ms req=cpu fallback= rep=0 match=1 code=苏ED5172 total=56.6414 stages=36.5403|1.8158|17.0145|1.2567 trail=CPU(ok)
E2EMATRIX RESULT role=rec backend=cpu LANDED=CPU engine=ms req=cpu fallback= rep=1 match=1 code=苏ED5172 total=55.3748 stages=33.4395|2.1956|18.6397|1.0855 trail=CPU(ok)
E2EMATRIX RESULT role=rec backend=cpu LANDED=CPU engine=ms req=cpu fallback= rep=2 match=1 code=苏ED5172 total=48.3970 stages=29.7206|1.6509|15.7684|1.2419 trail=CPU(ok)
E2EMATRIX LOAD role=rec backend=nnrt ok=1;id=1;cached=1;name=models/rpv3_mdict_160_r3.ms;backend=NNRT:NPU_ohos.boot.hardware.kirin8020_v2_0;requested=nnrt;fallbackFrom=;attemptLog=NNRT:NPU_ohos.boot.hardware.kirin8020_v2_0(ok);inputName=data;outputName=output;inputShape=[1,48,160,3];outputShape=[1,20,78];inputFormat=NHWC;outputFormat=NHWC;inputElems=23040;outputElems=1560;error=
E2EMATRIX RESULT role=rec backend=nnrt LANDED=NNRT:NPU_ohos.boot.hardware.kirin8020_v2_0 engine=ms req=nnrt fallback= rep=0 match=1 code=苏ED5172 total=42.3491 stages=35.6170|2.0075|3.5034|1.2094 trail=NNRT:NPU_ohos.boot.hardware.kirin8020_v2_0(ok)
E2EMATRIX RESULT role=rec backend=nnrt LANDED=NNRT:NPU_ohos.boot.hardware.kirin8020_v2_0 engine=ms req=nnrt fallback= rep=1 match=1 code=苏ED5172 total=36.8128 stages=30.7066|1.6206|3.5005|0.9763 trail=NNRT:NPU_ohos.boot.hardware.kirin8020_v2_0(ok)
E2EMATRIX RESULT role=rec backend=nnrt LANDED=NNRT:NPU_ohos.boot.hardware.kirin8020_v2_0 engine=ms req=nnrt fallback= rep=2 match=1 code=苏ED5172 total=45.8928 stages=38.7705|2.2152|3.4581|1.4359 trail=NNRT:NPU_ohos.boot.hardware.kirin8020_v2_0(ok)
E2EMATRIX LOAD role=rec backend=nnrt_fp32 ok=1;id=8;cached=0;name=models/rpv3_mdict_160_r3.ms;backend=NNRT:NPU_ohos.boot.hardware.kirin8020_v2_0#fp32;requested=nnrt_fp32;fallbackFrom=;attemptLog=NNRT:NPU_ohos.boot.hardware.kirin8020_v2_0#fp32(ok);inputName=data;outputName=output;inputShape=[1,48,160,3];outputShape=[1,20,78];inputFormat=NHWC;outputFormat=NHWC;inputElems=23040;outputElems=1560;error=
E2EMATRIX RESULT role=rec backend=nnrt_fp32 LANDED=NNRT:NPU_ohos.boot.hardware.kirin8020_v2_0#fp32 engine=ms req=nnrt_fp32 fallback= rep=0 match=1 code=苏ED5172 total=42.5562 stages=35.5752|2.1645|3.4347|1.3625 trail=NNRT:NPU_ohos.boot.hardware.kirin8020_v2_0#fp32(ok)
E2EMATRIX RESULT role=rec backend=nnrt_fp32 LANDED=NNRT:NPU_ohos.boot.hardware.kirin8020_v2_0#fp32 engine=ms req=nnrt_fp32 fallback= rep=1 match=1 code=苏ED5172 total=37.0578 stages=30.7555|1.8059|3.3539|1.1339 trail=NNRT:NPU_ohos.boot.hardware.kirin8020_v2_0#fp32(ok)
E2EMATRIX RESULT role=rec backend=nnrt_fp32 LANDED=NNRT:NPU_ohos.boot.hardware.kirin8020_v2_0#fp32 engine=ms req=nnrt_fp32 fallback= rep=2 match=1 code=苏ED5172 total=40.9359 stages=34.1884|2.1067|3.4305|1.1944 trail=NNRT:NPU_ohos.boot.hardware.kirin8020_v2_0#fp32(ok)
E2EMATRIX LOAD role=rec backend=gpu ok=1;id=9;cached=0;name=models/rpv3_mdict_160_r3.ms;backend=CPU;requested=gpu;fallbackFrom=GPU:fp16;attemptLog=GPU:fp16(fail) GPU:fp32(fail) CPU(ok);inputName=data;outputName=output;inputShape=[1,48,160,3];outputShape=[1,20,78];inputFormat=NHWC;outputFormat=NHWC;inputElems=23040;outputElems=1560;error=
E2EMATRIX RESULT role=rec backend=gpu LANDED=CPU engine=ms req=gpu fallback=GPU:fp16 rep=0 match=1 code=苏ED5172 total=51.0417 stages=31.6789|1.6045|16.6127|1.1303 trail=GPU:fp16(fail) GPU:fp32(fail) CPU(ok)
E2EMATRIX RESULT role=rec backend=gpu LANDED=CPU engine=ms req=gpu fallback=GPU:fp16 rep=1 match=1 code=苏ED5172 total=49.3570 stages=29.0041|1.5147|17.8081|1.0166 trail=GPU:fp16(fail) GPU:fp32(fail) CPU(ok)
E2EMATRIX RESULT role=rec backend=gpu LANDED=CPU engine=ms req=gpu fallback=GPU:fp16 rep=2 match=1 code=苏ED5172 total=49.1111 stages=29.4669|1.7116|16.6817|1.2364 trail=GPU:fp16(fail) GPU:fp32(fail) CPU(ok)
E2EMATRIX LOAD role=rec backend=kirin ok=1;id=10;cached=0;name=models/rpv3_mdict_160_r3.ms;backend=CPU;requested=kirin;fallbackFrom=KIRIN_NPU;attemptLog=KIRIN_NPU(fail) CPU(ok);inputName=data;outputName=output;inputShape=[1,48,160,3];outputShape=[1,20,78];inputFormat=NHWC;outputFormat=NHWC;inputElems=23040;outputElems=1560;error=
E2EMATRIX RESULT role=rec backend=kirin LANDED=CPU engine=ms req=kirin fallback=KIRIN_NPU rep=0 match=1 code=苏ED5172 total=60.8817 stages=39.3270|1.5783|18.6811|1.2781 trail=KIRIN_NPU(fail) CPU(ok)
E2EMATRIX RESULT role=rec backend=kirin LANDED=CPU engine=ms req=kirin fallback=KIRIN_NPU rep=1 match=1 code=苏ED5172 total=58.6680 stages=36.4253|2.0475|18.9442|1.2283 trail=KIRIN_NPU(fail) CPU(ok)
E2EMATRIX RESULT role=rec backend=kirin LANDED=CPU engine=ms req=kirin fallback=KIRIN_NPU rep=2 match=1 code=苏ED5172 total=60.3233 stages=38.0692|2.0681|19.0880|1.0820 trail=KIRIN_NPU(fail) CPU(ok)
E2EMATRIX LOAD role=cls backend=cpu ok=1;id=2;cached=1;name=models/litemodel_cls_96x_r1.ms;backend=CPU;requested=cpu;fallbackFrom=;attemptLog=CPU(ok);inputName=data;outputName=output;inputShape=[1,96,96,3];outputShape=[1,3];inputFormat=NHWC;outputFormat=NCHW;inputElems=27648;outputElems=3;error=
E2EMATRIX RESULT role=cls backend=cpu LANDED=CPU engine=ms req=cpu fallback= rep=0 match=1 code=苏ED5172 total=45.2886 stages=39.4847|1.5609|3.2369|0.9967 trail=CPU(ok)
E2EMATRIX RESULT role=cls backend=cpu LANDED=CPU engine=ms req=cpu fallback= rep=1 match=1 code=苏ED5172 total=35.7734 stages=29.2600|2.0753|3.4006|1.0267 trail=CPU(ok)
E2EMATRIX RESULT role=cls backend=cpu LANDED=CPU engine=ms req=cpu fallback= rep=2 match=1 code=苏ED5172 total=45.6478 stages=38.9166|2.0286|3.5348|1.1577 trail=CPU(ok)
E2EMATRIX LOAD role=cls backend=nnrt ok=1;id=11;cached=0;name=models/litemodel_cls_96x_r1.ms;backend=CPU;requested=nnrt;fallbackFrom=NNRT:NPU_ohos.boot.hardware.kirin8020_v2_0;attemptLog=NNRT:NPU_ohos.boot.hardware.kirin8020_v2_0(fail) NNRT:HIAI_F(fail) CPU(ok);inputName=data;outputName=output;inputShape=[1,96,96,3];outputShape=[1,3];inputFormat=NHWC;outputFormat=NCHW;inputElems=27648;outputElems=3;error=
E2EMATRIX RESULT role=cls backend=nnrt LANDED=CPU engine=ms req=nnrt fallback=NNRT:NPU_ohos.boot.hardware.kirin8020_v2_0 rep=0 match=1 code=苏ED5172 total=35.3353 stages=28.7139|1.8311|3.5766|1.2013 trail=NNRT:NPU_ohos.boot.hardware.kirin8020_v2_0(fail) NNRT:HIAI_F(fail) CPU(ok)
E2EMATRIX RESULT role=cls backend=nnrt LANDED=CPU engine=ms req=nnrt fallback=NNRT:NPU_ohos.boot.hardware.kirin8020_v2_0 rep=1 match=1 code=苏ED5172 total=46.2016 stages=38.9355|2.3255|3.5100|1.4145 trail=NNRT:NPU_ohos.boot.hardware.kirin8020_v2_0(fail) NNRT:HIAI_F(fail) CPU(ok)
E2EMATRIX RESULT role=cls backend=nnrt LANDED=CPU engine=ms req=nnrt fallback=NNRT:NPU_ohos.boot.hardware.kirin8020_v2_0 rep=2 match=1 code=苏ED5172 total=40.0145 stages=32.8914|2.0670|3.7422|1.3002 trail=NNRT:NPU_ohos.boot.hardware.kirin8020_v2_0(fail) NNRT:HIAI_F(fail) CPU(ok)
E2EMATRIX LOAD role=cls backend=nnrt_fp32 ok=1;id=12;cached=0;name=models/litemodel_cls_96x_r1.ms;backend=CPU;requested=nnrt_fp32;fallbackFrom=NNRT:NPU_ohos.boot.hardware.kirin8020_v2_0#fp32;attemptLog=NNRT:NPU_ohos.boot.hardware.kirin8020_v2_0#fp32(fail) NNRT:HIAI_F#fp32(fail) CPU(ok);inputName=data;outputName=output;inputShape=[1,96,96,3];outputShape=[1,3];inputFormat=NHWC;outputFormat=NCHW;inputElems=27648;outputElems=3;error=
E2EMATRIX RESULT role=cls backend=nnrt_fp32 LANDED=CPU engine=ms req=nnrt_fp32 fallback=NNRT:NPU_ohos.boot.hardware.kirin8020_v2_0#fp32 rep=0 match=1 code=苏ED5172 total=56.6478 stages=49.7616|2.1928|3.4436|1.2325 trail=NNRT:NPU_ohos.boot.hardware.kirin8020_v2_0#fp32(fail) NNRT:HIAI_F#fp32(fail) CPU(ok)
E2EMATRIX RESULT role=cls backend=nnrt_fp32 LANDED=CPU engine=ms req=nnrt_fp32 fallback=NNRT:NPU_ohos.boot.hardware.kirin8020_v2_0#fp32 rep=1 match=1 code=苏ED5172 total=35.1759 stages=29.0216|1.8916|3.2605|0.9917 trail=NNRT:NPU_ohos.boot.hardware.kirin8020_v2_0#fp32(fail) NNRT:HIAI_F#fp32(fail) CPU(ok)
E2EMATRIX RESULT role=cls backend=nnrt_fp32 LANDED=CPU engine=ms req=nnrt_fp32 fallback=NNRT:NPU_ohos.boot.hardware.kirin8020_v2_0#fp32 rep=2 match=1 code=苏ED5172 total=33.3591 stages=25.8841|2.4273|3.5638|1.4688 trail=NNRT:NPU_ohos.boot.hardware.kirin8020_v2_0#fp32(fail) NNRT:HIAI_F#fp32(fail) CPU(ok)
E2EMATRIX LOAD role=cls backend=gpu ok=1;id=13;cached=0;name=models/litemodel_cls_96x_r1.ms;backend=CPU;requested=gpu;fallbackFrom=GPU:fp16;attemptLog=GPU:fp16(fail) GPU:fp32(fail) CPU(ok);inputName=data;outputName=output;inputShape=[1,96,96,3];outputShape=[1,3];inputFormat=NHWC;outputFormat=NCHW;inputElems=27648;outputElems=3;error=
E2EMATRIX RESULT role=cls backend=gpu LANDED=CPU engine=ms req=gpu fallback=GPU:fp16 rep=0 match=1 code=苏ED5172 total=36.9430 stages=30.7694|1.8655|3.3138|0.9830 trail=GPU:fp16(fail) GPU:fp32(fail) CPU(ok)
E2EMATRIX RESULT role=cls backend=gpu LANDED=CPU engine=ms req=gpu fallback=GPU:fp16 rep=1 match=1 code=苏ED5172 total=41.9130 stages=34.9075|2.2103|3.4691|1.3103 trail=GPU:fp16(fail) GPU:fp32(fail) CPU(ok)
E2EMATRIX RESULT role=cls backend=gpu LANDED=CPU engine=ms req=gpu fallback=GPU:fp16 rep=2 match=1 code=苏ED5172 total=38.2680 stages=31.8450|1.8684|3.3962|1.1459 trail=GPU:fp16(fail) GPU:fp32(fail) CPU(ok)
E2EMATRIX LOAD role=cls backend=kirin ok=1;id=14;cached=0;name=models/litemodel_cls_96x_r1.ms;backend=CPU;requested=kirin;fallbackFrom=KIRIN_NPU;attemptLog=KIRIN_NPU(fail) CPU(ok);inputName=data;outputName=output;inputShape=[1,96,96,3];outputShape=[1,3];inputFormat=NHWC;outputFormat=NCHW;inputElems=27648;outputElems=3;error=
E2EMATRIX RESULT role=cls backend=kirin LANDED=CPU engine=ms req=kirin fallback=KIRIN_NPU rep=0 match=1 code=苏ED5172 total=41.6817 stages=34.9392|2.0352|3.4320|1.2613 trail=KIRIN_NPU(fail) CPU(ok)
E2EMATRIX RESULT role=cls backend=kirin LANDED=CPU engine=ms req=kirin fallback=KIRIN_NPU rep=1 match=1 code=苏ED5172 total=38.3859 stages=31.7738|2.1628|3.3859|1.0533 trail=KIRIN_NPU(fail) CPU(ok)
E2EMATRIX RESULT role=cls backend=kirin LANDED=CPU engine=ms req=kirin fallback=KIRIN_NPU rep=2 match=1 code=苏ED5172 total=40.0469 stages=33.3250|2.2142|3.3186|1.1759 trail=KIRIN_NPU(fail) CPU(ok)
E2EMATRIX LOAD role=cls-fp32 backend=cpu ok=1;id=15;cached=0;name=models/litemodel_cls_96x_r1_fp32.ms;backend=CPU;requested=cpu;fallbackFrom=;attemptLog=CPU(ok);inputName=data;outputName=output;inputShape=[1,96,96,3];outputShape=[1,3];inputFormat=NHWC;outputFormat=NCHW;inputElems=27648;outputElems=3;error=
E2EMATRIX RESULT role=cls-fp32 backend=cpu LANDED=CPU engine=ms req=cpu fallback= rep=0 match=1 code=苏ED5172 total=40.5003 stages=34.4444|1.6752|3.2994|1.0698 trail=CPU(ok)
E2EMATRIX RESULT role=cls-fp32 backend=cpu LANDED=CPU engine=ms req=cpu fallback= rep=1 match=1 code=苏ED5172 total=41.4764 stages=35.1723|1.8009|3.3411|1.1506 trail=CPU(ok)
E2EMATRIX RESULT role=cls-fp32 backend=cpu LANDED=CPU engine=ms req=cpu fallback= rep=2 match=1 code=苏ED5172 total=41.2222 stages=35.1098|1.6653|3.2962|1.1398 trail=CPU(ok)
E2EMATRIX LOAD role=cls-fp32 backend=nnrt ok=1;id=16;cached=0;name=models/litemodel_cls_96x_r1_fp32.ms;backend=NNRT:NPU_ohos.boot.hardware.kirin8020_v2_0;requested=nnrt;fallbackFrom=;attemptLog=NNRT:NPU_ohos.boot.hardware.kirin8020_v2_0(ok);inputName=data;outputName=output;inputShape=[1,96,96,3];outputShape=[1,3];inputFormat=NHWC;outputFormat=NCHW;inputElems=27648;outputElems=3;error=
E2EMATRIX RESULT role=cls-fp32 backend=nnrt LANDED=NNRT:NPU_ohos.boot.hardware.kirin8020_v2_0 engine=ms req=nnrt fallback= rep=0 match=1 code=苏ED5172 total=64.2606 stages=48.8580|7.7702|5.2670|2.3439 trail=NNRT:NPU_ohos.boot.hardware.kirin8020_v2_0(ok)
E2EMATRIX RESULT role=cls-fp32 backend=nnrt LANDED=NNRT:NPU_ohos.boot.hardware.kirin8020_v2_0 engine=ms req=nnrt fallback= rep=1 match=1 code=苏ED5172 total=59.9502 stages=50.4283|2.0027|4.1881|3.3120 trail=NNRT:NPU_ohos.boot.hardware.kirin8020_v2_0(ok)
E2EMATRIX RESULT role=cls-fp32 backend=nnrt LANDED=NNRT:NPU_ohos.boot.hardware.kirin8020_v2_0 engine=ms req=nnrt fallback= rep=2 match=1 code=苏ED5172 total=49.1031 stages=35.9753|5.7252|5.2688|2.1091 trail=NNRT:NPU_ohos.boot.hardware.kirin8020_v2_0(ok)
E2EMATRIX LOAD role=cls-fp32 backend=nnrt_fp32 ok=1;id=17;cached=0;name=models/litemodel_cls_96x_r1_fp32.ms;backend=NNRT:NPU_ohos.boot.hardware.kirin8020_v2_0#fp32;requested=nnrt_fp32;fallbackFrom=;attemptLog=NNRT:NPU_ohos.boot.hardware.kirin8020_v2_0#fp32(ok);inputName=data;outputName=output;inputShape=[1,96,96,3];outputShape=[1,3];inputFormat=NHWC;outputFormat=NCHW;inputElems=27648;outputElems=3;error=
E2EMATRIX RESULT role=cls-fp32 backend=nnrt_fp32 LANDED=NNRT:NPU_ohos.boot.hardware.kirin8020_v2_0#fp32 engine=ms req=nnrt_fp32 fallback= rep=0 match=1 code=苏ED5172 total=43.2152 stages=36.2736|2.0717|3.6170|1.2453 trail=NNRT:NPU_ohos.boot.hardware.kirin8020_v2_0#fp32(ok)
E2EMATRIX RESULT role=cls-fp32 backend=nnrt_fp32 LANDED=NNRT:NPU_ohos.boot.hardware.kirin8020_v2_0#fp32 engine=ms req=nnrt_fp32 fallback= rep=1 match=1 code=苏ED5172 total=50.7558 stages=44.8056|1.5473|3.2645|1.1305 trail=NNRT:NPU_ohos.boot.hardware.kirin8020_v2_0#fp32(ok)
E2EMATRIX RESULT role=cls-fp32 backend=nnrt_fp32 LANDED=NNRT:NPU_ohos.boot.hardware.kirin8020_v2_0#fp32 engine=ms req=nnrt_fp32 fallback= rep=2 match=1 code=苏ED5172 total=36.7097 stages=30.7464|1.5458|3.3041|1.1077 trail=NNRT:NPU_ohos.boot.hardware.kirin8020_v2_0#fp32(ok)
E2EMATRIX LOAD role=cls-fp32 backend=gpu ok=1;id=18;cached=0;name=models/litemodel_cls_96x_r1_fp32.ms;backend=CPU;requested=gpu;fallbackFrom=GPU:fp16;attemptLog=GPU:fp16(fail) GPU:fp32(fail) CPU(ok);inputName=data;outputName=output;inputShape=[1,96,96,3];outputShape=[1,3];inputFormat=NHWC;outputFormat=NCHW;inputElems=27648;outputElems=3;error=
E2EMATRIX RESULT role=cls-fp32 backend=gpu LANDED=CPU engine=ms req=gpu fallback=GPU:fp16 rep=0 match=1 code=苏ED5172 total=39.0858 stages=33.0383|1.5527|3.3703|1.1148 trail=GPU:fp16(fail) GPU:fp32(fail) CPU(ok)
E2EMATRIX RESULT role=cls-fp32 backend=gpu LANDED=CPU engine=ms req=gpu fallback=GPU:fp16 rep=1 match=1 code=苏ED5172 total=54.6656 stages=48.8506|1.5891|3.1956|1.0197 trail=GPU:fp16(fail) GPU:fp32(fail) CPU(ok)
E2EMATRIX RESULT role=cls-fp32 backend=gpu LANDED=CPU engine=ms req=gpu fallback=GPU:fp16 rep=2 match=1 code=苏ED5172 total=40.8920 stages=35.0584|1.5812|3.2147|1.0269 trail=GPU:fp16(fail) GPU:fp32(fail) CPU(ok)
E2EMATRIX LOAD role=cls-fp32 backend=kirin ok=1;id=19;cached=0;name=models/litemodel_cls_96x_r1_fp32.ms;backend=CPU;requested=kirin;fallbackFrom=KIRIN_NPU;attemptLog=KIRIN_NPU(fail) CPU(ok);inputName=data;outputName=output;inputShape=[1,96,96,3];outputShape=[1,3];inputFormat=NHWC;outputFormat=NCHW;inputElems=27648;outputElems=3;error=
E2EMATRIX RESULT role=cls-fp32 backend=kirin LANDED=CPU engine=ms req=kirin fallback=KIRIN_NPU rep=0 match=1 code=苏ED5172 total=43.6759 stages=37.2566|1.8859|3.3863|1.1362 trail=KIRIN_NPU(fail) CPU(ok)
E2EMATRIX RESULT role=cls-fp32 backend=kirin LANDED=CPU engine=ms req=kirin fallback=KIRIN_NPU rep=1 match=1 code=苏ED5172 total=36.4062 stages=30.4294|1.5827|3.3377|1.0478 trail=KIRIN_NPU(fail) CPU(ok)
E2EMATRIX RESULT role=cls-fp32 backend=kirin LANDED=CPU engine=ms req=kirin fallback=KIRIN_NPU rep=2 match=1 code=苏ED5172 total=39.0781 stages=32.0961|2.3698|3.4831|1.1186 trail=KIRIN_NPU(fail) CPU(ok)
NCNNSLOT LOAD role=rec mode=cpu ok=1;slot=1;layers=252;inputs=in0;outputs=out0;requestedVulkan=0;effectiveVulkan=0;vkLayers=1/252;vkGpuCount=1;vkGpuName=Maleoon_920C;gpuProbe=not requested
NCNNSLOT RESULT role=rec mode=cpu LANDED=CPU engine=ncnn vkReq=0 vk=0 vkLayers=1/252 rep=0 match=1 code=苏ED5172 colour=蓝牌 total=43.5567 stages=30.0356|1.5669|10.7173|1.2242 chars=苏|E|D|5|1|7|2 clsScores=0.0001|0.9998|0.0001
NCNNSLOT RESULT role=rec mode=cpu LANDED=CPU engine=ncnn vkReq=0 vk=0 vkLayers=1/252 rep=1 match=1 code=苏ED5172 colour=蓝牌 total=51.4553 stages=30.0327|1.5842|18.6794|1.1461 chars=苏|E|D|5|1|7|2 clsScores=0.0001|0.9998|0.0001
NCNNSLOT RESULT role=rec mode=cpu LANDED=CPU engine=ncnn vkReq=0 vk=0 vkLayers=1/252 rep=2 match=1 code=苏ED5172 colour=蓝牌 total=39.1352 stages=25.6322|1.2000|11.1483|1.1394 chars=苏|E|D|5|1|7|2 clsScores=0.0001|0.9998|0.0001
NCNNSLOT LOAD role=rec mode=vulkan ok=1;slot=1;layers=252;inputs=in0;outputs=out0;requestedVulkan=1;effectiveVulkan=1;vkLayers=251/252;vkGpuCount=1;vkGpuName=Maleoon_920C;gpuProbe=ok=1;count=1;name=Maleoon 920C;driver=Maleoon 920C;api=4206867;fp16=111
NCNNSLOT RESULT role=rec mode=vulkan LANDED=GPU engine=ncnn vkReq=1 vk=1 vkLayers=251/252 rep=0 match=1 code=苏ED5172 colour=蓝牌 total=99.0342 stages=33.7883|1.5820|59.9892|3.6420 chars=苏|E|D|5|1|7|2 clsScores=0.0001|0.9998|0.0001
NCNNSLOT RESULT role=rec mode=vulkan LANDED=GPU engine=ncnn vkReq=1 vk=1 vkLayers=251/252 rep=1 match=1 code=苏ED5172 colour=蓝牌 total=109.0567 stages=38.3244|2.1977|61.9434|6.5486 chars=苏|E|D|5|1|7|2 clsScores=0.0001|0.9998|0.0001
NCNNSLOT RESULT role=rec mode=vulkan LANDED=GPU engine=ncnn vkReq=1 vk=1 vkLayers=251/252 rep=2 match=1 code=苏ED5172 colour=蓝牌 total=106.3758 stages=47.0656|2.1895|52.7727|4.3156 chars=苏|E|D|5|1|7|2 clsScores=0.0001|0.9998|0.0001
NCNNSLOT LOAD role=cls mode=cpu ok=1;slot=2;layers=78;inputs=in0;outputs=out0;requestedVulkan=0;effectiveVulkan=0;vkLayers=1/78;vkGpuCount=1;vkGpuName=Maleoon_920C;gpuProbe=not requested
NCNNSLOT RESULT role=cls mode=cpu LANDED=CPU engine=ncnn vkReq=0 vk=0 vkLayers=1/78 rep=0 match=1 code=苏ED5172 colour=蓝牌 total=42.1413 stages=34.3755|2.0716|3.4331|2.2520 chars=苏|E|D|5|1|7|2 clsScores=0.0001|0.9998|0.0001
NCNNSLOT RESULT role=cls mode=cpu LANDED=CPU engine=ncnn vkReq=0 vk=0 vkLayers=1/78 rep=1 match=1 code=苏ED5172 colour=蓝牌 total=39.5383 stages=32.4338|1.6833|3.2577|2.1539 chars=苏|E|D|5|1|7|2 clsScores=0.0001|0.9998|0.0001
NCNNSLOT RESULT role=cls mode=cpu LANDED=CPU engine=ncnn vkReq=0 vk=0 vkLayers=1/78 rep=2 match=1 code=苏ED5172 colour=蓝牌 total=38.8041 stages=31.5138|2.2084|3.4392|1.6323 chars=苏|E|D|5|1|7|2 clsScores=0.0001|0.9998|0.0001
NCNNSLOT LOAD role=cls mode=vulkan ok=1;slot=2;layers=78;inputs=in0;outputs=out0;requestedVulkan=1;effectiveVulkan=1;vkLayers=78/78;vkGpuCount=1;vkGpuName=Maleoon_920C;gpuProbe=ok=1;count=1;name=Maleoon 920C;driver=Maleoon 920C;api=4206867;fp16=111
NCNNSLOT RESULT role=cls mode=vulkan LANDED=GPU engine=ncnn vkReq=1 vk=1 vkLayers=78/78 rep=0 match=1 code=苏ED5172 colour=蓝牌 total=48.1650 stages=35.8291|1.5755|3.3055|7.4456 chars=苏|E|D|5|1|7|2 clsScores=0.0001|0.9998|0.0001
NCNNSLOT RESULT role=cls mode=vulkan LANDED=GPU engine=ncnn vkReq=1 vk=1 vkLayers=78/78 rep=1 match=1 code=苏ED5172 colour=蓝牌 total=50.1945 stages=37.6295|2.0241|3.4366|7.0933 chars=苏|E|D|5|1|7|2 clsScores=0.0001|0.9998|0.0001
NCNNSLOT RESULT role=cls mode=vulkan LANDED=GPU engine=ncnn vkReq=1 vk=1 vkLayers=78/78 rep=2 match=1 code=苏ED5172 colour=蓝牌 total=46.9428 stages=33.9147|2.0330|3.6578|7.3295 chars=苏|E|D|5|1|7|2 clsScores=0.0001|0.9998|0.0001
CANN ENUM ok=1;probe=nnrt+hiai;nnrt_runtime=soname;nnrt_core=soname;hiai_foundation=soname;cann_version=108.631.120.010;getAllDevices_rc=0;device_count=2;d0=id=8987859593747354028,name=HIAI_F,type=ACCELERATOR,nameRc=0,typeRc=0;d1=id=13306020061847651998,name=NPU_ohos.boot.hardware.kirin8020_v2_0,type=ACCELERATOR,nameRc=0,typeRc=0;
CANN TRY model=models/probe_hiai_imagenet.om size=2496459 ok=1;bytes=2496459;hiai_compat_code=0;hiai_compat_note=0=compatible,1=incompatible;construct=ok;picked_device=8987859593747354028;picked_device_all0=8987859593747354028;set_device_rc=0;build_rc=0;build_note=0=SUCCESS, else see OH_NN_ReturnCode;executor=ok;in_count=1;out_count=1;in0=name=data,dtype=FLOAT32,shape=[1x3x227x227];out0=name=output_0_prob_0,dtype=FLOAT32,shape=[1x1000x1x1];in_bytes=618348;out_bytes=4000;run_tensors=1in/1out;run_rc=0;run_ms_each=2.404|0.957|0.945;o0_sum=1.0005;o0_argmax=111;o0_max=0.1509;out_note=synthetic-input->argmax NOT meaningful;executor_destroyed=1;destroyed=1;
CANN TRY model=models/probe_om_lprnet.om size=916283 ok=1;bytes=916283;hiai_compat_code=0;hiai_compat_note=0=compatible,1=incompatible;construct=ok;picked_device=8987859593747354028;picked_device_all0=8987859593747354028;set_device_rc=0;build_rc=0;build_note=0=SUCCESS, else see OH_NN_ReturnCode;executor=ok;in_count=1;out_count=1;in0=name=input,dtype=FLOAT32,shape=[1x3x24x94];out0=name=output,dtype=FLOAT32,shape=[1x1x68x18];in_bytes=27072;out_bytes=4896;run_tensors=1in/1out;run_rc=0;run_ms_each=2.040|1.431|1.352;o0_sum=-62362.3169;o0_argmax=1206;o0_max=311.5000;out_note=synthetic-input->argmax NOT meaningful;executor_destroyed=1;destroyed=1;
CANN TRY model=models/probe_om_lprnet_npufix.om size=915413 ok=1;bytes=915413;hiai_compat_code=0;hiai_compat_note=0=compatible,1=incompatible;construct=ok;picked_device=8987859593747354028;picked_device_all0=8987859593747354028;set_device_rc=0;build_rc=0;build_note=0=SUCCESS, else see OH_NN_ReturnCode;executor=ok;in_count=1;out_count=1;in0=name=input,dtype=FLOAT32,shape=[1x3x24x94];out0=name=output,dtype=FLOAT32,shape=[1x1x68x18];in_bytes=27072;out_bytes=4896;run_tensors=1in/1out;run_rc=0;run_ms_each=1.740|1.385|1.317;o0_sum=-62362.3169;o0_argmax=1206;o0_max=311.5000;out_note=synthetic-input->argmax NOT meaningful;executor_destroyed=1;destroyed=1;
CANN TRY model=models/probe_om_det.om size=1948509 ok=1;bytes=1948509;hiai_compat_code=1;hiai_compat_note=0=compatible,1=incompatible;construct=ok;picked_device=8987859593747354028;picked_device_all0=8987859593747354028;set_device_rc=0;build_rc=1;build_note=0=SUCCESS, else see OH_NN_ReturnCode;destroyed=1;
CANN TRY model=models/probe_om_dethead.om size=1010950 ok=1;bytes=1010950;hiai_compat_code=0;hiai_compat_note=0=compatible,1=incompatible;construct=ok;picked_device=8987859593747354028;picked_device_all0=8987859593747354028;set_device_rc=0;build_rc=0;build_note=0=SUCCESS, else see OH_NN_ReturnCode;executor=ok;in_count=1;out_count=3;in0=name=input,dtype=FLOAT32,shape=[1x3x320x320];out0=name=948,dtype=FLOAT32,shape=[1x45x40x40];out1=name=1061,dtype=FLOAT32,shape=[1x45x20x20];out2=name=1174,dtype=FLOAT32,shape=[1x45x10x10];in_bytes=1228800;out_bytes=378000;run_tensors=1in/3out;run_rc=0;run_ms_each=4.934|4.073|5.407;o0_sum=-25055.3415;o0_argmax=28756;o0_max=6.5898;o1_sum=-11325.9309;o1_argmax=11231;o1_max=5.9961;o2_sum=-3700.2237;o2_argmax=2888;o2_max=5.0664;out_note=synthetic-input->argmax NOT meaningful;executor_destroyed=1;destroyed=1;
CANN TRY model=models/probe_om_rec.om size=5041253 ok=1;bytes=5041253;hiai_compat_code=0;hiai_compat_note=0=compatible,1=incompatible;construct=ok;picked_device=8987859593747354028;picked_device_all0=8987859593747354028;set_device_rc=0;build_rc=0;build_note=0=SUCCESS, else see OH_NN_ReturnCode;executor=ok;in_count=1;out_count=1;in0=name=data,dtype=FLOAT32,shape=[1x3x48x160];out0=name=output,dtype=FLOAT32,shape=[1x1x20x78];in_bytes=92160;out_bytes=6240;run_tensors=1in/1out;run_rc=0;run_ms_each=4.830|4.183|5.712;o0_sum=19.9978;o0_argmax=1326;o0_max=0.8359;out_note=synthetic-input->argmax NOT meaningful;executor_destroyed=1;destroyed=1;
CANN TRY model=models/probe_om_cls.om size=841728 ok=1;bytes=841728;hiai_compat_code=0;hiai_compat_note=0=compatible,1=incompatible;construct=ok;picked_device=8987859593747354028;picked_device_all0=8987859593747354028;set_device_rc=0;build_rc=0;build_note=0=SUCCESS, else see OH_NN_ReturnCode;executor=ok;in_count=1;out_count=1;in0=name=data,dtype=FLOAT32,shape=[1x3x96x96];out0=name=output,dtype=FLOAT32,shape=[1x3x1x1];in_bytes=110592;out_bytes=12;run_tensors=1in/1out;run_rc=0;run_ms_each=1.465|0.961|0.946;o0_sum=0.9981;o0_argmax=0;o0_max=0.9980;out_note=synthetic-input->argmax NOT meaningful;executor_destroyed=1;destroyed=1;
CANN TRY model=models/y5fu_320x_head_fp32.ms size=1847336 ok=1;bytes=1847336;hiai_compat_code=1;hiai_compat_note=0=compatible,1=incompatible;construct=ok;picked_device=8987859593747354028;picked_device_all0=8987859593747354028;set_device_rc=0;build_rc=1;build_note=0=SUCCESS, else see OH_NN_ReturnCode;destroyed=1;
CANN TRY model=models/rpv3_mdict_160_r3.ms size=4480304 ok=1;bytes=4480304;hiai_compat_code=1;hiai_compat_note=0=compatible,1=incompatible;construct=ok;picked_device=8987859593747354028;picked_device_all0=8987859593747354028;set_device_rc=0;build_rc=1;build_note=0=SUCCESS, else see OH_NN_ReturnCode;destroyed=1;
CANN TRY model=models/litemodel_cls_96x_r1.ms size=817432 ok=1;bytes=817432;hiai_compat_code=1;hiai_compat_note=0=compatible,1=incompatible;construct=ok;picked_device=8987859593747354028;picked_device_all0=8987859593747354028;set_device_rc=0;build_rc=1;build_note=0=SUCCESS, else see OH_NN_ReturnCode;destroyed=1;
